id,produzent,modell,typ,inch,controller,lift,date,notiz,cap,seek,cyl,hds,sec,cyl_l,hds_l,sec_l,pre,lnd,mtbf
1,ALPS,,DR311C,3.5,AT,,,,105,13,732,8,35,0,0,0,0,0,0
2,ALPS,,DR312C,3.5,AT,,,,211,13,527,16,49,0,0,0,0,0,0
3,ALPS,,DRND-10A,,MFM,,,,10,60,615,2,17,0,0,0,0,0,0
4,ALPS,,DRND-20A,,MFM,,,,20,60,615,4,17,0,0,0,0,0,0
5,ALPS,,DRPO-20A,,RLL,,,,0,60,615,2,26,0,0,0,0,0,0
6,ALPS,,DRPO-20D,,RLL,,,,20,60,615,2,26,0,0,0,0,0,0
7,AMPEX,,PYXIS-13,,MFM,,,,10,90,320,4,17,0,0,0,0,0,0
8,AMPEX,,PYXIS-20,,MFM,,,,15,90,320,6,17,0,0,0,0,0,0
9,AMPEX,,PYXIS-27,,MFM,,,,20,90,320,8,17,0,0,0,0,0,0
10,AMPEX,,PYXIS-7,,MFM,,,,5,90,320,2,17,0,0,0,0,0,0
11,AREAL,,"A 120",2.5,AT,,,,130,15,535,10,50,0,0,0,0,0,0
12,AREAL,,"A 180",2.5,AT,,,,174,15,715,10,50,0,0,0,0,0,0
13,AREAL,,"A 260",2.5,AT,,,,248,15,757,10,60,0,0,0,0,0,0
14,AREAL,,MD2085,2.5,AT,,,,81,16,705,14,17,0,0,0,0,0,0
15,"AREAL TECH",,A-120,2.5,,Y,,,120,15,0,0,0,0,0,0,0,0,100
16,"AREAL TECH",,BP-100,2.5,SCSI,Y,,,100,0,0,0,0,0,0,0,0,0,0
17,"AREAL TECH",,MD-2050,2.5,AT,,,,49,28,819,0,0,0,0,0,0,0,0
18,"AREAL TECH",,MD-2060,2.5,IDE,Y,,,62,22,1024,2,60,0,0,0,0,0,45
19,"AREAL TECH",,MD-2100,2.5,,Y,,,100,29,0,0,0,0,0,0,0,0,0
20,ATASI,,6120,5.2,ESDI,Y,,,1051,14,1925,15,71,0,0,0,0,0,150
21,ATASI,,676,5.2,ESDI,Y,,,765,16,1632,15,54,0,0,0,0,0,0
22,ATASI,,"AT 3020",,MFM,N,1992-12-10,,16,0,645,3,17,0,0,0,0,634,0
23,ATASI,,"AT 3030",5.2,MFM,,,,28,0,645,5,17,0,0,0,323,645,0
24,ATASI,,"AT 3033",5.2,,N,,,26,28,645,5,17,0,0,0,0,634,0
25,ATASI,,"AT 3036",5.2,,,1992-12-10,,30,0,0,0,0,0,0,0,0,0,0
26,ATASI,,"AT 3046",5.2,,N,,,38,0,645,7,17,0,0,0,323,644,0
27,ATASI,,"AT 3051",5.2,,N,1990-08-23,,41,0,704,7,17,0,0,0,352,703,0
28,ATASI,,"AT 3051+",,,N,,,43,0,733,7,17,0,0,0,368,732,0
29,ATASI,,"AT 3053",5.2,,N,,,44,0,733,7,17,0,0,0,365,732,0
30,ATASI,,"AT 3058",,MFM,,,,67,0,1024,8,17,0,0,0,0,0,0
31,ATASI,,"AT 3065",,MFM,,,,54,0,900,7,17,0,0,0,352,0,0
32,ATASI,,"AT 3075",5.2,MFM,,,,67,0,1024,8,17,0,0,0,0,0,0
33,ATASI,,"AT 3085",5.2,,N,,,68,0,1024,8,17,0,0,0,,1023,0
34,ATASI,,"AT 3128",,,N,,,104,0,1024,8,26,0,0,0,,1023,0
35,ATTO,,"SILICON DISK+",,SCSI,,,,128,1,0,0,0,0,0,0,0,0,0
36,BASF,,6182,5.2,MFM,,1992-12-10,,5,0,153,4,17,0,0,0,64,0,11
37,BASF,,6183,FH5,MFM,,1992-12-10,,8,0,153,6,17,0,0,0,64,0,11
38,BASF,,6184,FH5,MFM,,1992-12-10,,11,0,230,6,17,0,0,0,64,0,11
39,BASF,,6185,FH5,MFM,+,1992-12-10,,22,18,440,6,17,0,0,0,128,0,11
40,BASF,,6186,FH5,MFM,+,1992-12-10,,14,18,440,4,17,0,0,0,128,0,11
41,BASF,,6187,,MFM,,,,7,0,440,2,17,0,0,0,220,0,0
42,BASF,,6188,HH5,MFM,+,1992-12-10,,12,88,360,4,17,0,0,0,128,0,11
45,BASF,,6188-R1,HH5,MFM,+,1992-12-10,,10,88,616,2,17,0,0,0,0,0,15
46,BASF,,6188-R3,HH5,MFM,+,1992-12-10,,20,88,616,4,17,0,0,0,380,0,15
43,BASF,,"6188R 12",5H,MFM,J,,,10,88,616,2,17,0,0,0,,615,15
44,BASF,,"6188R 25",5H,MFM,J,,,21,88,616,4,17,0,0,0,,615,15
47,BASF,,6192,5F,MFM,J,,,43,30,1024,5,17,0,0,0,,1023,12
48,BASF,,6193,5F,MFM,J,,,60,30,1024,7,17,0,0,0,,1023,12
49,BASF,,6194,5F,MFM,J,,,77,30,1024,9,17,0,0,0,,1023,12
50,BASF,,6195,5F,MFM,J,,,68,30,1024,8,17,0,0,0,,1023,12
51,"BRAND TECH",,BT8085,,MFM,,,,67,0,1024,8,17,0,0,0,0,0,0
52,"BRAND TECH",,BT8128,,RLL,,,,109,0,1024,8,26,0,0,0,0,0,0
53,"BRAND TECH",,BT8170,,ESDI,,,,142,0,1024,8,34,0,0,0,0,0,0
54,BULL,,D530,,,N,,,30,0,987,3,17,0,0,0,987,986,0
55,BULL,,D550,,,N,,,43,0,987,5,17,0,0,0,987,986,0
56,BULL,,D570,,,N,,,70,0,987,7,17,0,0,0,987,986,0
57,BULL,,D585,,,N,,,85,0,1166,7,17,0,0,0,1166,1165,0
387,"C. ITOH",,YD-3042,,SCSI,,,,43,26,788,4,0,0,0,0,0,0,0
388,"C. ITOH",,YD-3082,,SCSI,,,,87,26,788,8,0,0,0,0,0,0,0
389,"C. ITOH",,YD-3530,,MFM,,,,32,0,731,5,17,0,0,0,0,0,0
390,"C. ITOH",,YD-3540,,MFM,,,,0,26,731,7,17,0,0,0,0,0,0
58,CARDIFF,,F-3053,3.5,MFM,,,,44,20,1024,5,17,0,0,0,0,0,0
59,CARDIFF,,F-3080,3.5,SCSI,,,,68,20,1024,5,26,0,0,0,0,0,0
60,CARDIFF,,F-3080E,3.5,ESDI,,,,68,20,1024,5,26,0,0,0,0,0,0
61,CARDIFF,,F-3080S,3.5,SCSI,,,,68,20,1024,5,26,0,0,0,0,0,0
62,CARDIFF,,F-3127E,3.5,ESDI,,,,109,20,1024,5,35,0,0,0,0,0,0
63,CARDIFF,,F-3127S,3.5,SCSI,,,,109,20,1024,5,35,0,0,0,0,0,0
64,CDC,,1230,8,SMD,,,,1236,16,1636,15,0,0,0,0,0,0,0
65,CDC,,368,8,SMD,,,,368,18,1217,10,0,0,0,0,0,0,0
66,CDC,,500,8,SMD,,,,500,18,1217,10,0,0,0,0,0,0,0
67,CDC,,736,8,SMD,,,,741,16,1635,15,0,0,0,0,0,0,7
68,CDC,,77731608,5.2,MFM,,,,27,0,671,5,17,0,0,0,128,0,0
69,CDC,,77731613,5.2,MFM,,,,30,0,734,5,17,0,0,0,128,0,0
70,CDC,,77731614,5.2,MFM,,,,22,36,671,4,17,0,0,0,128,0,0
71,CDC,,850,8,SMD,,,,851,16,1381,15,0,0,0,0,0,0,0
72,CDC,,94151-138,5.2,SCSI,Y,,,138,17,969,8,35,0,0,0,0,0,0
73,CDC,,94151-25,5.2,SASI,,,,25,0,921,3,36,0,0,0,0,0,0
74,CDC,,94151-27,5.2,SASI,,,,27,0,921,3,19,0,0,0,0,0,0
75,CDC,,94151-42,5.2,SASI,,,,42,0,921,5,36,0,0,0,0,0,0
76,CDC,,94151-44,5.2,SASI,,,,44,0,921,5,19,0,0,0,0,0,0
77,CDC,,94151-59,5.2,SASI,,,,59,0,921,7,36,0,0,0,0,0,0
78,CDC,,94151-62,5.2,SASI,,,,62,0,921,7,19,0,0,0,0,0,0
79,CDC,,94151-76,5.2,SASI,,,,76,0,921,9,36,0,0,0,0,0,0
80,CDC,,94151-80,5.2,SASI,,,,80,0,921,9,19,0,0,0,0,0,0
81,CDC,,94155-120,,MFM,,,,63,28,960,8,17,0,0,0,0,0,0
82,CDC,,94155-130,5.2,RLL,,,,122,0,1024,9,26,0,0,0,128,0,0
83,CDC,,94155-135,,RLL,,,,109,28,960,9,26,0,0,0,0,0,0
84,CDC,,94155-135P,,MFM,,,,71,28,960,9,17,0,0,0,0,0,0
85,CDC,,94155-19,,MFM,,,,17,0,697,3,17,0,0,0,128,0,0
86,CDC,,94155-21,,MFM,,1992-12-10,,18,0,697,3,17,0,0,0,0,0,0
87,CDC,,94155-25,,MFM,,,,20,0,615,4,17,0,0,0,128,0,0
88,CDC,,94155-28,,MFM,,,,23,0,697,4,17,0,0,0,128,0,0
89,CDC,,94155-36,,MFM,,1992-12-10,,30,0,697,5,17,0,0,0,0,0,0
90,CDC,,94155-38,,MFM,,1992-12-10,,32,0,733,5,17,0,0,0,0,0,0
91,CDC,,94155-48,,MFM,,1992-12-10,,40,28,925,5,17,0,0,0,0,0,0
92,CDC,,94155-51,,,,,,43,0,989,5,17,0,0,0,0,0,0
93,CDC,,94155-57,FH5,MFM,,1992-12-10,,48,0,925,6,17,0,0,0,0,0,0
94,CDC,,94155-67,FH5,MFM,,1992-12-10,,56,0,925,7,17,0,0,0,0,0,0
95,CDC,,94155-77,FH5,MFM,,1992-12-10,,64,0,925,8,17,0,0,0,0,0,0
96,CDC,,94155-85,,MFM,,,,68,28,1024,8,17,0,0,0,0,0,0
97,CDC,,94155-85P,,MFM,,,,68,28,1024,8,17,0,0,0,0,0,0
98,CDC,,94155-86,,MFM,,,,69,28,925,9,17,0,0,0,128,0,0
99,CDC,,94155-86,FH5,MFM,,1992-12-10,,72,28,925,9,17,0,0,0,0,0,0
100,CDC,,94155-96,,MFM,,,,76,28,1024,9,17,0,0,0,0,0,0
101,CDC,,94155-96P,,MFM,,,,76,28,1024,9,17,0,0,0,0,0,0
102,CDC,,94156-48,,ESDI,,,,0,28,925,5,0,0,0,0,0,0,0
103,CDC,,94156-67,,ESDI,,,,0,0,925,6,0,0,0,0,0,0,0
104,CDC,,94156-72,,MFM,,,,0,0,925,9,17,0,0,0,0,0,0
105,CDC,,94156-86,,ESDI,,,,0,0,925,9,0,0,0,0,0,0,0
106,CDC,,9415X-21,,,,,,36,0,697,3,35,0,0,0,0,0,0
107,CDC,,9415X-36,,SCSI,,,,60,0,697,5,35,0,0,0,0,0,0
108,CDC,,9415X-48,,,,,,38,0,925,5,0,0,0,0,0,0,0
109,CDC,,9415X-57,,,,,,46,0,925,6,0,0,0,0,0,0,0
110,CDC,,9415X-67,,,,,,53,0,925,7,0,0,0,0,0,0,0
111,CDC,,9415X-77,,,,,,61,0,925,8,0,0,0,0,0,0,0
112,CDC,,9415X-86,,,,,,72,28,925,9,0,0,0,0,0,0,0
113,CDC,,94161-103,5.2,SCSI,,,,103,17,969,6,35,0,0,0,0,0,0
114,CDC,,94161-121,,SCSI,,,,0,16,969,0,0,0,0,0,0,0,0
115,CDC,,94161-141,5.2,SCSI,Y,,,117,17,969,7,34,0,0,0,0,0,0
116,CDC,,94161-155,2.5,SCSI,Y,,,151,17,969,9,34,0,0,0,0,0,0
117,CDC,,94161-182,FH5,ESDI,,1992-12-10,,160,0,969,9,0,0,0,0,0,0,0
118,CDC,,94161-86,,SCSI,,,,0,16,969,0,0,0,0,0,0,0,0
119,CDC,,94166-101,FH5,SCSI,,1992-12-10,,84,17,969,5,34,0,0,0,0,0,0
120,CDC,,94166-103,5.2,ESDI,Y,,,104,17,969,6,35,0,0,0,0,0,0
121,CDC,,94166-121,5.2,ESDI,Y,,,107,17,969,7,36,0,0,0,0,0,0
122,CDC,,94166-138,5.2,ESDI,Y,,,138,17,969,8,35,0,0,0,0,0,0
123,CDC,,94166-141,5.2,ESDI,,,,125,16,969,7,36,0,0,0,0,0,0
124,CDC,,94166-141,FH5,SCSI,,1992-12-10,,118,17,969,7,34,0,0,0,0,0,0
125,CDC,,94166-161,5.2,ESDI,Y,,,142,17,969,8,36,0,0,0,0,0,0
126,CDC,,94166-182,FH5,SCSI,,1992-12-10,,152,17,969,9,0,0,0,0,0,0,0
127,CDC,,94166-86,5.2,ESDI,,,,86,17,969,5,35,0,0,0,0,0,0
128,CDC,,94171-300,,SCSI,,,,0,16,1365,9,0,0,0,0,0,0,0
129,CDC,,94171-307,5.2,SCSI,Y,,,270,0,1412,9,0,0,0,0,0,0,0
130,CDC,,94171-327,5.2,SCSI,Y,,,300,0,1412,9,0,0,0,0,0,0,0
131,CDC,,94171-344,,SCSI,,,,0,17,1549,9,0,0,0,0,0,0,0
132,CDC,,94171-350,5.2,SCSI,Y,,,307,17,1549,9,0,0,0,0,0,0,100
133,CDC,,94171-375,5.2,SCSI,Y,,,330,16,1549,9,0,0,0,0,0,0,0
134,CDC,,94171-376,5.2,SCSI,Y,,,330,18,1549,9,0,0,0,0,0,0,100
135,CDC,,94181-385,FH5,SCSI,,1992-12-10,,337,11,0,15,0,0,0,0,0,0,0
136,CDC,,94181-574,,SCSI,,,,0,16,1549,15,0,0,0,0,0,0,0
137,CDC,,94181-702,5.2,ESDI,Y,,,660,16,1549,15,0,0,0,0,0,0,0
138,CDC,,94181-702,5.2,SCSI,Y,,,613,17,1549,15,0,0,0,0,0,0,100
139,CDC,,94186-265,FH5,ESDI,,1992-12-10,,221,0,1412,9,34,0,0,0,0,0,0
140,CDC,,94186-321,FH5,EDSI,,1992-12-10,,270,0,1412,11,34,0,0,0,0,0,0
141,CDC,,94186-324,5.2,ESDI,Y,,,286,0,1412,11,36,0,0,0,0,0,0
142,CDC,,94186-383,FH5,ESDI,,1992-12-10,,320,18,1412,13,34,0,0,0,0,0,0
143,CDC,,94186-383,5.2,ESDI,Y,,,328,18,1412,13,0,0,0,0,0,0,100
144,CDC,,94186-383,5.2,SCSI,Y,,,330,20,1412,13,0,0,0,0,0,0,0
145,CDC,,94186-383H,FH5,ESDI,,1992-12-10,,320,15,1224,15,34,0,0,0,0,0,0
146,CDC,,94186-442,5.2,ESDI,Y,,,373,16,1412,15,0,0,0,0,0,0,100
147,CDC,,94186-442,FH5,ESDI,,1992-12-10,,369,16,1412,15,34,0,0,0,0,0,0
148,CDC,,94186-442,5.2,SCSI,Y,,,373,16,1412,15,0,0,0,0,0,0,0
149,CDC,,94191-766,5.2,SCSI,Y,,,676,17,1632,15,0,0,0,0,0,0,100
150,CDC,,94196-766,5.2,ESDI,Y,,,676,17,1632,15,0,0,0,0,0,0,100
151,CDC,,94204-65,,MFM,,,,62,28,941,8,17,0,0,0,0,0,0
152,CDC,,94204-71,,MFM,,,,68,28,1024,8,17,0,0,0,0,0,0
153,CDC,,94204-74,5.2,IDE,Y,,,65,28,941,5,0,0,0,0,0,0,40
154,CDC,,94204-81,5.2,IDE,Y,,,71,28,1024,5,0,0,0,0,0,0,40
155,CDC,,94205-30,5,MFM,,,,30,0,989,3,17,0,0,0,0,0,0
156,CDC,,94205-41,5.2,MFM,,,,34,28,989,4,17,0,0,0,0,0,0
157,CDC,,94205-51,,MFM,,1992-12-10,,43,0,989,5,17,0,0,0,0,0,0
158,CDC,,94205-53,5.2,MFM,Y,,,44,28,1024,5,17,0,0,0,0,0,0
159,CDC,,94205-77,,RLL,,,,62,28,989,5,26,0,0,0,0,0,0
160,CDC,,94208-75,5.2,IDE,Y,,,60,30,966,5,0,0,0,0,0,0,0
161,CDC,,9420X-51,,,,,,41,0,989,5,0,0,0,0,0,0,0
162,CDC,,94211-106,5.2,SCSI,,,,91,18,1024,5,0,0,0,0,0,0,0
163,CDC,,94211-209,,SCSI,,,,0,18,1547,5,0,0,0,0,0,0,0
164,CDC,,94211-91,,SCSI,,,,91,16,969,5,0,0,0,0,0,0,0
165,CDC,,94216-106,5.2,ESDI,,,,94,16,1024,5,0,0,0,0,0,0,0
166,CDC,,94221-125,5.2,SCSI,Y,,,110,18,0,3,0,0,0,0,0,0,100
167,CDC,,94221-169,5.2,SCSI,Y,,,158,0,1310,5,0,0,0,0,0,0,0
168,CDC,,94221-184,5.2,SCSI,Y,,,160,0,0,0,0,0,0,0,0,0,0
169,CDC,,94221-190,,SCSI,,,,0,8,1547,5,0,0,0,0,0,0,0
170,CDC,,94221-209,5.2,SCSI,Y,,,183,18,1548,5,0,0,0,0,0,0,100
171,CDC,,94241-383,5.2,SCSI,Y,,,338,14,0,7,0,0,0,0,0,0,100
172,CDC,,94241-502,5.2,SCSI,Y,,,440,16,0,7,0,0,0,0,0,0,100
173,CDC,,94244-164,5.2,IDE,Y,,,144,16,1747,3,54,0,0,0,0,0,0
174,CDC,,94244-219,5.2,IDE,Y,,,193,16,1747,4,54,0,0,0,0,0,100
175,CDC,,94244-383,5.2,IDE,Y,,,337,16,1747,7,0,0,0,0,0,0,100
176,CDC,,94244-502,5.2,IDE,Y,,,500,0,0,0,0,0,0,0,0,0,0
177,CDC,,94246-182,5.2,ESDI,Y,,,160,15,1453,4,54,0,0,0,0,0,100
178,CDC,,94246-383,5.2,ESDI,Y,,,337,15,1748,7,0,0,0,0,0,0,100
179,CDC,,94295-51,,MFM,,,,41,28,989,5,17,0,0,0,990,0,0
180,CDC,,94295-51,5.2,MFM,Y,,,43,28,989,5,17,0,0,0,0,0,0
181,CDC,,94311-136,3.5,SCSI,,,,120,15,0,5,0,0,0,0,0,0,70
182,CDC,,94311-136S,3.5,SCSI2,Y,,,120,15,0,5,0,0,0,0,0,0,70
183,CDC,,94314-136,3.5,IDE,Y,,,120,15,0,5,0,0,0,0,0,0,70
184,CDC,,94316-111,3.5,ESDI,,,,98,23,1072,5,0,0,0,0,0,0,70
185,CDC,,94316-136,3.5,ESDI,Y,,,120,15,0,5,0,0,0,0,0,0,70
186,CDC,,94316-155,3.5,ESDI,Y,,,138,15,1072,7,0,0,0,0,0,0,70
187,CDC,,94316-200,3.5,ESDI,Y,,,177,15,1072,9,0,0,0,0,0,0,99
188,CDC,,94335-100,,MFM,,,,80,15,1072,9,17,0,0,0,0,0,0
189,CDC,,94335-150,,RLL,,,,122,25,1072,9,26,0,0,0,0,0,0
190,CDC,,94335-55,,MFM,,,,44,25,1072,5,17,0,0,0,0,0,0
191,CDC,,94351-111,3.5,SCSI,Y,,,98,15,1068,5,0,0,0,0,0,0,70
192,CDC,,94351-126,3.5,SCSI,J,,,111,15,1068,7,36,0,0,0,0,0,70
193,CDC,,94351-128,,SCSI,,,,131,0,1068,7,36,0,0,0,0,0,0
194,CDC,,94351-133S,3.5,SCSI2,Y,,,116,15,1268,5,0,0,0,0,0,0,70
195,CDC,,94351-134,3.5,SCSI,,,,131,15,1068,7,36,0,0,0,0,0,0
196,CDC,,94351-155,3.5,SCSI,Y,,,138,15,1068,7,0,0,0,0,0,0,0
197,CDC,,94351-155S,3.5,SCSI2,Y,,,138,15,1068,7,0,0,0,0,0,0,70
198,CDC,,94351-160,3.5,SCSI,,,,168,15,1068,9,36,0,0,0,0,0,0
199,CDC,,94351-172,3.5,SCSI,,,,168,16,1068,9,36,0,0,0,0,0,0
200,CDC,,94351-186S,3.5,SCSI2,Y,,,163,15,1268,7,0,0,0,0,0,0,70
201,CDC,,94351-200,3.5,SCSI,,,,168,15,1068,9,36,0,0,0,0,0,0
202,CDC,,94351-200S,3.5,SCSI,,,,168,15,1068,9,36,0,0,0,0,0,0
203,CDC,,94351-230S,3.5,SCSI,,,,210,15,1272,9,36,0,0,0,0,0,0
204,CDC,,94354-111,3.5,IDE,Y,,,98,15,1072,5,0,0,0,0,0,0,70
205,CDC,,94354-126,3,ESDI,,,,111,15,1072,7,29,0,0,0,0,0,0
206,CDC,,94354-133,3.5,IDE,Y,,,117,15,1272,5,29,0,0,0,0,0,70
207,CDC,,94354-155,3.5,IDE,Y,,,138,15,1072,7,29,0,0,0,0,0,70
208,CDC,,94354-160,3,ESDI,,,,143,15,1072,9,29,0,0,0,0,0,0
209,CDC,,94354-186,3.5,IDE,Y,,,164,15,1272,7,0,0,0,0,0,0,70
210,CDC,,94354-200,3,ESDI,,,,177,15,1072,9,36,0,0,0,0,0,0
211,CDC,,94354-230,3,ESDI,,,,211,15,1272,9,36,0,0,0,0,0,0
212,CDC,,94355-100,3.5,MFM,,1992-12-10,,84,15,1072,9,17,0,0,0,0,0,0
213,CDC,,94355-150,3.5,RLL,Y,,,133,15,1072,9,28,0,0,0,0,0,70
214,CDC,,94355-55,3.5,MFM,,,,46,17,0,5,17,0,0,0,0,0,0
215,CDC,,94356-111,3.5,ESDI,,,,98,15,1072,5,34,0,0,0,0,0,0
216,CDC,,94356-155,3.5,ESDI,,,,138,15,1072,7,34,0,0,0,0,0,0
217,CDC,,94356-200,,ESDI,,,,190,18,1272,9,34,0,0,0,0,0,0
218,CDC,,94601-12G,5.2,SCSI,,,,1050,15,0,15,0,0,0,0,0,0,100
219,CDC,,94601-767,5.2,SCSI,Y,,,676,12,0,15,0,0,0,0,0,0,100
220,CDC,,95155-92,5.2,MFM,Y,,,77,28,989,9,17,0,0,0,0,0,40
221,CDC,,9720-1230,,,,,,0,16,1635,15,0,0,0,0,0,0,0
222,CDC,,9720-368,,,,,,0,18,1217,10,0,0,0,0,0,0,0
223,CDC,,9720-500,,,,,,0,18,1217,10,0,0,0,0,0,0,0
224,CDC,,9720-736,,,,,,0,16,1635,15,0,0,0,0,0,0,0
225,CDC,,9720-850,,,,,,0,16,1381,15,0,0,0,0,0,0,0
226,CDC,,97500-12G,5.2,SMD,,,,1050,12,0,17,0,0,0,0,0,0,100
227,CDC,,97501-15G,5.2,SCSI2,,,,1350,12,0,17,0,0,0,0,0,0,100
228,CDC,,97509-12G,5.2,IPI-2,,,,1050,12,0,17,0,0,0,0,0,0,100
229,"CENTURY DATA",,CAST-10203E,5.2,ESDI,,,,55,28,1050,3,35,0,0,0,0,0,0
230,"CENTURY DATA",,CAST-10203S,5.2,SCSI,,,,55,28,1050,3,35,0,0,0,0,0,0
231,"CENTURY DATA",,CAST-10304E,5.2,ESDI,,,,75,28,1050,4,35,0,0,0,0,0,0
232,"CENTURY DATA",,CAST-10304S,5.2,SCSI,,,,75,28,1050,4,35,0,0,0,0,0,0
233,"CENTURY DATA",,CAST-10305E,5.2,ESDI,,,,94,28,1050,5,35,0,0,0,0,0,0
234,"CENTURY DATA",,CAST-10305S,5.2,SCSI,,,,94,28,1050,5,35,0,0,0,0,0,0
235,"CENTURY DATA",,CAST-14404E,5.2,ESDI,,,,114,25,1590,4,35,0,0,0,0,0,0
236,"CENTURY DATA",,CAST-14404S,5.2,SCSI,,,,114,25,1590,4,35,0,0,0,0,0,0
237,"CENTURY DATA",,CAST-14405E,5.2,ESDI,,,,140,25,1590,5,35,0,0,0,0,0,0
238,"CENTURY DATA",,CAST-14405S,5.2,SCSI,,,,140,25,1590,5,35,0,0,0,0,0,0
239,"CENTURY DATA",,CAST-14406E,5.2,ESDI,,,,170,25,1590,6,35,0,0,0,0,0,0
240,"CENTURY DATA",,CAST-14406S,5.2,SCSI,,,,170,25,1590,6,35,0,0,0,0,0,0
241,"CENTURY DATA",,CAST-24509E,5.2,ESDI,,,,258,18,1599,9,35,0,0,0,0,0,0
242,"CENTURY DATA",,CAST-24509S,5.2,SCSI,,,,258,18,1599,9,35,0,0,0,0,0,0
243,"CENTURY DATA",,CAST-24611E,5.2,ESDI,,,,315,18,1599,11,35,0,0,0,0,0,0
244,"CENTURY DATA",,CAST-24611S,5.2,SCSI,,,,315,18,1599,11,35,0,0,0,0,0,0
245,"CENTURY DATA",,CAST-24713E,5.2,ESDI,,,,372,18,1599,13,35,0,0,0,0,0,0
246,"CENTURY DATA",,CAST-24713S,5.2,SCSI,,,,372,18,1599,13,35,0,0,0,0,0,0
247,CMI,,5018H,5.2,MFM,,,,15,85,0,0,17,0,0,0,0,0,0
248,CMI,,CM10E,,MFM,,,,10,0,650,2,17,0,0,0,256,0,0
249,CMI,,CM15C,,MFM,,,,15,0,305,6,17,0,0,0,256,0,0
250,CMI,,CM20E,,MFM,,,,20,0,650,4,17,0,0,0,256,0,0
251,CMI,,CM30E,,MFM,,,,30,0,650,6,17,0,0,0,256,0,0
252,CMI,,CM3206,,MFM,,,,10,0,306,4,17,0,0,0,0,0,0
253,CMI,,CM3426,5.2,,N,,,21,85,612,4,17,0,0,0,0,611,0
254,CMI,,CM5205,5.2,,N,,,4,0,256,2,17,0,0,0,0,255,0
255,CMI,,CM5206,5.2,MFM,,,,5,0,306,2,17,0,0,0,128,0,0
256,CMI,,CM5410,5.2,,N,,,8,0,256,4,17,0,0,0,0,255,0
257,CMI,,CM5412,5.2,MFM,,,,10,85,306,4,17,0,0,0,128,0,0
258,CMI,,CM5616,5.2,,N,,,12,0,256,6,17,0,0,0,0,255,0
259,CMI,,CM5619,5.2,MFM,,,,15,85,306,6,17,0,0,0,128,0,0
260,CMI,,CM5826,,MFM,,,,20,0,306,8,17,0,0,0,0,0,0
261,CMI,,CM6213,5.2,MFM,,,,10,0,640,2,17,0,0,0,256,0,0
262,CMI,,CM6426,5.2,MFM,N,1992-12-10,,20,39,615,4,17,0,0,0,300,614,0
263,CMI,,CM6426S,5.2,,N,,,21,0,640,4,17,0,0,0,0,639,0
264,CMI,,CM6626,,MFM,,,,21,0,640,4,17,0,0,0,256,0,0
265,CMI,,CM6640,5.2,MFM,N,1992-12-10,,31,39,615,6,17,0,0,0,300,614,0
266,CMI,,CM7660,5.2,,N,,,49,0,960,6,17,0,0,0,0,959,0
267,CMI,,CM7880,5.2,,N,,,65,0,960,8,17,0,0,0,0,959,0
268,CMS,,F115ESDI-T,5.2,ESDI,Y,,,114,30,0,0,0,0,0,0,0,0,25
269,CMS,,F150AT-CA,5.2,ESDI,Y,,,150,17,0,0,0,0,0,0,0,0,40
270,CMS,,F150AT-WCA,5.2,ESDI,Y,,,150,17,0,0,0,0,0,0,0,0,40
271,CMS,,F150EQ-WCA,5.2,,Y,,,150,17,0,0,0,0,0,0,0,0,40
272,CMS,,F320AT-CA,5.2,ESDI,Y,,,320,15,0,0,0,0,0,0,0,0,40
273,CMS,,F70ESDI-T,5.2,ESDI,Y,,,73,30,0,0,0,0,0,0,0,0,25
274,CMS,,"H330E1 PS EXPR.",5.2,ESDI,,,,330,14,1780,7,54,0,0,0,0,0,150
275,CMS,,"H340E1 EXPR.",5.2,ESDI,,,,340,14,1780,7,54,0,0,0,0,0,150
276,CMS,,K40,5,MFM,,,,43,0,1024,5,17,0,0,0,1024,0,0
277,CMS,,K60,5,MFM,,,,60,0,1024,7,17,0,0,0,1024,0,0
278,CMS,,K70,5,MFM,,,,71,0,1024,8,17,0,0,0,1024,0,0
279,CMS,,K80,5,MFM,,,,82,0,1024,9,17,0,0,0,1024,0,0
280,CMS,,"PSEXPRESS 150",5.2,ESDI,Y,,,150,17,0,0,0,0,0,0,0,0,40
281,CMS,,"PSEXPRESS 320",5.2,ESDI,Y,,,320,16,0,0,0,0,0,0,0,0,40
282,COGITO,,"CG 906",5.2,MFM,,,,5,0,306,2,17,0,0,0,128,0,0
283,COGITO,,"CG 912",5.2,MFM,,,,11,0,306,4,17,0,0,0,128,0,0
284,COGITO,,"CG 925",,MFM,,,,0,0,612,4,17,0,0,0,0,0,0
285,COGITO,,"PT 912",,MFM,,,,11,0,612,2,17,0,0,0,307,0,0
286,COGITO,,"PT 925",,MFM,,,,21,0,612,4,17,0,0,0,307,0,0
287,CONNER,,"CP-2020 KATO",2.5,SCSI,Y,,,21,23,0,2,0,0,0,0,0,0,0
288,CONNER,,CP-2022,2.5,XT,+,1992-12-10,,21,23,653,2,32,0,0,0,0,0,40
289,CONNER,,CP-2024,2.5,AT,+,1992-12-10,,21,23,653,2,32,0,0,0,0,0,40
290,CONNER,,"CP-2034 PANCHO",2.5,IDE,Y,,,32,19,823,2,38,0,0,0,0,0,0
291,CONNER,,"CP-2044 PANCHO",2.5,IDE,Y,,,42,19,548,4,38,0,0,0,0,0,0
292,CONNER,,CP-2060,,IDE,,,,61,19,823,4,38,0,0,0,0,0,0
293,CONNER,,"CP-2064 PANCHO",2.5,IDE,Y,,,64,19,823,4,38,0,0,0,0,0,0
294,CONNER,,CP-2064E,2.5,AT,,,,60,15,977,4,38,0,0,0,0,0,0
295,CONNER,,CP-2084,2.5,AT,,,,80,19,548,8,38,0,0,0,0,0,0
296,CONNER,,CP-2088,2.5,AT,,,,80,19,548,8,38,0,0,0,0,0,0
297,CONNER,,CP-2124,2.5,AT,,,,120,17,762,8,39,0,0,0,0,0,0
298,CONNER,,CP-3000,,IDE,,,,40,0,1045,2,40,980,5,17,0,0,0
299,CONNER,,CP-30064,,IDE,,,,58,0,1524,2,39,762,4,39,0,0,0
300,CONNER,,"CP-30080 HOPI",3.5,SCSI,Y,,,84,19,0,4,0,0,0,0,0,0,0
301,CONNER,,CP-30084E,3.5,AT,,,,80,17,1086,2,46,0,0,0,0,0,0
302,CONNER,,CP-30100,3.5,SCSI,+,1992-12-10,,120,19,1522,4,39,761,8,39,0,0,40
303,CONNER,,CP-30104,3.5,AT,+,1992-12-10,,120,19,1522,4,39,762,8,39,0,0,40
304,CONNER,,CP-30104H,3.5,AT,,,,114,19,1522,4,39,761,8,39,0,0,0
305,CONNER,,CP-30109,3.5,MCA,+,1992-12-10,,120,19,1522,4,39,761,8,39,0,0,40
306,CONNER,,CP-30174E,3.5,AT,,,,170,17,1806,4,46,0,0,0,0,0,0
307,CONNER,,CP-3020,3H,SCSI,J,,,21,27,636,2,33,0,0,0,,635,20
308,CONNER,,CP-30200,,SCSI,,,,203,12,2124,4,49,0,0,0,0,0,0
309,CONNER,,CP-30204,3.5,AT,,,,212,12,2124,4,49,683,16,38,0,0,0
310,CONNER,,CP-3022,3.5,AT,+,1992-12-10,,21,27,636,2,33,0,0,0,0,0,20
311,CONNER,,CP-3024,3H,AT-BUS,J,,,21,27,636,2,33,615,4,17,,635,20
312,CONNER,,CP-30254,3.5,AT,,,,250,14,723,13,51,0,0,0,0,0,0
313,CONNER,,CP-3040,3H,SCSI,J,,,43,25,1026,2,40,0,0,0,,1046,20
314,CONNER,,CP-3044,3H,AT-BUS,J,,,43,25,1047,2,41,980,5,17,,1046,20
315,CONNER,,CP-30544,3.5,AT,,,,540,10,1023,16,63,0,0,0,0,0,0
316,CONNER,,CP-3100,3H,SCSI,J,,,105,25,776,8,33,0,0,0,,775,20
317,CONNER,,CP-3102,3H,AT-BUS,J,,,105,25,776,8,34,0,0,0,,775,20
318,CONNER,,CP-3102B,,RLL,,,,75,26,772,8,25,0,0,0,0,0,0
319,CONNER,,CP-3104,3H,AT-BUS,J,,,105,25,776,8,33,776,6,33,,775,20
320,CONNER,,CP-3111,3.5,IDE,Y,,,104,25,776,8,33,0,0,0,0,0,50
321,CONNER,,CP-3114,3,AT,,,,112,25,832,8,33,832,8,33,0,0,0
322,CONNER,,CP-3180,3.5,SCSI,+,1992-12-10,,104,25,832,6,33,0,0,0,0,0,0
323,CONNER,,CP-3184,3.5,AT,+,1992-12-10,,83,25,832,6,33,1024,9,17,0,0,0
324,CONNER,,CP-3200,3H,SCSI,J,,,210,19,1366,8,38,0,0,0,,1347,20
325,CONNER,,CP-3200F,3.5,SCSI,,1992-12-10,,213,16,1366,8,38,0,0,0,0,0,20
326,CONNER,,CP-3204,3H,AT-BUS,J,,,210,19,1348,8,38,683,16,38,,1347,20
327,CONNER,,CP-3204F,3.5,AT,+,1992-12-10,,213,16,1366,8,38,683,16,38,0,0,20
328,CONNER,,CP-321,3.5,AT,+,1992-12-10,,21,29,805,2,26,0,0,0,0,0,20
329,CONNER,,CP-3360,3.5,SCSI,,,,360,12,1807,8,49,0,0,0,0,0,0
330,CONNER,,CP-3364,3.5,AT,,,,360,12,1808,8,49,702,16,63,0,0,0
331,CONNER,,CP-340,3H,SCSI,J,,,40,29,788,4,26,0,0,0,,787,20
332,CONNER,,CP-341,3.5,AT,+,1992-12-10,,42,29,805,4,26,0,0,0,0,0,20
333,CONNER,,CP-342,3H,AT-BUS,J,,,43,29,805,4,26,0,0,0,,804,20
334,CONNER,,CP-343,3.5,IDE,Y,,,42,29,805,4,26,0,0,0,0,0,0
335,CONNER,,CP-344,3H,AT-BUS,J,,,43,29,805,4,26,0,0,0,,804,20
336,CONNER,,CP-3500,3.5,SCSI,Y,,,510,12,0,12,0,0,0,0,0,0,100
337,CONNER,,CP-3504,3.5,IDE,Y,,,510,12,987,16,63,0,0,0,0,0,100
338,CONNER,,CP-3544,3.5,AT,,,,540,12,1808,12,49,1024,16,63,0,0,0
339,CONNER,,CP-4024,3.5,AT,+,1992-12-10,,22,29,627,2,34,0,0,0,0,0,40
340,CONNER,,CP-4044,3.5,AT,+,1992-12-10,,43,29,1104,2,38,0,0,0,0,0,40
341,CONNER,,CP-4084,3.5,IDE,Y,,,85,19,0,0,0,0,0,0,0,0,0
343,CONNER,,SRD-3040,,IDE,,,,42,19,822,2,41,0,0,0,0,0,0
342,CONNER,,SRD3080,,IDE,,,,85,19,822,4,41,0,0,0,0,0,0
344,CORE,,AT-30,5F,MFM,J,,,32,21,733,5,17,0,0,0,,732,50
345,CORE,,AT-30R,5.2,RLL,,,,48,26,733,5,26,0,0,0,0,0,0
346,CORE,,AT-32,5H,MFM,J,,,32,21,733,5,17,0,0,0,,732,50
347,CORE,,AT-32R,5.2,RLL,,,,42,21,733,5,26,0,0,0,0,0,0
348,CORE,,AT-40,5F,MFM,J,,,40,26,924,5,17,0,0,0,,923,50
349,CORE,,AT-40R,5.2,RLL,,,,60,26,924,5,26,0,0,0,0,0,0
350,CORE,,AT-43,5H,MFM,J,,,43,26,988,5,17,0,0,0,,987,50
351,CORE,,AT-63,,RLL,,,,42,26,988,5,17,0,0,0,0,0,0
352,CORE,,AT-63R,5.2,RLL,,,,60,26,988,5,26,0,0,0,0,0,0
353,CORE,,AT-72,5F,MFM,J,,,72,26,924,5,17,0,0,0,,923,50
354,CORE,,AT-72R,5.2,RLL,,,,107,26,924,9,26,0,0,0,0,0,0
355,CORE,,HC-100,5F,ESDI,J,,,102,9,379,15,36,0,0,0,,378,50
356,CORE,,HC-1000S,5.2,SCSI,Y,,,1050,18,0,14,0,0,0,0,0,0,150
357,CORE,,HC-100F,5.2,ESDI,Y,,,100,9,0,0,0,0,0,0,0,0,150
358,CORE,,HC-150,,ESDI,,,,86,16,564,9,35,0,0,0,0,0,0
359,CORE,,HC-150,5.2,ESDI,,,,156,16,969,5,35,0,0,0,0,0,0
360,CORE,,HC-150F,5F,ESDI,J,,,156,16,968,9,35,0,0,0,,967,50
361,CORE,,HC-150H,5H,ESDI,J,,,157,17,1250,7,36,0,0,0,,1249,50
362,CORE,,HC-175,3H,ESDI,J,,,178,14,1072,9,36,0,0,0,,1071,50
363,CORE,,HC-200,5.2,IDE,Y,,,200,16,0,8,0,0,0,0,0,0,150
364,CORE,,HC-260,5.2,ESDI,,,,260,25,1212,12,35,0,0,0,0,0,0
365,CORE,,HC-310,5.2,ESDI,Y,,,311,16,1582,12,35,0,0,0,0,0,150
366,CORE,,HC-310,5F,ESDI,J,,,328,15,1224,15,36,0,0,0,,1223,50
367,CORE,,HC-315,5.2,ESDI,Y,,,340,16,1447,8,57,0,0,0,0,0,150
368,CORE,,HC-380,5H,ESDI,J,,,380,16,1412,15,35,0,0,0,,1411,50
369,CORE,,HC-40,5F,ESDI,J,,,40,10,564,4,35,0,0,0,,563,50
370,CORE,,HC-650,5F,ESDI,J,,,658,17,1661,15,53,0,0,0,,1660,50
371,CORE,,HC-650S,5.2,SCSI,Y,,,663,18,0,14,0,0,0,0,0,0,150
372,CORE,,HC-655,5.2,ESDI,Y,,,680,16,1447,16,57,0,0,0,0,0,150
373,CORE,,HC-90,5H,ESDI,J,,,91,16,969,5,35,0,0,0,,968,50
377,CORE,,OP-30,5H,MFM,J,,,32,21,733,5,17,0,0,0,,732,35
378,CORE,,OP-40,5H,MFM,J,,,42,26,963,5,17,0,0,0,,962,35
379,CORE,,OP-44,3H,MFM,J,,,45,21,733,7,17,0,0,0,,732,35
380,CORE,,OP-70,5F,MFM,J,,,72,26,918,9,17,0,0,0,,917,35
381,CORE,,OP-80,3H,MFM,J,,,80,15,1072,9,17,0,0,0,,1071,35
374,CORE,,OPTIMA-30R,5.2,RLL,,,,48,21,733,5,26,0,0,0,0,0,0
375,CORE,,OPTIMA-40R,5.2,RLL,,,,64,26,963,5,26,0,0,0,0,0,0
376,CORE,,OPTIMA-70R,5.2,RLL,,,,109,26,918,9,26,0,0,0,0,0,0
382,CYNTHIA,,D520,,MFM,,,,0,0,640,4,17,0,0,0,0,0,0
383,CYNTHIA,,D530,,MFM,,,,25,0,987,3,17,0,0,0,0,0,0
384,CYNTHIA,,D550,,MFM,,,,40,0,987,5,17,0,0,0,0,0,0
385,CYNTHIA,,D570,,MFM,,,,60,0,987,7,17,0,0,0,0,0,0
386,CYNTHIA,,D585,,MFM,,,,71,0,1166,7,17,0,0,0,0,0,0
391,"DATA GENERAL",,6557,3.5,AT,,,,100,25,776,8,33,0,0,0,0,0,0
392,"DATA GENERAL",,6597-B,5.2,ESDI,,,,156,16,1249,7,50,0,0,0,0,0,0
393,"DATA GENERAL",,6664,3.5,AT,,,,200,19,1374,8,38,0,0,0,0,0,0
394,"DATA TECHNOLOGY",,DTC-HF12,5.2,SCSI,,,,10,65,301,2,0,0,0,0,0,0,10
395,"DATA TECHNOLOGY",,DTC-HF24,5.2,SCSI,,,,20,60,506,2,78,0,0,0,0,0,10
396,DATA-TECH,,DTM-553,,MFM,,,,40,0,1024,5,17,0,0,0,850,0,0
397,DATA-TECH,,DTM-853,,MFM,,,,40,0,640,8,17,0,0,0,256,0,0
398,DATA-TECH,,DTM-885,,MFM,,,,70,0,1024,8,17,0,0,0,950,0,0
399,DEC,,RZ23,3.5,SCSI,,,,104,33,0,0,0,0,0,0,0,0,0
400,DEC,,RZ24,3.5,SCSI,,,,209,24,0,0,0,0,0,0,0,0,0
401,DISCTRON,,D-503,,MFM,,,,3,0,153,2,17,0,0,0,0,0,0
402,DISCTRON,,D-504,,MFM,,,,4,0,215,2,17,0,0,0,0,0,0
403,DISCTRON,,D-506,,MFM,,,,5,0,153,4,17,0,0,0,0,0,0
404,DISCTRON,,D-507,,MFM,,,,5,0,306,2,17,0,0,0,0,0,0
405,DISCTRON,,D-509,,MFM,,,,8,0,215,4,17,0,0,0,0,0,0
406,DISCTRON,,D-512,,MFM,,,,11,0,153,8,17,0,0,0,0,0,0
407,DISCTRON,,D-513,,MFM,,,,11,0,215,6,17,0,0,0,0,0,0
408,DISCTRON,,D-514,,MFM,,,,11,0,306,4,17,0,0,0,0,0,0
409,DISCTRON,,D-518,,MFM,,,,15,0,215,8,17,0,0,0,0,0,0
410,DISCTRON,,D-519,,MFM,,,,16,0,306,6,17,0,0,0,0,0,0
411,DISCTRON,,D-525,5.2,,,,,20,0,0,0,0,0,0,0,0,0,0
412,DISCTRON,,D-526,,MFM,,,,21,0,306,8,17,0,0,0,0,0,0
413,"DISK TECH ONE",,5007,,MFM,,,,5,0,306,2,17,0,0,0,128,0,0
414,"DISK TECH ONE",,5014,,MFM,,,,10,0,306,4,17,0,0,0,128,0,0
415,"DISK TECH ONE",,5019,,MFM,,,,15,0,306,6,17,0,0,0,128,0,0
416,"DISK TECH ONE",,5026,,MFM,,,,20,0,306,8,17,0,0,0,128,0,0
417,DMA,,360/306,,MFM,,,,11,0,612,2,17,0,0,0,0,0,0
418,DTM,,853,,MFM,,,,0,0,640,8,17,0,0,0,0,0,0
419,DTM,,885,,MFM,,,,0,0,1024,5,1,0,0,0,0,0,0
420,DTM,,885,,MFM,,,,0,0,1024,8,17,0,0,0,0,0,0
421,DYXTOR,,XT-4230E,5F,ESDI,+,1992-12-10,,203,16,1224,9,36,0,0,0,0,0,100
422,ELCOH,,DISCACHE10,,MFM,,,,10,0,320,4,17,0,0,0,0,0,0
423,ELCOH,,DISCACHE20,,MFM,,,,20,0,320,8,17,0,0,0,0,0,0
426,EMULEX,,E/760,5.2,ESDI,N,,,663,18,0,0,0,0,0,0,0,0,0
424,EMULEX,,ER2E/760,5.2,ESDI,N,,,663,17,0,0,0,0,0,0,0,0,50
425,EMULEX,,ES36/760-1,5.2,ESDI,N,,,663,17,0,0,0,0,0,0,0,0,0
427,EPSON,,"HD 850",,MFM,,,,10,0,306,4,17,0,0,0,0,0,0
428,EPSON,,"HD 860",,MFM,,,,0,0,612,4,17,0,0,0,0,0,0
429,EPSON,,HD-560,,,,,,20,0,0,0,0,0,0,0,0,0,0
430,EPSON,,HD-720,3.5,MFM,,,,21,29,614,4,17,0,0,0,0,0,23
431,EPSON,,HMD-720,3.5,MFM,-,1992-12-10,,21,67,614,4,17,0,0,0,0,0,23
432,ESPERT,,EP-340A,3.5,IDE,,,,42,25,0,4,0,0,0,0,0,0,0
433,FUJI,,FK301,3.5,MFM,,,,10,65,306,4,17,0,0,0,128,0,0
434,FUJI,,FK302-13,3.5,MFM,,,,10,65,612,2,17,0,0,0,307,0,0
435,FUJI,,FK302-26,,MFM,,,,20,0,612,4,17,0,0,0,307,0,0
436,FUJI,,FK302-39,,MFM,,,,30,0,612,6,17,0,0,0,307,0,0
437,FUJI,,FK303-52,3.5,MFM,,,,40,50,615,8,17,0,0,0,616,0,0
438,FUJI,,FK305-26,3.5,MFM,,,,20,80,615,4,17,0,0,0,616,0,0
439,FUJI,,FK305-26R,3.5,RLL,,,,0,0,615,0,26,0,0,0,0,0,0
440,FUJI,,FK305-39,3.5,MFM,,,,30,80,615,6,17,0,0,0,616,0,0
441,FUJI,,FK305-39R,3.5,RLL,,,,31,50,615,4,26,0,0,0,616,0,0
442,FUJI,,FK305-58R,3.5,RLL,,,,46,50,615,6,26,0,0,0,616,0,0
443,FUJI,,FK308S-39R,3.5,SCSI,,,,32,50,615,4,0,0,0,0,0,0,0
444,FUJI,,FK308S-58R,3.5,SCSI,,,,45,50,615,6,0,0,0,0,0,0,0
446,FUJI,,FK309-26,3.5,MFM,,1992-12-10,,21,60,615,4,17,0,0,0,300,0,0
447,FUJI,,FK309-39,3.5,RLL,,1992-12-10,,33,60,615,4,26,0,0,0,0,0,0
448,FUJI,,FK309-39R,,RLL,,,,0,0,615,4,26,0,0,0,0,0,0
449,FUJI,,FK309-58,3.5,RLL,,1992-12-10,,49,40,615,6,26,0,0,0,0,0,0
445,FUJI,,FK309S-50R,3.5,SCSI,,,,41,50,615,4,0,0,0,0,0,0,0
450,FUJITSU,,"2230 AS",,MFM,,,,5,0,320,2,17,0,0,0,0,0,0
451,FUJITSU,,"2233 AS",,MFM,,,,10,0,320,4,17,0,0,0,0,0,0
452,FUJITSU,,"2234 AS",,MFM,,,,15,0,320,6,17,0,0,0,0,0,0
453,FUJITSU,,"2235 AS",,MFM,,,,21,0,320,8,17,0,0,0,0,0,0
454,FUJITSU,,"2241 AS",,MFM,,,,25,0,754,4,17,0,0,0,0,0,0
455,FUJITSU,,2244E,,ESDI,,,,70,25,823,5,35,0,0,0,0,0,0
456,FUJITSU,,2244SA,,SCSI,,,,70,25,823,5,35,0,0,0,0,0,0
457,FUJITSU,,2245E,,ESDI,,,,98,25,823,7,35,0,0,0,0,0,0
458,FUJITSU,,M2225D2,3H,MFM,N,,,20,35,615,4,17,0,0,0,,614,30
459,FUJITSU,,M2225DR,,RLL,,,,31,35,615,4,26,0,0,0,0,0,0
460,FUJITSU,,M2226D2,3H,MFM,N,,,30,35,615,6,17,0,0,0,,614,30
461,FUJITSU,,M2226DR,,RLL,,,,46,35,615,6,26,0,0,0,0,0,0
462,FUJITSU,,M2227D2,3H,MFM,+,,,40,35,615,8,17,0,0,0,,614,30
463,FUJITSU,,M2227DR,3.5,RLL,,,,62,35,615,8,26,0,0,0,0,0,0
464,FUJITSU,,M2230AS,5,MFM,N,,,5,80,320,2,17,0,0,0,,319,0
465,FUJITSU,,M2230AT,5,MFM,N,,,5,80,320,2,17,0,0,0,,319,0
466,FUJITSU,,M2231,,MFM,,,,5,0,306,2,17,0,0,0,0,0,0
467,FUJITSU,,M2233AS,5,MFM,N,,,10,80,320,4,17,0,0,0,,319,0
468,FUJITSU,,M2233AT,5,MFM,N,,,10,80,320,4,17,0,0,0,,319,0
469,FUJITSU,,M2234AS,5,MFM,N,,,15,80,320,6,17,0,0,0,,319,0
470,FUJITSU,,M2235AS,5,MFM,N,,,20,80,320,8,17,0,0,0,,319,0
471,FUJITSU,,M2241AS,,,,,,18,0,754,3,0,0,0,0,0,0,0
472,FUJITSU,,M2241AS2,5F,MFM,J,,,25,30,754,4,17,0,0,0,375,753,30
473,FUJITSU,,M2242AS2,5F,MFM,J,,,43,30,754,7,17,0,0,0,375,753,30
474,FUJITSU,,M2243AS2,5F,MFM,J,,,68,30,754,11,17,0,0,0,,753,30
475,FUJITSU,,M2243R,5H,MFM,J,,,111,25,1186,7,26,0,0,0,,1185,30
476,FUJITSU,,M2243T,5H,MFM,J,,,68,25,1186,7,17,0,0,0,,1185,30
477,FUJITSU,,M2244E,5F,ESDI,J,,,67,25,823,5,35,0,0,0,,822,30
478,FUJITSU,,M2244S,5F,SCSI,J,,,80,25,823,5,65,0,0,0,,822,30
479,FUJITSU,,M2244SA,5F,SCSI,J,,,80,25,823,5,35,0,0,0,,822,30
480,FUJITSU,,M2244SB,5F,SCSI,J,,,80,25,823,5,19,0,0,0,,822,30
481,FUJITSU,,M2245E,5F,ESDI,J,,,94,25,823,7,35,0,0,0,,822,30
482,FUJITSU,,M2245S,5F,SCSI,J,,,112,25,823,7,65,0,0,0,,822,30
483,FUJITSU,,M2245SA,5F,SCSI,J,,,112,25,823,7,35,0,0,0,,822,30
484,FUJITSU,,M2245SB,5F,SCSI,J,,,112,25,823,7,19,0,0,0,,822,30
485,FUJITSU,,M2246E,5F,ESDI,J,,,134,25,823,10,35,0,0,0,,822,30
486,FUJITSU,,M2246S,5F,SCSI,J,,,160,25,823,10,65,0,0,0,,822,30
487,FUJITSU,,M2246SA,5F,SCSI,J,,,160,25,823,10,35,0,0,0,,822,30
488,FUJITSU,,M2246SB,5F,SCSI,J,,,160,25,823,10,19,0,0,0,,822,30
489,FUJITSU,,M2247E,5F,ESDI,J,,,143,18,1243,7,35,0,0,0,,1242,30
490,FUJITSU,,M2247S,5F,SCSI,J,,,138,18,1243,7,65,0,0,0,,1242,30
491,FUJITSU,,M2247SA,5F,SCSI,J,,,138,18,1243,7,35,0,0,0,,1242,30
492,FUJITSU,,M2247SB,5F,SCSI,J,,,138,18,1243,7,19,0,0,0,,1242,30
493,FUJITSU,,M2248E,5F,ESDI,J,,,224,18,1243,11,35,0,0,0,,1242,30
494,FUJITSU,,M2248S,5F,SCSI,J,,,221,18,1243,11,65,0,0,0,,1242,30
495,FUJITSU,,M2248SA,5F,SCSI,J,,,221,18,1243,11,35,0,0,0,,1242,30
496,FUJITSU,,M2248SB,5F,SCSI,J,,,221,18,1243,11,19,0,0,0,,1242,30
497,FUJITSU,,M2249E,5F,ESDI,J,,,306,18,1243,15,35,0,0,0,,1242,30
498,FUJITSU,,M2249S,5F,SCSI,J,,,303,18,1243,15,65,0,0,0,,1242,30
499,FUJITSU,,M2249SA,5F,SCSI,J,,,303,18,1243,15,35,0,0,0,,1242,30
500,FUJITSU,,M2249SB,5F,SCSI,J,,,303,18,1243,15,19,0,0,0,,1242,30
501,FUJITSU,,M2261E,5F,ESDI,J,,,326,16,1658,8,53,0,0,0,,1657,30
502,FUJITSU,,M2261H,5F,SCSI,J,,,321,16,1658,8,95,0,0,0,,1657,30
503,FUJITSU,,M2261HA,5F,SCSI,J,,,357,16,1658,8,53,0,0,0,,1657,30
504,FUJITSU,,M2261HB,5F,SCSI,J,,,375,16,1658,8,28,0,0,0,,1657,30
505,FUJITSU,,M2261S,5F,SCSI,J,,,321,16,1658,8,95,0,0,0,,1657,30
506,FUJITSU,,M2261SA,5F,SCSI,J,,,357,16,1658,8,53,0,0,0,,1657,30
507,FUJITSU,,M2261SB,5F,SCSI,J,,,375,16,1658,8,28,0,0,0,,1657,30
508,FUJITSU,,M2262E,5F,ESDI,J,,,448,16,1658,11,53,0,0,0,,1657,30
509,FUJITSU,,M2262H,5F,SCSI,J,,,442,16,1658,11,95,0,0,0,,1657,30
510,FUJITSU,,M2262HA,5F,SCSI,J,,,492,16,1658,11,53,0,0,0,,1657,30
511,FUJITSU,,M2262HB,5F,SCSI,J,,,518,16,1658,11,28,0,0,0,,1657,30
512,FUJITSU,,M2262S,5F,SCSI,J,,,442,16,1658,11,95,0,0,0,,1657,30
513,FUJITSU,,M2262SA,5F,SCSI,J,,,492,16,1658,11,53,0,0,0,,1657,30
514,FUJITSU,,M2262SB,5F,SCSI,J,,scsi,518,16,1658,11,28,0,0,0,,1657,30
515,FUJITSU,,M2263E,5F,ESDI,J,1989-01-12,,670,16,1658,15,53,0,0,0,,1657,200
516,FUJITSU,,M2263H,5F,SCSI,J,1989-01-12,,670,16,1658,15,95,0,0,0,,1657,200
517,FUJITSU,,M2263HA,5F,SCSI,J,1989-01-12,,670,16,1658,15,53,0,0,0,,1657,200
518,FUJITSU,,M2263HB,5F,SCSI,J,1989-01-12,,708,16,1658,15,28,0,0,0,,1657,200
519,FUJITSU,,M2263S,5F,SCSI,J,1989-01-12,,603,16,1658,15,95,0,0,0,,1657,200
520,FUJITSU,,M2263SA,5F,SCSI,J,1989-01-12,,762,16,1658,15,53,0,0,0,,1657,200
521,FUJITSU,,M2263SB,5F,SCSI,J,1989-01-12,,708,16,1658,15,28,0,0,0,,1657,200
524,FUJITSU,,M2266S/H,5F,SCSI,,1992-12-10,,955,15,1658,15,0,0,0,0,0,0,65
522,FUJITSU,,M2266SA/HA,5F,SCSI2,+,1992-12-10,,1082,15,1658,15,85,0,0,0,0,0,65
523,FUJITSU,,M2266SB/HB,5F,SCSI,,1992-12-10,,1140,15,1658,15,0,0,0,0,0,0,65
525,FUJITSU,,M2344KS,,SCSI,,,,690,16,624,27,0,0,0,0,0,0,0
526,FUJITSU,,M2392K,8,ESMD,,,,2020,0,0,0,0,0,0,0,0,0,0
527,FUJITSU,,M2611S,3H,SCSI,J,,,45,25,1334,2,34,0,0,0,,1333,30
528,FUJITSU,,M2611T,3H,AT-BUS,J,,,45,25,1334,2,33,0,0,0,,1333,30
529,FUJITSU,,"M2612 ESAI",3.5,SCSI,,,,91,20,1334,4,34,0,0,0,0,0,50
530,FUJITSU,,"M2612S /ESA",3H,SCSI,J,,,90,25,1334,4,34,0,0,0,,1333,30
531,FUJITSU,,"M2612T /ET",3H,AT-BUS,J,,,90,25,1334,4,33,0,0,0,,1333,30
532,FUJITSU,,"M2613S /ESA",3H,SCSI,J,,,135,25,1334,6,34,0,0,0,,1333,50
533,FUJITSU,,"M2613T /ET",3H,AT-BUS,J,,,135,25,1334,6,33,0,0,0,,1333,30
534,FUJITSU,,"M2614S /ESA",3H,SCSI,J,,,180,25,1334,8,34,0,0,0,,1333,30
535,FUJITSU,,"M2614T /ET",3H,AT-BUS,J,,,180,25,1334,8,33,0,0,0,,1333,30
536,FUJITSU,,M2616EAS,3.5,SCSI,,,,105,20,1542,4,34,0,0,0,0,0,50
537,FUJITSU,,M2616ET,3.5,AT,,,,104,20,1542,4,33,0,0,0,0,0,50
538,FUJITSU,,M2617T,3.5,AT,,,,105,16,1005,4,51,0,0,0,0,0,0
539,FUJITSU,,M2618T,3.5,AT,,,,210,16,1005,8,51,0,0,0,0,0,0
540,FUJITSU,,M2622SA,3.5,SCSI2,,,,330,12,1435,7,70,0,0,0,0,0,200
541,FUJITSU,,M2622T,3.5,AT,,,,320,12,1435,7,69,0,0,0,0,0,200
542,FUJITSU,,M2622T,3.5,AT,,,,326,12,1013,10,63,0,0,0,0,0,0
543,FUJITSU,,M2623SA,3.5,SCSI2,,,,425,12,1435,9,70,0,0,0,0,0,200
544,FUJITSU,,M2623T,3.5,AT,,,,420,12,1435,9,69,0,0,0,0,0,200
545,FUJITSU,,M2623T,3.5,AT,,,,420,12,1002,10,63,0,0,0,0,0,0
546,FUJITSU,,M2624SA,3.5,SCSI2,,,,520,12,1435,11,70,0,0,0,0,0,200
547,FUJITSU,,M2624T,3.5,AT,,,,510,12,1435,11,69,0,0,0,0,0,200
548,FUJITSU,,M2624T,3.5,AT,,,,513,12,995,16,63,0,0,0,0,0,0
549,FUJITSU,,M2631SA,2.5,SCSI2,,,,45,18,1054,2,48,0,0,0,0,0,150
550,FUJITSU,,M2631T,2.5,AT,,,,45,18,1054,2,48,0,0,0,0,0,150
551,FUJITSU,,M2633SA,2.5,SCSI2,,,,90,18,1054,4,48,0,0,0,0,0,150
552,FUJITSU,,M2633T,2.5,AT,,,,90,18,1054,4,48,0,0,0,0,0,150
553,FUJITSU,,M2652HD,5.2,SCSI2,Y,,,1600,11,0,20,0,0,0,0,0,0,200
554,FUJITSU,,M2652P,5.2,IPI2,Y,,,1600,11,0,12,0,0,0,0,0,0,200
555,FUJITSU,,M2652S,5.2,SCSI2F,Y,,,1600,11,0,20,0,0,0,0,0,0,200
556,FUJITSU,,M2671P,8,IPI2,Y,,,2640,0,0,15,0,0,0,0,0,0,0
557,"HEWLETT PACKARD",,D1445A,5,ESDI,,,,108,16,1249,5,35,0,0,0,0,0,0
558,"HEWLETT PACKARD",,D1446A,5,ESDI,,,,152,16,1249,7,35,0,0,0,0,0,0
559,"HEWLETT PACKARD",,D1660A,5,ESDI,,,,334,17,1457,8,56,0,0,0,0,0,0
560,"HEWLETT PACKARD",,D1661A,5,ESDI,,,,670,17,1457,16,56,0,0,0,0,0,0
561,"HEWLETT PACKARD",,D1665A,3.5,AT,,,,84,19,965,10,17,0,0,0,0,0,0
562,"HEWLETT PACKARD",,D1666A,3,MFM,,,,83,19,834,6,17,0,0,0,0,0,0
563,"HEWLETT PACKARD",,D1674A,5.2,ESDI,,,,103,17,0,0,0,0,0,0,0,0,0
564,"HEWLETT PACKARD",,D1675A,,ESDI,,,,155,17,0,0,0,0,0,0,0,0,0
565,"HEWLETT PACKARD",,D1676A,5,ESDI,,,,311,17,1583,12,64,0,0,0,0,0,0
566,"HEWLETT PACKARD",,D1679A,3.5,AT,,,,120,16,814,9,32,0,0,0,0,0,0
567,"HEWLETT PACKARD",,D1680A,3.5,AT,,,,168,16,968,10,34,0,0,0,0,0,0
568,"HEWLETT PACKARD",,"HP 97532 D",5F,SCSI,N,,,110,17,1643,4,64,0,0,0,,1642,150
569,"HEWLETT PACKARD",,"HP 97532 E",5F,ESDI,N,,,104,17,1583,4,64,0,0,0,,1582,150
570,"HEWLETT PACKARD",,"HP 97532 S",5F,SCSI,N,,,110,17,1643,4,64,0,0,0,,1642,150
571,"HEWLETT PACKARD",,"HP 97532 T",5F,SCSI,N,,,110,17,1643,4,64,0,0,0,,1642,150
572,"HEWLETT PACKARD",,"HP 97533 D",5F,SCSI,N,,,162,17,1643,6,64,0,0,0,,1642,150
573,"HEWLETT PACKARD",,"HP 97533 E",5F,ESDI,N,,,156,17,1583,6,64,0,0,0,,1582,150
574,"HEWLETT PACKARD",,"HP 97533 S",5F,SCSI,N,,,162,17,1643,6,64,0,0,0,,1642,150
575,"HEWLETT PACKARD",,"HP 97533 T",5F,SCSI,N,,,162,17,1643,6,64,0,0,0,,1642,150
576,"HEWLETT PACKARD",,"HP 97536 D",5F,SCSI,N,,,323,17,1643,12,64,0,0,0,,1642,150
577,"HEWLETT PACKARD",,"HP 97536 E",5F,ESDI,N,,,311,17,1583,12,64,0,0,0,,1582,150
578,"HEWLETT PACKARD",,"HP 97536 S",5F,SCSI,N,,,323,17,1643,12,64,0,0,0,,1642,150
579,"HEWLETT PACKARD",,"HP 97536 T",5F,SCSI,N,,,323,17,1643,12,64,0,0,0,,1642,150
580,"HEWLETT PACKARD",,"HP 97544 D",5F,SCSI,N,,,331,17,1447,8,56,0,0,0,,1446,150
581,"HEWLETT PACKARD",,"HP 97544 E",5F,ESDI,N,,,340,17,1457,8,57,0,0,0,,1456,150
582,"HEWLETT PACKARD",,"HP 97544 S",5F,SCSI,N,,,331,17,1447,8,56,0,0,0,,1446,150
583,"HEWLETT PACKARD",,"HP 97548 D",5F,SCSI,N,,,663,17,1447,16,56,0,0,0,,1446,150
584,"HEWLETT PACKARD",,"HP 97548 E",5F,ESDI,N,,,680,17,1457,16,57,0,0,0,,1456,150
585,"HEWLETT PACKARD",,"HP 97548 S",5F,SCSI,N,,,663,17,1447,16,56,0,0,0,,1446,150
586,"HEWLETT PACKARD",,HP-97500-85600,3.5,SCSI,,,,20,0,0,0,0,0,0,0,0,0,0
587,"HEWLETT PACKARD",,HP-97500-85620,3.5,SCSI,,,,20,0,0,0,0,0,0,0,0,0,0
588,"HEWLETT PACKARD",,HP-97544P,5.2,SCSI2D,Y,,,331,17,1447,8,56,0,0,0,0,0,150
589,"HEWLETT PACKARD",,HP-97548P,5.2,SCSI2D,Y,,,663,17,1447,16,56,0,0,0,0,0,150
590,"HEWLETT PACKARD",,HP-97548T,5.2,SCSI2,Y,,,663,17,1447,16,56,0,0,0,0,0,150
591,"HEWLETT PACKARD",,HP-97549P,5.2,SCSI2D,Y,,,1000,18,1911,16,64,0,0,0,0,0,150
592,"HEWLETT PACKARD",,HP-97549T,5.2,SCSI2,Y,,,1000,18,1911,16,64,0,0,0,0,0,150
593,"HEWLETT PACKARD",,HP-97556E,5.2,ESDI,Y,,,681,15,1680,11,72,0,0,0,0,0,150
594,"HEWLETT PACKARD",,HP-97556P,5.2,SCSI2D,Y,,,673,15,1670,11,72,0,0,0,0,0,150
595,"HEWLETT PACKARD",,HP-97556T,5.2,SCSI2,Y,,,673,15,1670,11,72,0,0,0,0,0,150
596,"HEWLETT PACKARD",,HP-97558E,5.2,ESDI,Y,,,1084,15,1961,15,72,0,0,0,0,0,150
597,"HEWLETT PACKARD",,HP-97558P,5.2,SCSI2D,Y,,,1075,15,1952,15,72,0,0,0,0,0,150
598,"HEWLETT PACKARD",,HP-97558T,5.2,SCSI2,Y,,,1075,15,1952,15,72,0,0,0,0,0,150
599,"HEWLETT PACKARD",,HP-97560E,5.2,ESDI,Y,,,1374,15,1961,19,72,0,0,0,0,0,150
600,"HEWLETT PACKARD",,HP-97560P,5.2,SCSI2D,Y,,,1363,15,1952,19,72,0,0,0,0,0,150
601,"HEWLETT PACKARD",,HP-97560T,5.2,SCSI2,Y,,,1363,15,1952,19,72,0,0,0,0,0,150
602,"HEWLETT PACKARD",,HP-C2233S,3.5,SCSI2,Y,,,234,13,1511,5,0,0,0,0,0,0,150
603,"HEWLETT PACKARD",,HP-C2234S,3.5,SCSI2,Y,,,328,13,1511,7,0,0,0,0,0,0,150
604,"HEWLETT PACKARD",,HP-C2235S,3.5,SCSI2,Y,,,422,13,1511,9,0,0,0,0,0,0,150
605,HEWLETT-PACKARD,,C2233A,3.5,AT,,,,234,12,462,16,63,733,12,53,0,0,0
606,HEWLETT-PACKARD,,C2234A,3.5,AT,,,,328,12,1511,7,63,647,16,63,0,0,0
607,HEWLETT-PACKARD,,C2235A,3.5,AT,,,,422,12,1511,9,63,0,0,0,0,0,0
608,HITACHI,,DK301-1,3.5,MFM,,,,10,85,306,4,17,0,0,0,0,0,0
609,HITACHI,,DK301-2,3.5,MFM,,,,15,85,306,6,17,0,0,0,0,0,0
610,HITACHI,,DK312C-20,3H,SCSI,N,,,209,20,1076,10,38,0,0,0,,1075,40
611,HITACHI,,DK312C-25,3H,SCSI,N,,,251,20,1076,12,38,0,0,0,,1075,40
612,HITACHI,,DK314C-41,3.5,SCSI,Y,,,419,17,0,14,0,0,0,0,0,0,150
613,HITACHI,,DK502-1,,,,,,10,0,320,4,0,0,0,0,128,0,0
614,HITACHI,,DK502-2,,,,,,15,0,320,6,0,0,0,0,128,0,0
615,HITACHI,,DK502-3,,,,,,20,0,320,8,0,0,0,0,128,0,0
616,HITACHI,,DK503-1,,,,,,5,0,320,2,0,0,0,0,128,0,0
617,HITACHI,,DK503-2,,,,,,10,0,320,4,0,0,0,0,128,0,0
618,HITACHI,,DK511-3,5F,MFM,N,,,30,30,699,5,17,0,0,0,128,698,0
619,HITACHI,,DK511-5,5F,MFM,N,,,42,30,699,7,17,0,0,0,128,698,0
620,HITACHI,,DK511-8,5F,MFM,N,,,71,23,823,10,17,0,0,0,,822,0
626,HITACHI,,DK512-12,5.2,ESDI,,,,94,23,823,7,35,0,0,0,0,0,0
627,HITACHI,,DK512-17,5.2,ESDI,,,,134,23,823,10,35,0,0,0,0,0,0
628,HITACHI,,DK512-8,5.2,ESDI,,,,68,23,823,5,35,0,0,0,0,0,0
621,HITACHI,,DK512A-17,5F,ESDI,N,,,147,23,823,10,35,0,0,0,,822,20
622,HITACHI,,DK512C-12,,SCSI,,,,98,23,823,7,35,0,0,0,0,0,0
623,HITACHI,,DK512C-17,5F,SCSI,N,,,146,23,819,10,35,0,0,0,,818,20
624,HITACHI,,DK512C-8,,SCSI,,,,70,23,823,5,35,0,0,0,0,0,0
625,HITACHI,,DK512S-17,5F,ESDI,N,,,147,23,823,10,35,0,0,0,,822,20
631,HITACHI,,DK514-38,5F,ESDI,N,,,330,16,903,14,51,0,0,0,,902,30
629,HITACHI,,DK514C-38,5F,SCSI,N,,,322,16,903,14,51,0,0,0,,902,30
630,HITACHI,,DK514S-38,5F,ESDI,N,,,330,16,903,14,51,0,0,0,,902,30
633,HITACHI,,DK515-12,5.2,ESDI,y,,,1200,14,823,15,0,0,0,0,0,0,150
634,HITACHI,,DK515-78,5F,ESDI,N,,,673,16,1361,14,69,0,0,0,,1360,40
632,HITACHI,,DK515C-78,5F,SCSI,N,,,670,16,1356,14,68,0,0,0,,1355,40
635,HITACHI,,DK516-12,5F,ESDI,,1992-12-10,,1056,14,1787,15,0,0,0,0,0,0,100
636,HITACHI,,DK516-C16,5F,SCSI,,1992-12-10,,1342,14,2172,15,0,0,0,0,0,0,100
637,HITACHI,,DK521-5,5H,MFM,N,,,43,25,823,6,17,0,0,0,,822,30
639,HITACHI,,DK522-10,5H,ESDI,N,,,91,25,823,6,36,0,0,0,,822,30
638,HITACHI,,DK522C-10,5H,SCSI,N,,,88,25,819,6,35,0,0,0,,818,30
640,IBM,,0661,,SCSI2,Y,,,371,12,0,14,0,0,0,0,0,0,150
641,IBM,,0661-371,3.5,,Y,,,320,13,0,0,0,0,0,0,0,0,150
642,IBM,,0661-467,3.5,,Y,,,400,12,0,0,0,0,0,0,0,0,150
643,IBM,,"0663 L12",3.5,SCSI,,,,958,19,2051,8,66,0,0,0,0,0,0
644,IBM,,0671E,5.2,ESDI,Y,,,330,20,0,15,0,0,0,0,0,0,150
645,IBM,,0671S,5.2,SCSI,Y,,,330,20,0,15,0,0,0,0,0,0,150
646,IBM,,0681,5.2,SCSI2,Y,,,1054,11,0,20,0,0,0,0,0,0,150
647,IBM,,"20MB (13)",,MFM,N,,,21,0,306,8,17,0,0,0,128,305,0
648,IBM,,"20MB (2)",,MFM,N,,,21,0,615,4,17,0,0,0,128,614,0
649,IBM,,"30MB (22)",,MFM,N,,,31,0,733,5,17,0,0,0,300,732,0
650,IBM,,320,,,,,,320,0,0,0,0,0,0,0,0,0,0
653,IBM,,WD-3168,3.5,PS2,Y,,,157,23,0,0,0,0,0,0,0,0,45
651,IBM,,WDA-3160,3.5,IDE,Y,,,206,16,0,0,0,0,0,0,0,0,45
652,IBM,,WDS-3160,3.5,SCSI2,Y,,,206,16,0,8,0,0,0,0,0,0,45
654,IMI,,5006,,MFM,,,,5,0,306,2,17,0,0,0,214,0,0
655,IMI,,5012,,MFM,,,,10,0,306,4,17,0,0,0,214,0,0
656,IMI,,5018,,MFM,,,,15,0,306,6,17,0,0,0,214,0,0
657,IMPRIMIS,,"85 P FH",,MFM,,,,75,0,1024,9,17,0,0,0,0,0,0
680,IMPRIMIS,,9415-519,,,,,,0,0,697,3,0,0,0,0,0,0,0
681,IMPRIMIS,,9415-536,,,,,,28,0,697,5,17,0,0,0,0,0,0
682,IMPRIMIS,,9415-538,,,,,,30,0,733,5,17,0,0,0,0,0,0
658,IMPRIMIS,,94155-120,,,,,,97,0,960,8,26,0,0,0,0,0,0
659,IMPRIMIS,,94155-135,5F,RLL,N,,,109,28,960,9,26,0,0,0,,0,40
660,IMPRIMIS,,94155-135P,,,,,,109,0,960,9,26,0,0,0,0,0,0
661,IMPRIMIS,,94155-19,5F,MFM,N,,,18,40,698,3,0,0,0,0,,697,0
662,IMPRIMIS,,94155-21,5F,MFM,N,,,17,40,697,3,17,0,0,0,,696,0
663,IMPRIMIS,,94155-25,5F,MFM,N,,,20,40,615,4,17,0,0,0,,614,0
664,IMPRIMIS,,94155-36,5F,MFM,N,,,30,40,697,5,17,0,0,0,,696,0
665,IMPRIMIS,,94155-38,5F,MFM,N,,,32,40,733,5,17,0,0,0,,732,0
666,IMPRIMIS,,94155-48,5F,MFM,N,,,40,28,925,5,17,0,0,0,,924,0
667,IMPRIMIS,,94155-51,5F,MFM,N,,,43,28,989,5,17,0,0,0,,988,0
668,IMPRIMIS,,94155-56,,,,,,69,0,925,9,17,0,0,0,0,0,0
669,IMPRIMIS,,94155-57,5F,MFM,N,,,48,28,925,6,17,0,0,0,,924,0
670,IMPRIMIS,,94155-67,5F,MFM,N,,,56,28,925,7,17,0,0,0,,924,0
671,IMPRIMIS,,94155-77,5F,MFM,N,,,64,28,925,8,17,0,0,0,,924,0
672,IMPRIMIS,,94155-85,5F,MFM,J,,,85,28,1024,8,17,0,0,0,,1023,30
673,IMPRIMIS,,94155-85P,5F,MFM,J,,,85,28,1024,8,17,0,0,0,,1023,30
674,IMPRIMIS,,94155-86,5F,MFM,J,,,73,28,925,9,17,0,0,0,,924,40
675,IMPRIMIS,,94155-96,5F,MFM,J,,,96,28,1024,8,17,0,0,0,,1023,40
676,IMPRIMIS,,94155-96P,,,,,,76,0,1024,9,17,0,0,0,0,0,0
677,IMPRIMIS,,94156-48,,,,,,38,0,925,5,17,0,0,0,0,0,0
678,IMPRIMIS,,94156-67,,,,,,53,0,925,7,17,0,0,0,0,0,0
679,IMPRIMIS,,94156-86,5F,ESDI,J,,,87,28,925,9,17,0,0,0,,924,40
683,IMPRIMIS,,94161-101,5F,SCSI,J,,,101,16,969,5,0,0,0,0,,968,40
684,IMPRIMIS,,94161-141,5F,SCSI,J,,,141,16,969,7,0,0,0,0,,968,40
685,IMPRIMIS,,94161-182,5F,SCSI,J,,,156,16,969,9,35,0,0,0,,968,40
686,IMPRIMIS,,94166-101,5F,ESDI,J,,,101,16,969,5,0,0,0,0,,968,40
687,IMPRIMIS,,94166-141,5F,ESDI,J,,,141,16,969,7,0,0,0,0,,968,40
688,IMPRIMIS,,94166-182,5F,ESDI,J,,,182,16,969,9,35,0,0,0,,968,40
689,IMPRIMIS,,9416X,,ESDI,,,,0,0,969,9,0,0,0,0,0,0,0
690,IMPRIMIS,,94171-350,5F,SCSI,J,,,307,16,1412,9,0,0,0,0,,1411,40
691,IMPRIMIS,,94171-376,5F,SCSI,J,,,330,17,1546,9,0,0,0,0,,1545,40
692,IMPRIMIS,,94181,5F,SCSI,J,,,338,11,0,15,0,0,0,0,,0,40
693,IMPRIMIS,,94181-702,5F,SCSI,J,,,613,16,1546,15,0,0,0,0,,1545,40
694,IMPRIMIS,,94186-383,5F,ESDI,J,,,328,19,1412,13,0,0,0,0,,1411,40
695,IMPRIMIS,,94186-383H,5F,ESDI,J,,,329,14,1224,15,0,0,0,0,,1223,40
696,IMPRIMIS,,94186-442,5F,ESDI,J,,,373,16,1412,15,0,0,0,0,,1411,40
697,IMPRIMIS,,94191-766,5F,SCSI,J,,,676,15,1632,15,0,0,0,0,,1631,40
698,IMPRIMIS,,94196-766,5F,ESDI,J,,,676,15,1632,15,0,0,0,0,,1631,40
699,IMPRIMIS,,94204-65,,,,,,62,0,941,8,17,0,0,0,0,0,0
700,IMPRIMIS,,94204-71,,,,,,68,0,1024,8,17,0,0,0,0,0,0
701,IMPRIMIS,,94204-74,5H,AT-BUS,J,,,74,28,941,8,17,0,0,0,,940,40
702,IMPRIMIS,,94204-81,5H,AT-BUS,J,,,81,28,1024,8,17,0,0,0,,1023,40
703,IMPRIMIS,,94205-30,,,,,,0,0,989,3,0,0,0,0,0,0,0
704,IMPRIMIS,,94205-51,5H,MFM,J,,,43,28,989,5,17,0,0,0,,988,40
705,IMPRIMIS,,94205-77,5H,RLL,J,,,63,28,989,5,26,0,0,0,,988,40
706,IMPRIMIS,,94211-106,5H,SCSI,J,,,90,18,1024,5,0,0,0,0,,1023,40
707,IMPRIMIS,,94216-106,5H,ESDI,J,,,106,18,1024,5,0,0,0,0,,1023,40
708,IMPRIMIS,,94221-125,5H,SCSI,J,,,110,18,1544,3,0,0,0,0,,1543,40
709,IMPRIMIS,,94221-209,5H,SCSI,J,,,183,18,1544,5,0,0,0,0,,1543,40
710,IMPRIMIS,,94241-383,5H,SCSI,N,,,337,15,1400,7,0,0,0,0,,1399,40
711,IMPRIMIS,,94241-502,5H,SCSI,J,,,440,16,1765,7,0,0,0,0,,1764,40
712,IMPRIMIS,,94244-219,5H,AT-BUS,J,,,193,16,1747,4,0,0,0,0,,1746,40
713,IMPRIMIS,,94244-383,5H,AT-BUS,J,,,338,16,1747,7,0,0,0,0,,1746,40
714,IMPRIMIS,,94246-182,5H,ESDI,J,,,160,16,1453,4,0,0,0,0,,1452,40
715,IMPRIMIS,,94246-383,5H,ESDI,J,,,337,16,1747,7,0,0,0,0,,1746,40
716,IMPRIMIS,,94311-136,,SCSI,,,,120,0,0,5,0,0,0,0,0,0,0
717,IMPRIMIS,,94351-111,3H,SCSI,J,,,98,15,1068,5,0,0,0,0,,0,30
718,IMPRIMIS,,94351-126,3H,SCSI,J,,,111,15,1068,7,0,0,0,0,,0,30
719,IMPRIMIS,,94351-133S,3,SCSI,,,,116,0,1268,5,0,0,0,0,0,0,0
720,IMPRIMIS,,94351-155,3H,SCSI,J,,,138,15,1068,7,0,0,0,0,,0,30
721,IMPRIMIS,,94351-155S,3H,SCSI,J,,,138,15,0,7,0,0,0,0,,0,30
722,IMPRIMIS,,94351-160,3H,SCSI,J,,,142,15,1068,9,0,0,0,0,,0,30
723,IMPRIMIS,,94351-186S,3,SCSI,,,,163,0,1268,7,0,0,0,0,0,0,0
724,IMPRIMIS,,94351-200,3H,SCSI,J,,,177,15,1068,9,0,0,0,0,,0,30
725,IMPRIMIS,,94351-200S,3H,SCSI,J,,,177,15,0,9,0,0,0,0,,0,30
726,IMPRIMIS,,94354-111,3H,AT-BUS,J,,,98,15,0,5,0,0,0,0,,0,30
727,IMPRIMIS,,94354-126,3H,AT-BUS,J,,,111,15,0,7,0,0,0,0,,0,30
728,IMPRIMIS,,94354-135,,,,,,122,0,1072,9,26,0,0,0,0,0,0
729,IMPRIMIS,,94354-155,3H,AT-BUS,J,,,138,15,0,7,0,0,0,0,,0,30
730,IMPRIMIS,,94354-160,3H,AT-BUS,J,,,143,15,0,9,0,0,0,0,,0,30
731,IMPRIMIS,,94354-172,,,,,,169,0,1072,9,36,0,0,0,0,0,0
732,IMPRIMIS,,94354-200,3H,AT-BUS,J,,,177,15,0,9,0,0,0,0,,0,30
733,IMPRIMIS,,94355-100,3H,MFM,J,,,88,15,0,9,0,0,0,0,,0,30
734,IMPRIMIS,,94355-150,3H,RLL,J,,,133,15,0,9,0,0,0,0,,0,30
735,IMPRIMIS,,94356-111,3H,ESDI,J,,,98,15,0,5,0,0,0,0,,0,30
736,IMPRIMIS,,94356-155,3H,ESDI,J,,,138,15,0,7,0,0,0,0,,0,30
737,IMPRIMIS,,94356-200,3H,ESDI,J,,,177,15,0,9,0,0,0,0,,0,30
738,IMPRIMIS,,94601-12G,5F,SCSI,J,,,1050,16,1931,15,0,0,0,0,,1930,40
739,IMPRIMIS,,"WREN II FH",,MFM,,,,60,0,924,9,17,0,0,0,0,0,0
740,IMPRIMIS,,"WREN II HH",,MFM,,,,40,0,989,5,17,0,0,0,0,0,0
741,IMPRIMIS,,"WREN II HH AT",,RLL,,,,65,0,1032,5,26,0,0,0,0,0,0
742,INTEGRAL,,"1820 MUSTANG",1.8,IDE,Y,,,21,20,0,2,0,0,0,0,0,0,100
743,INTEGRAL,,"1842 STINGRAY",1.8,IDE,Y,,,42,0,0,4,0,0,0,0,0,0,0
744,JASMINE,,DD-180,3.5,SCSI,Y,,,174,20,0,0,0,0,0,0,0,0,70
745,JCT,,100,5.2,MFM,,,,5,99,0,0,17,0,0,0,0,0,0
746,JCT,,1000,,MFM,,,,5,0,0,0,17,0,0,0,0,0,0
747,JCT,,1005,,MFM,,,,7,0,0,0,17,0,0,0,0,0,0
748,JCT,,1010,,MFM,,,,14,0,0,0,17,0,0,0,0,0,0
749,JCT,,105,5.2,MFM,,,,7,99,0,0,17,0,0,0,0,0,0
750,JCT,,110,5.2,MFM,,,,14,99,0,0,17,0,0,0,0,0,0
751,JCT,,120,5.2,MFM,,,,20,99,0,0,17,0,0,0,0,0,0
752,JVC,,JD-3824L,3H,JVC,N,,,21,68,615,2,34,0,0,0,0,614,30
753,JVC,,JD-3824T,3H,JVC,N,,,21,65,615,2,34,0,0,0,0,614,30
754,JVC,,JD-3848H,3H,JVC,N,,,42,45,615,4,34,0,0,0,0,614,30
755,JVC,,JD-E2085M,2.5,IDE,,,,78,16,973,4,43,973,4,43,0,0,0
756,JVC,,JD-E2825P,2.5,"AT /SCSI",+,1992-12-10,,21,25,581,2,36,0,0,0,0,0,30
757,JVC,,JD-E2850P,2.5,SCSI,N,,,42,25,791,3,35,0,0,0,0,0,0
758,JVC,,JD-E3848V,3.5,"AT / SCSI",,1992-12-10,,42,25,862,2,48,0,0,0,0,0,30
759,JVC,,JD-E3896V,3.5,"AT / SCSI",,1992-12-10,,85,25,862,4,48,0,0,0,0,0,30
760,KALOK,,"KL3100 OCTAGON2",3.5,IDE,N,,,105,19,0,0,0,0,0,0,0,0,0
761,KALOK,,KL320,3H,MFM,J,,,21,48,615,4,17,0,0,0,300,614,43
762,KALOK,,KL330,3H,RLL,J,,,33,48,615,4,26,0,0,0,,614,43
763,KALOK,,KL332,,PS2,,,,40,48,615,4,30,0,0,0,0,0,0
764,KALOK,,KL340,3.5,MFM,,,,42,25,820,6,17,0,0,0,0,0,0
765,KALOK,,KL341,3H,SCSI,J,,,40,25,664,4,30,0,0,0,,663,43
766,KALOK,,KL342,3,PS2,,,,42,0,676,4,31,0,0,0,0,0,0
767,KALOK,,KL343,3.5,IDE,,,,40,33,676,4,31,0,0,0,645,0,0
768,KALOK,,KL360,3.5,RLL,,,,65,25,820,6,26,0,0,0,0,0,0
769,KALOK,,KL381,3.5,SCSI,,,,84,25,815,6,34,0,0,0,0,0,0
770,KALOK,,KL383,3,IDE,,,,84,0,815,6,34,0,0,0,0,0,0
771,KYOCERA,,CK-80GA,3.5,IDE,,,,80,23,0,0,0,0,0,0,0,0,0
772,KYOCERA,,CK-80GS,3.5,SCSI,,,,83,23,0,0,0,0,0,0,0,0,0
773,KYOCERA,,"KC 20A",3H,MFM,J,,,21,65,835,4,17,0,0,0,,615,40
774,KYOCERA,,"KC 20B",3H,MFM,N,,,21,62,800,4,17,0,0,0,,614,40
775,KYOCERA,,"KC 20C",3.5,MFM,,,,21,0,615,4,17,0,0,0,0,0,0
776,KYOCERA,,"KC 30A",3H,RLL,J,,,33,65,835,4,26,0,0,0,,615,40
777,KYOCERA,,"KC 30B",3H,RLL,N,,,33,62,800,4,26,0,0,0,,614,40
778,KYOCERA,,"KC 40GA",3H,AT-BUS,J,,,41,28,1069,2,17,0,0,0,,1068,40
779,KYOCERA,,"KC 80C",3H,SCSI,J,,,87,28,788,8,27,0,0,0,,787,40
780,KYOCERA,,"KC 80GA",3.5,IDE,N,,,80,23,0,0,0,0,0,0,0,0,0
781,KYOCERA,,"KC 80GS",3.5,SCSI,N,,,83,23,0,0,0,0,0,0,0,0,0
782,LAPINE,,3062,,MFM,,,,0,0,306,4,17,0,0,0,0,0,0
783,LAPINE,,3062,,MFM,,,,10,0,306,4,17,0,0,0,0,0,0
784,LAPINE,,3512,,MFM,,,,10,0,306,4,17,0,0,0,0,0,0
785,LAPINE,,3522,,MFM,,,,10,0,306,4,17,0,0,0,0,0,0
786,LAPINE,,"LT 200",3.5,MFM,N,,,20,65,614,4,17,0,0,0,0,0,0
787,LAPINE,,"LT 2000",,MFM,,,,20,61,615,4,17,0,0,0,0,0,0
788,LAPINE,,LT4000,3.5,SCSI,,,,40,0,0,0,0,0,0,0,0,0,0
789,LAPINE,,LX200,,MFM,,,,20,0,615,4,17,0,0,0,0,0,0
790,LAPINE,,LX2000,,MFM,,,,20,0,615,4,17,0,0,0,0,0,0
793,LAPINE,,T-10,,MFM,,,,10,0,615,2,17,0,0,0,0,0,0
794,LAPINE,,T-20,,MFM,,,,20,61,615,4,17,0,0,0,0,0,0
795,LAPINE,,T-30,,RLL,,,,0,61,615,4,27,0,0,0,0,0,0
796,LAPINE,,T-300,,RLL,,,,32,61,615,4,26,0,0,0,0,0,0
791,LAPINE,,"TITAN 20 / LT20",3H,MFM,N,1992-12-10,,21,65,615,4,17,0,0,0,,614,0
792,LAPINE,,"TITAN 30 / LT30",3H,RLL,N,1992-12-10,,32,65,615,4,26,0,0,0,,614,0
797,"LIBERTY SYSTEMS",,2040C,2.5,SCSI,,,,40,19,0,0,0,0,0,0,0,0,100
799,"LIBERTY SYSTEMS",,3020C(P),2.5,SCSI,,,,20,19,0,0,0,0,0,0,0,0,100
798,"LIBERTY SYSTEMS",,3020CT,2.5,SCSI,,,,20,19,0,0,0,0,0,0,0,0,100
801,"LIBERTY SYSTEMS",,3040C(P),2.5,SCSI,,,,40,19,0,0,0,0,0,0,0,0,100
800,"LIBERTY SYSTEMS",,3040CT,2.5,SCSI,,,,40,19,0,0,0,0,0,0,0,0,100
802,"LIBERTY SYSTEMS",,50105Q(P),3.5,SCSI/PA,,,,105,12,0,0,0,0,0,0,0,0,60
803,"LIBERTY SYSTEMS",,50120C(P),3.5,SCSI/PA,,,,120,19,0,0,0,0,0,0,0,0,60
804,"LIBERTY SYSTEMS",,5052Q(P),3.5,SCSI/PA,,,,52,12,0,0,0,0,0,0,0,0,60
805,"LIBERTY SYSTEMS",,70105Q,3.5,SCSI,,,,105,12,0,0,0,0,0,0,0,0,60
806,"LIBERTY SYSTEMS",,70170Q,3.5,SCSI,,,,170,9,0,0,0,0,0,0,0,0,50
807,"LIBERTY SYSTEMS",,70210Q,3.5,SCSI,,,,210,9,0,0,0,0,0,0,0,0,50
808,"LIBERTY SYSTEMS",,70340M,3.5,SCSI,,,,340,12,0,0,0,0,0,0,0,0,150
809,"LIBERTY SYSTEMS",,7040Q,3.5,SCSI,,,,40,9,0,0,0,0,0,0,0,0,50
810,"LIBERTY SYSTEMS",,70425Q,3.5,SCSI,,,,425,10,0,0,0,0,0,0,0,0,50
811,"LIBERTY SYSTEMS",,7052Q,3.5,SCSI,,,,52,12,0,0,0,0,0,0,0,0,60
812,MAGTRON,,MT-4170E,5F,ESDI,+,1992-12-10,,170,25,1598,6,0,0,0,0,0,0,30
813,MAGTRON,,MT-4170S,5F,SCSI,+,1992-12-10,,170,25,1598,6,0,0,0,0,0,0,30
814,MAXTOR,,"7040A CHEYENNE",3.5,IDE,Y,,,40,17,1170,2,36,981,5,17,0,0,150
815,MAXTOR,,"7040S CHEYENNE",3.5,SCSI,Y,,,40,17,1155,2,36,0,0,0,0,0,150
816,MAXTOR,,"7060A CHEYENNE",3.5,IDE,Y,,,65,15,0,2,0,1024,7,17,0,0,150
817,MAXTOR,,"7060S CHEYENNE",3.5,SCSI,Y,,,65,15,0,2,0,0,0,0,0,0,150
818,MAXTOR,,"7080A CHEYENNE",3.5,IDE,Y,,,81,17,1170,4,36,936,10,18,0,0,150
819,MAXTOR,,7080AT,3.5,AT,,,,80,19,980,10,17,980,10,17,0,0,0
820,MAXTOR,,"7080S CHEYENNE",3.5,SCSI,Y,,,80,17,1166,4,30,0,0,0,0,0,150
821,MAXTOR,,"7120A CHEYENNE",3.5,IDE,Y,,,130,15,1516,4,42,936,16,17,0,0,150
822,MAXTOR,,"7120S CHEYENNE",3.5,SCSI,Y,,,130,15,1516,4,42,0,0,0,0,0,150
823,MAXTOR,,7213A,,IDE,J,,,202,15,1698,4,42,683,16,38,0,0,150
824,MAXTOR,,7213S,,SCSI,J,,,202,15,1698,4,42,0,0,0,0,0,150
825,MAXTOR,,8051A,3.5,IDE,Y,,,42,28,745,4,28,0,0,0,0,0,150
826,MAXTOR,,LTX-340,3.5,"SCSI 2",+,1992-12-10,,340,15,1560,7,70,0,0,0,0,0,50
827,MAXTOR,,LXT-100A,3H,AT-BUS,J,,,96,27,733,8,32,0,0,0,,732,40
828,MAXTOR,,LXT-100S,3H,SCSI,J,,,96,27,733,8,32,0,0,0,,732,40
829,MAXTOR,,LXT-200A,3H,AT-BUS,J,,,207,15,1320,7,33,815,15,32,,1319,50
830,MAXTOR,,LXT-200S,3H,SCSI,J,,,207,15,1320,7,33,0,0,0,,1319,50
831,MAXTOR,,LXT-213A,3.5,IDE,Y,,,212,15,1320,7,38,683,16,38,0,0,150
832,MAXTOR,,LXT-213S,3.5,SCSI,Y,,,212,15,1320,7,38,0,0,0,0,0,150
833,MAXTOR,,LXT-340A,3.5,IDE,Y,,,340,13,1560,7,64,0,0,0,0,0,150
834,MAXTOR,,LXT-340S,3.5,SCSI,Y,,,340,13,1560,7,64,0,0,0,0,0,150
835,MAXTOR,,LXT-437A,3.5,IDE,Y,,,437,13,1560,9,64,0,0,0,0,0,150
836,MAXTOR,,LXT-437S,3.5,SCSI,Y,,,437,13,1560,9,64,0,0,0,0,0,150
837,MAXTOR,,LXT-50A,3H,AT-BUS,J,,,48,27,733,4,32,0,0,0,,732,40
838,MAXTOR,,LXT-50S,3H,SCSI,J,,,48,27,733,4,32,0,0,0,,732,40
839,MAXTOR,,LXT-535A,3.5,IDE,Y,,,535,13,1560,11,60,0,0,0,0,0,150
840,MAXTOR,,LXT-535S,3.5,SCSI,Y,,,535,13,1560,11,60,0,0,0,0,0,150
841,MAXTOR,,MXT-1240S,,SCSI,,,,1024,9,0,0,0,0,0,0,0,0,300
842,MAXTOR,,MXT-540SL,,SCSI,,,,500,9,0,0,0,0,0,0,0,0,300
843,MAXTOR,,"P0-12S PANTHER",5.2,SCSI2,Y,,,1027,13,1376,15,96,0,0,0,0,0,100
844,MAXTOR,,P1-08,5F,ESDI,+,1992-12-10,,696,13,1778,9,85,0,0,0,0,0,100
845,MAXTOR,,"P1-08E PANTHER",5.2,ESDI,Y,,,696,13,1778,9,85,0,0,0,0,0,100
846,MAXTOR,,"P1-08S PANTHER",5.2,SCSI2,Y,,,696,13,1778,9,85,0,0,0,0,0,100
847,MAXTOR,,P1-12,5F,ESDI,+,1992-12-10,,1065,13,1778,15,78,0,0,0,0,0,100
848,MAXTOR,,"P1-12E PANTHER",5.2,ESDI,Y,,,1051,13,1216,15,85,0,0,0,0,0,150
849,MAXTOR,,"P1-12S PANTHER",5.2,SCSI2,Y,,,1005,11,1216,19,85,0,0,0,0,0,100
850,MAXTOR,,"P1-13E PANTHER",5F,ESDI,+,1992-12-10,,1161,13,1778,15,85,0,0,0,0,0,100
851,MAXTOR,,"P1-16E PANTHER",5.2,ESDI,Y,,,1331,13,0,19,0,0,0,0,0,0,150
852,MAXTOR,,"P1-17S PANTHER",5.2,SCSI2,Y,,,1470,13,1778,19,85,0,0,0,0,0,100
853,MAXTOR,,P2-08S,5F,"SCSI 2",+,1992-12-10,,664,13,1778,7,111,0,0,0,0,0,100
854,MAXTOR,,P2-12S,5F,"SCSI 2",+,1992-12-10,,1065,11,1254,15,111,0,0,0,0,0,100
855,MAXTOR,,"P2-17E PANTHER",5.2,ESDI,Y,,,1470,13,1778,19,85,0,0,0,0,0,100
856,MAXTOR,,P2-17S,5F,"SCSI 2",+,1992-12-10,,1424,13,1778,15,111,0,0,0,0,0,100
857,MAXTOR,,XT-1065,5F,MFM,J,,,56,27,918,7,17,0,0,0,,917,70
858,MAXTOR,,XT-1085,5F,MFM,J,,,71,27,1024,8,17,0,0,0,,1023,70
859,MAXTOR,,XT-1105,5F,MFM,J,,,87,27,918,11,17,0,0,0,,917,70
860,MAXTOR,,XT-1120R,5F,RLL,J,,,105,27,1024,8,26,0,0,0,,1023,70
861,MAXTOR,,XT-1140,5F,MFM,J,,,120,27,918,15,17,0,0,0,,917,70
862,MAXTOR,,XT-1240R,5F,RLL,J,,,197,27,1024,15,26,0,0,0,,1023,70
863,MAXTOR,,XT-2085,5.2,MFM,,1992-12-10,,75,30,1224,7,17,0,0,0,1225,0,0
864,MAXTOR,,XT-2085-,,MFM,,,,60,0,1024,7,17,0,0,0,0,0,0
865,MAXTOR,,XT-2140,5.2,MFM,,1992-12-10,,117,30,1224,11,17,0,0,0,1225,0,0
866,MAXTOR,,XT-2140-,,MFM,,,,93,0,1024,11,17,0,0,0,0,0,0
867,MAXTOR,,XT-2190,5.2,MFM,,1992-12-10,,160,30,1224,15,17,0,0,0,0,0,70
868,MAXTOR,,XT-2190-,,MFM,,,,128,0,1024,15,17,0,0,0,0,0,0
869,MAXTOR,,XT-3170,5.2,SCSI,N,,,147,30,1224,9,26,0,0,0,0,0,0
870,MAXTOR,,XT-3280,5.2,SCSI,N,,,244,30,1224,15,26,0,0,0,0,0,0
871,MAXTOR,,XT-3380,5.2,SCSI,N,,,319,27,1224,15,34,0,0,0,0,0,0
872,MAXTOR,,XT-4170E,5F,ESDI,J,,,158,14,1224,7,36,0,0,0,,1223,70
873,MAXTOR,,XT-4170S,5F,SCSI,J,,,158,14,1224,7,36,0,0,0,,1223,70
874,MAXTOR,,XT-4175E,5F,ESDI,N,1992-12-10,,144,27,1224,7,36,0,0,0,0,0,20
875,MAXTOR,,XT-4280E,5F,ESDI,,1992-12-10,,230,27,1224,11,34,0,0,0,0,0,20
876,MAXTOR,,XT-4280S,5F,SCSI,,1992-12-10,,234,27,1224,11,36,0,0,0,0,0,20
877,MAXTOR,,XT-4380,,MFM,,,,152,16,1314,7,32,816,15,32,0,0,0
878,MAXTOR,,XT-4380E,5F,ESDI,J,,,338,16,1224,15,36,0,0,0,,1223,70
879,MAXTOR,,XT-4380S,5F,SCSI,J,,,338,16,1224,15,36,0,0,0,,1223,70
880,MAXTOR,,XT-8051A,3.5,IDE,J,,,42,28,745,4,28,0,0,0,0,0,150
881,MAXTOR,,XT-8380E,5F,ESDI,J,,,361,14,1632,8,54,0,0,0,,1631,40
882,MAXTOR,,XT-8380S,5F,SCSI,J,,,360,14,1632,8,54,0,0,0,,1631,40
883,MAXTOR,,XT-8610E,5F,ESDI,+,1992-12-10,,541,16,1632,12,54,0,0,0,0,0,60
884,MAXTOR,,XT-8702S,,SCSI,,,,616,16,1490,15,54,0,0,0,0,0,0
885,MAXTOR,,XT-8760E,5F,ESDI,J,,,677,16,1632,15,54,0,0,0,,1631,40
886,MAXTOR,,XT-8760S,5F,SCSI,J,,,676,16,1632,15,54,0,0,0,,1631,40
887,MAXTOR,,XT-8800E,5F,ESDI,+,1992-12-10,,695,15,1249,15,69,0,0,0,0,0,60
888,MCR,,6091-5101,5.2,SCSI,Y,,,300,27,0,0,9,0,0,0,0,0,0
889,MEC,,D5392,5.2,IPI2,Y,,,1300,14,0,16,0,0,0,0,0,0,100
890,MEGADRIVE,,P-105,3.5,SCSI,,,,105,19,1019,0,0,0,0,0,0,0,50
891,MEGADRIVE,,P-120,3.5,SCSI,Y,,,120,14,1123,0,0,0,0,0,0,0,50
892,MEGADRIVE,,P-170,3.5,SCSI,Y,,,170,14,1123,0,0,0,0,0,0,0,50
893,MEGADRIVE,,P-210,3.5,SCSI,Y,,,210,14,1156,0,0,0,0,0,0,0,50
894,MEGADRIVE,,P-42,3.5,SCSI,Y,,,42,19,834,0,0,0,0,0,0,0,50
895,MEGADRIVE,,P-425,3.5,SCSI,Y,,,425,9,0,0,0,0,0,0,0,0,75
896,MEGADRIVE,,P-84,3.5,SCSI,Y,,,84,19,834,0,0,0,0,0,0,0,50
897,MEMOREX,,321,,MFM,,,,5,0,320,2,17,0,0,0,128,0,0
898,MEMOREX,,322,,MFM,,,,10,0,320,4,17,0,0,0,128,0,0
899,MEMOREX,,323,,MFM,,,,15,0,320,6,17,0,0,0,128,0,0
900,MEMOREX,,324,,MFM,,,,21,0,320,8,17,0,0,0,128,0,0
901,MEMOREX,,450,,MFM,,,,10,0,612,2,17,0,0,0,350,0,0
902,MEMOREX,,512,,MFM,,,,23,0,961,3,17,0,0,0,480,0,0
903,MEMOREX,,513,,MFM,,,,39,0,961,5,17,0,0,0,480,0,0
904,MEMOREX,,514,,MFM,,,,47,0,960,6,17,0,0,0,480,0,0
905,MICROPOLIS,,1302,,MFM,y,1992-12-10,,21,30,0,3,17,0,0,0,0,0,20
906,MICROPOLIS,,1303,,MFM,Y,1992-12-10,,36,30,830,5,17,0,0,0,0,0,20
907,MICROPOLIS,,1304,,MFM,Y,1992-12-10,,43,30,830,6,17,0,0,0,0,0,20
908,MICROPOLIS,,1323,5F,MFM,J,,,35,28,1024,4,17,0,0,0,,1023,35
909,MICROPOLIS,,1323A,5F,MFM,J,,,44,28,1024,5,17,0,0,0,,1023,35
910,MICROPOLIS,,1324,5F,MFM,J,,,53,28,1024,6,17,0,0,0,,1023,35
911,MICROPOLIS,,1324A,5F,MFM,J,,,62,28,1024,7,17,0,0,0,,1023,35
912,MICROPOLIS,,1325,5F,MFM,J,,,71,28,1024,8,17,0,0,0,,1023,35
913,MICROPOLIS,,1333,,MFM,,,,34,28,1024,4,17,0,0,0,0,0,0
914,MICROPOLIS,,1333A,5F,MFM,J,,,44,30,1024,5,17,0,0,0,,1023,25
915,MICROPOLIS,,1334,5F,MFM,J,,,53,30,1024,6,17,0,0,0,,1023,25
916,MICROPOLIS,,1334A,,RLL,,,,62,28,1024,7,17,0,0,0,0,1023,0
917,MICROPOLIS,,1335,5F,MFM,J,,,71,28,1024,8,17,0,0,0,,1023,25
918,MICROPOLIS,,1352,,ESDI,,,,36,23,1024,2,36,0,0,0,0,0,0
919,MICROPOLIS,,1352A,,ESDI,,,,54,23,1024,3,36,0,0,0,0,0,0
920,MICROPOLIS,,1353,5F,ESDI,J,,,75,23,1024,4,36,0,0,0,,1023,30
921,MICROPOLIS,,"1353 PAK",5F,ESDI,J,,,71,23,1024,4,36,0,0,0,,1023,30
922,MICROPOLIS,,1353A,5F,ESDI,J,,,94,23,1024,5,36,0,0,0,,1023,30
923,MICROPOLIS,,"1353A PAK",5F,ESDI,J,,,88,23,1024,5,36,0,0,0,,1023,30
924,MICROPOLIS,,1354,5F,ESDI,J,,,113,23,1024,6,36,0,0,0,,1023,30
925,MICROPOLIS,,"1354 PAK",5F,ESDI,J,,,106,23,1024,6,36,0,0,0,,1023,30
926,MICROPOLIS,,1354A,5F,ESDI,J,,,132,23,1024,7,36,0,0,0,,1023,30
927,MICROPOLIS,,"1354A PAK",5F,ESDI,J,,,124,23,1024,7,36,0,0,0,,1023,30
928,MICROPOLIS,,1355,5F,ESDI,J,,,150,23,1024,8,36,0,0,0,,1023,30
929,MICROPOLIS,,"1355 PAK",5F,ESDI,J,,,142,23,1024,8,36,0,0,0,,1023,30
930,MICROPOLIS,,1373,5F,SCSI,J,,,76,23,1016,4,19,0,0,0,,1015,30
931,MICROPOLIS,,"1373 PAK",5F,SCSI,N,,,72,23,1018,4,35,0,0,0,,1017,30
932,MICROPOLIS,,1373A,5F,SCSI,J,,,95,23,1016,5,19,0,0,0,,1015,30
933,MICROPOLIS,,"1373A PAK",5F,SCSI,N,,,91,23,1018,5,35,0,0,0,,1017,30
934,MICROPOLIS,,1374,5F,SCSI,J,,,115,23,1016,6,19,0,0,0,,1015,30
935,MICROPOLIS,,"1374 PAK",5F,SCSI,N,,,109,23,1018,6,35,0,0,0,,1017,30
936,MICROPOLIS,,1374A,5F,SCSI,J,,,134,23,1016,7,19,0,0,0,,1015,30
937,MICROPOLIS,,"1374A PAK",5F,SCSI,N,,,127,23,1018,7,35,0,0,0,,1017,30
938,MICROPOLIS,,1375,5F,SCSI,J,,,153,23,1016,8,19,0,0,0,,1015,30
939,MICROPOLIS,,"1375 PAK",5F,SCSI,N,,,145,23,1018,8,35,0,0,0,,1017,30
940,MICROPOLIS,,13X3,,,,,,34,0,1024,4,0,0,0,0,0,0,0
941,MICROPOLIS,,13X3A,,,,,,42,0,1024,5,0,0,0,0,0,0,0
942,MICROPOLIS,,13X4,,,,,,50,0,1024,6,0,0,0,0,0,0,0
943,MICROPOLIS,,13X4A,,,,,,60,0,1024,7,0,0,0,0,0,0,0
944,MICROPOLIS,,13X5,,,,,,68,28,1024,8,0,0,0,0,0,0,0
945,MICROPOLIS,,1516-10S,5F,ESDI,+,1992-12-10,,678,14,1840,10,72,0,0,0,0,0,150
946,MICROPOLIS,,1517-13,5F,ESDI,+,1992-12-10,,922,14,1925,13,72,0,0,0,0,0,150
947,MICROPOLIS,,1518,5.2,ESDI,Y,,,1346,15,0,0,0,0,0,0,0,0,150
948,MICROPOLIS,,1518-14,5F,ESDI,+,1992-12-10,,993,14,1925,14,72,0,0,0,0,0,150
949,MICROPOLIS,,1518-15,5F,ESDI,+,1992-12-10,,1064,14,1925,15,72,0,0,0,0,0,150
950,MICROPOLIS,,1528-15,5F,SCSI,+,1992-12-10,,1400,14,1952,15,0,0,0,0,0,0,150
951,MICROPOLIS,,1528-15(D),5.2,SCSI2D,Y,,,1354,15,2106,15,84,0,0,0,0,0,150
952,MICROPOLIS,,1538-15,5.2,ESDI,Y,,,871,15,1925,15,71,0,0,0,0,0,150
953,MICROPOLIS,,1548(D),5.2,SCSI2,Y,,,1748,14,0,0,0,0,0,0,0,0,150
954,MICROPOLIS,,1551,,MFM,,,,59,30,1024,7,17,0,0,0,0,0,0
955,MICROPOLIS,,1554,,MFM,,,,111,30,1224,11,17,0,0,0,0,0,0
956,MICROPOLIS,,1555,,MFM,,,,121,30,1224,12,17,0,0,0,0,0,0
957,MICROPOLIS,,1556,,MFM,,,,132,30,1224,13,17,0,0,0,0,0,0
958,MICROPOLIS,,1556-11,5F,ESDI,N,,,248,18,1224,11,36,0,0,0,,1223,150
959,MICROPOLIS,,1557,,MFM,,,,142,30,1224,14,17,0,0,0,0,0,0
960,MICROPOLIS,,1557-12,5F,ESDI,N,,,270,18,1224,12,36,0,0,0,,1223,150
961,MICROPOLIS,,1557-13,5F,ESDI,N,,,293,18,1224,13,36,0,0,0,,1223,150
962,MICROPOLIS,,1557-14,,ESDI,,,,0,18,1224,14,36,0,0,0,0,0,0
963,MICROPOLIS,,1557-15,,ESDI,,,,0,18,1224,15,36,0,0,0,0,0,0
964,MICROPOLIS,,1558,,MFM,,,,152,30,1224,15,17,0,0,0,0,0,0
965,MICROPOLIS,,1558-14,5F,ESDI,N,,,315,18,1224,14,36,0,0,0,,1223,150
966,MICROPOLIS,,1558-15,5F,ESDI,N,,,338,18,1224,15,36,0,0,0,,1223,150
967,MICROPOLIS,,"1558-15 PAK",5F,ESDI,N,,,314,18,1224,15,36,0,0,0,,1223,150
968,MICROPOLIS,,1565-8S,5F,ESDI,+,1992-12-10,,330,16,1632,8,0,0,0,0,0,0,150
969,MICROPOLIS,,1566-11,5F,ESDI,N,,,496,16,1632,11,54,0,0,0,,1631,150
970,MICROPOLIS,,1567-12,5F,ESDI,N,,,541,16,1632,12,54,0,0,0,,1631,150
971,MICROPOLIS,,1567-13,5F,ESDI,N,,,586,16,1632,13,54,0,0,0,,1631,150
972,MICROPOLIS,,1568-14,5F,ESDI,N,,,631,16,1632,14,54,0,0,0,,1631,150
973,MICROPOLIS,,1568-15,5F,ESDI,N,,,676,16,1632,15,54,0,0,0,,1631,150
974,MICROPOLIS,,1576-11,5F,SCSI,N,,,243,18,1220,11,36,0,0,0,,1219,150
975,MICROPOLIS,,1577-12,5F,SCSI,N,,,266,18,1220,12,36,0,0,0,,1219,150
976,MICROPOLIS,,1577-13,5F,SCSI,N,,,287,18,1220,13,36,0,0,0,,1219,150
977,MICROPOLIS,,1578-14,5F,SCSI,N,,,310,18,1220,14,36,0,0,0,,1219,150
978,MICROPOLIS,,1578-15,5F,SCSI,N,,,332,18,1220,15,36,0,0,0,,1219,150
979,MICROPOLIS,,"1578-15 PAK",5F,SCSI,N,,,327,18,1218,15,35,0,0,0,,1217,150
980,MICROPOLIS,,1578-15(D),5.2,SCSI(D),Y,,,331,16,1224,15,36,0,0,0,0,0,150
981,MICROPOLIS,,1585-8S,5F,SCSI,+,1992-12-10,,344,16,1632,8,54,0,0,0,0,0,150
982,MICROPOLIS,,1586-11,5F,SCSI,N,,,490,16,1628,11,54,0,0,0,,1627,50
983,MICROPOLIS,,1587-12,5F,SCSI,N,,,535,16,1628,12,54,0,0,0,,1627,50
984,MICROPOLIS,,1587-13,5F,SCSI,N,,,579,16,1628,13,54,0,0,0,,1627,50
985,MICROPOLIS,,1588-14,5F,SCSI,N,,,624,16,1628,14,54,0,0,0,,1627,50
986,MICROPOLIS,,1588-15,5F,SCSI,N,,,668,16,1628,15,54,0,0,0,,1627,50
987,MICROPOLIS,,1596-10S,5,SCSI,,,,668,0,1834,10,0,0,0,0,0,0,0
988,MICROPOLIS,,1597-10S,,SCSI,,,,0,13,1834,10,54,0,0,0,0,0,0
989,MICROPOLIS,,1597-13,5F,SCSI,+,1992-12-10,,897,14,1919,13,71,0,0,0,0,0,150
990,MICROPOLIS,,1598-14,5F,SCSI,+,1992-12-10,,965,14,1919,14,71,0,0,0,0,0,150
991,MICROPOLIS,,1598-15,5F,SCSI,+,1992-12-10,,1034,14,1919,15,71,0,0,0,0,0,150
992,MICROPOLIS,,1653-4,5H,ESDI,N,,,92,16,1249,4,36,0,0,0,,1248,150
993,MICROPOLIS,,1653-5,5H,ESDI,N,,,115,16,1249,5,36,0,0,0,,1248,150
994,MICROPOLIS,,1654-6,5H,ESDI,N,,,138,16,1249,6,36,0,0,0,,1248,150
995,MICROPOLIS,,1654-7,5H,ESDI,N,,,161,16,1249,7,36,0,0,0,,1248,150
996,MICROPOLIS,,1663-4,5H,ESDI,+,1992-12-10,,197,14,1780,4,54,0,0,0,0,0,150
997,MICROPOLIS,,1663-5,5H,ESDI,+,1992-12-10,,246,14,1780,5,54,0,0,0,0,0,150
998,MICROPOLIS,,1664-6,5H,ESDI,+,1992-12-10,,295,14,1780,6,54,0,0,0,0,0,150
999,MICROPOLIS,,1664-7,5H,ESDI,N,,,385,14,1780,7,36,0,0,0,,1779,150
1000,MICROPOLIS,,1673-4,5H,SCSI,N,,,90,16,1245,4,36,0,0,0,,1244,150
1001,MICROPOLIS,,1673-5,5H,SCSI,N,,,112,16,1245,5,36,0,0,0,,1244,150
1002,MICROPOLIS,,1674-6,5H,SCSI,N,,,135,16,1245,6,36,0,0,0,,1244,150
1003,MICROPOLIS,,1674-7,5H,SCSI,N,,,158,16,1245,7,36,0,0,0,,1244,150
1004,MICROPOLIS,,1683-4,5H,SCSI,N,,,193,14,1776,4,54,0,0,0,,1775,50
1005,MICROPOLIS,,1683-5,5H,SCSI,N,,,242,14,1776,5,54,0,0,0,,1775,50
1006,MICROPOLIS,,1684-6,5H,SCSI,N,,,291,14,1776,6,54,0,0,0,,1775,50
1007,MICROPOLIS,,1684-7,5H,SCSI,N,,,340,14,1776,7,54,0,0,0,,1775,50
1008,MICROPOLIS,,1743-5,,ESDI,,,,0,15,1140,5,48,0,0,0,0,0,0
1009,MICROPOLIS,,1744-6,,ESDI,,,,0,15,1140,6,48,0,0,0,0,0,0
1010,MICROPOLIS,,1744-7,,ESDI,,,,0,15,1140,7,48,0,0,0,0,0,0
1011,MICROPOLIS,,1745-8,,ESDI,,,,0,15,1140,8,48,0,0,0,0,0,0
1012,MICROPOLIS,,1745-9,,ESDI,,,,0,15,1140,9,48,0,0,0,0,0,0
1013,MICROPOLIS,,1773-5,,SCSI,,,,133,15,1140,5,48,0,0,0,0,0,0
1014,MICROPOLIS,,1774-6,,SCSI,,,,160,15,1140,6,48,0,0,0,0,0,0
1015,MICROPOLIS,,1774-7,,SCSI,,,,187,15,1140,7,48,0,0,0,0,0,0
1016,MICROPOLIS,,1775-8,,SCSI,,,,0,15,1140,8,48,0,0,0,0,0,0
1017,MICROPOLIS,,1775-9,,SCSI,,,,0,15,1140,9,48,0,0,0,0,0,0
1018,MICROPOLIS,,2112,3.5,SCSI2,Y,,,1000,10,0,0,0,0,0,0,0,0,0
1019,MICROPOLIS,,2112A,3.5,AT,,,,1050,10,2034,16,63,0,0,0,0,0,0
1020,MICROSCIENCE,,21200,5.2,ESDI,Y,,,1062,13,1921,15,72,0,0,0,0,0,100
1021,MICROSCIENCE,,2777,5.2,ESDI,Y,,,687,14,1658,15,54,0,0,0,0,0,100
1022,MICROSCIENCE,,31200,5.2,SCSI2,Y,,,1062,13,1921,15,72,0,0,0,0,0,100
1023,MICROSCIENCE,,3777,5.2,SCSI2,Y,,,687,14,1658,15,54,0,0,0,0,0,100
1024,MICROSCIENCE,,5100-20,3.5,ESDI,Y,,,120,18,960,7,35,0,0,0,0,0,60
1025,MICROSCIENCE,,6100-20,3.5,SCSI,Y,,,120,18,960,7,35,0,0,0,0,0,60
1026,MICROSCIENCE,,7100-20,3.5,IDE,Y,,,120,18,960,7,35,0,0,0,0,0,60
1027,MICROSCIENCE,,7200,3.5,IDE,Y,,,201,18,1277,7,44,0,0,0,0,0,65
1028,MICROSCIENCE,,FH-2414,5.2,ESDI,Y,,,414,14,0,0,0,0,0,0,0,0,0
1029,MICROSCIENCE,,FH-2777E,5.2,ESDI,Y,,,777,14,0,0,0,0,0,0,0,0,50
1030,MICROSCIENCE,,FH-2777S,5.2,SCSI,Y,,,777,14,0,0,0,0,0,0,0,0,50
1031,MICROSCIENCE,,FH-3414,5.2,SCSI,Y,,,414,14,0,0,0,0,0,0,0,0,0
1032,MICROSCIENCE,,FH-3777E,5.2,ESDI,Y,,,1050,14,0,0,0,0,0,0,0,0,50
1033,MICROSCIENCE,,FH-3777S,5.2,SCSI,Y,,,1050,14,0,0,0,0,0,0,0,0,50
1034,MICROSCIENCE,,HH-1050,5H,MFM,J,,,45,28,1024,5,17,0,0,0,,1023,140
1035,MICROSCIENCE,,HH-1060,5H,RLL,J,,,68,28,1024,5,26,0,0,0,,1023,140
1036,MICROSCIENCE,,HH-1075,5H,MFM,J,,,62,28,1024,7,17,0,0,0,,1023,40
1037,MICROSCIENCE,,HH-1080,5.2,RLL,Y,,,65,28,1024,5,26,0,0,0,0,0,0
1038,MICROSCIENCE,,HH-1090,5H,MFM,J,,,80,28,1314,7,17,0,0,0,,1313,40
1039,MICROSCIENCE,,HH-1095,5H,RLL,J,,,95,28,1024,7,26,0,0,0,,1023,40
1040,MICROSCIENCE,,HH-1120,5H,RLL,J,,,122,28,1314,7,26,0,0,0,,1313,40
1041,MICROSCIENCE,,HH-2012,,ESDI,,,,10,0,306,4,0,0,0,0,0,0,0
1042,MICROSCIENCE,,HH-2120,5H,ESDI,J,,,128,28,1024,7,35,0,0,0,,1023,40
1043,MICROSCIENCE,,HH-2160,5H,ESDI,J,,,160,28,1276,7,35,0,0,0,,1275,40
1044,MICROSCIENCE,,HH-312,,MFM,,,,10,0,306,4,17,0,0,0,0,0,0
1045,MICROSCIENCE,,HH-3120,5H,SCSI,J,,,121,28,1314,5,36,0,0,0,,1313,40
1046,MICROSCIENCE,,HH-315,,MFM,,,,10,0,612,2,17,0,0,0,0,0,0
1047,MICROSCIENCE,,HH-3160,5H,SCSI,J,,,170,28,1314,7,36,0,0,0,,1313,40
1048,MICROSCIENCE,,HH-325,5H,MFM,J,,,21,99,615,4,17,0,0,0,,614,36
1049,MICROSCIENCE,,HH-330,,RLL,,,,31,0,612,4,26,0,0,0,0,0,0
1050,MICROSCIENCE,,HH-4050,3H,MFM,J,,,45,18,1024,5,17,0,0,0,,1023,36
1051,MICROSCIENCE,,HH-4060,3H,RLL,J,,,67,18,1024,5,17,0,0,0,,1023,36
1052,MICROSCIENCE,,HH-4070,3H,MFM,J,,,62,18,1024,7,17,0,0,0,,1023,36
1053,MICROSCIENCE,,HH-4090,3H,RLL,J,,,93,18,1024,7,17,0,0,0,,1023,36
1054,MICROSCIENCE,,HH-5100,3H,ESDI,J,,,110,18,855,7,36,0,0,0,,854,36
1055,MICROSCIENCE,,HH-6100,3H,SCSI,J,,,110,18,855,7,36,0,0,0,,854,36
1056,MICROSCIENCE,,HH-612,5H,MFM,J,,,10,99,306,4,17,0,0,0,,305,36
1057,MICROSCIENCE,,HH-625,,MFM,,,,20,0,612,4,17,0,0,0,0,0,0
1058,MICROSCIENCE,,HH-7040,3H,AT-BUS,J,,,47,18,855,3,36,0,0,0,,854,36
1059,MICROSCIENCE,,HH-7100,3H,AT-BUS,J,,,110,18,855,7,36,0,0,0,,854,36
1060,MICROSCIENCE,,HH-712,,MFM,,,,10,99,612,2,17,0,0,0,0,0,0
1061,MICROSCIENCE,,HH-725,5H,MFM,J,,,21,99,615,4,17,0,0,0,,614,36
1062,MICROSCIENCE,,HH-738,,RLL,,,,0,99,612,4,26,0,0,0,0,0,0
1063,MICROSCIENCE,,HH-738,,RLL,,,,31,99,612,4,26,0,0,0,0,0,0
1064,MICROSCIENCE,,HH-825,5H,MFM,J,,,21,65,615,4,17,0,0,0,,614,36
1065,MICROSCIENCE,,HH-830,5H,RLL,J,,,32,65,615,4,26,0,0,0,,614,36
1066,MICROSCIENCE,,"MS 10E",,,,,,0,0,656,2,0,0,0,0,0,0,0
1067,MICROSCIENCE,,"MS 15E",,,,,,0,0,522,4,0,0,0,0,0,0,0
1068,MICROSCIENCE,,"MS 20E",,,,,,0,0,656,4,0,0,0,0,0,0,0
1069,MICROSCIENCE,,"MS 30E",,,,,,0,0,656,6,0,0,0,0,0,0,0
1070,MICROSCIENCE,,"MS 5B",,,,,,0,0,336,2,0,0,0,0,0,0,0
1071,MINISCRIBE,,1006,,MFM,,,,0,0,153,2,17,0,0,0,0,0,0
1072,MINISCRIBE,,1012,,MFM,,,,0,0,153,4,17,0,0,0,0,0,0
1073,MINISCRIBE,,2006,,MFM,,,,0,0,307,2,17,0,0,0,0,0,0
1074,MINISCRIBE,,2006,,MFM,,,,35,0,512,8,17,0,0,0,0,0,0
1075,MINISCRIBE,,2012,,MFM,,,,10,0,306,4,17,0,0,0,128,0,0
1076,MINISCRIBE,,3006,,MFM,,,,5,0,306,2,17,0,0,0,0,0,0
1077,MINISCRIBE,,3012,,MFM,,,,10,0,612,2,17,0,0,0,0,0,0
1078,MINISCRIBE,,3053,5.2,MFM,,,,0,25,1024,5,17,0,0,0,0,0,0
1079,MINISCRIBE,,3053,5H,MFM,J,1990-08-23,,45,25,1024,5,17,0,0,0,0,1023,30
1080,MINISCRIBE,,3085,5H,MFM,J,,,71,22,1170,7,17,0,0,0,0,1169,35
1081,MINISCRIBE,,3085E,5.2,ESDI,,,,0,17,1270,3,0,0,0,0,0,0,0
1082,MINISCRIBE,,3085S,5.2,SCSI,,,,0,17,1255,3,0,0,0,0,0,0,0
1083,MINISCRIBE,,3130E,5H,ESDI,N,,,112,17,1250,5,0,0,0,0,0,1249,0
1084,MINISCRIBE,,3130S,5H,SCSI,N,,,115,17,1255,5,0,0,0,0,0,1254,0
1085,MINISCRIBE,,3180E,5H,ESDI,N,,,157,17,1254,7,0,0,0,0,0,1249,0
1086,MINISCRIBE,,3180S,5H,SCSI,N,,,160,17,1255,7,0,0,0,0,0,1254,0
1087,MINISCRIBE,,3212,5.2,MFM,,,,10,85,615,2,17,0,0,0,128,0,0
1088,MINISCRIBE,,"3212 PLUS",5.2,MFM,,,,0,53,615,2,17,0,0,0,0,0,0
1089,MINISCRIBE,,3412,,MFM,,,,10,0,306,4,17,0,0,0,0,0,0
1090,MINISCRIBE,,3425,5HH,MFM,,1992-12-10,,21,85,615,4,17,0,0,0,300,0,0
1091,MINISCRIBE,,"3425 PLUS",5.2,MFM,,,,0,0,612,4,17,0,0,0,0,0,0
1092,MINISCRIBE,,3438,,RLL,,1992-12-10,,31,85,615,4,26,0,0,0,300,0,0
1093,MINISCRIBE,,"3438 PLUS",5.2,RLL,,,,0,53,613,4,26,0,0,0,0,0,0
1094,MINISCRIBE,,3650,5H,MFM,N,,,42,61,809,6,17,0,0,0,300,849,0
1095,MINISCRIBE,,3675,5H,MFM,N,,,63,61,809,6,0,0,0,0,0,808,0
1096,MINISCRIBE,,4010,,MFM,,,,0,0,480,2,17,0,0,0,0,0,0
1097,MINISCRIBE,,4020,,MFM,,,,0,0,480,4,17,0,0,0,0,0,0
1098,MINISCRIBE,,5330,,MFM,,,,0,0,480,6,17,0,0,0,0,0,0
1099,MINISCRIBE,,5338,,MFM,,,,0,0,612,6,17,0,0,0,306,0,0
1100,MINISCRIBE,,5440,,MFM,,,,0,0,480,8,17,0,0,0,128,0,0
1101,MINISCRIBE,,5451,,MFM,,,,0,0,612,8,17,0,0,0,306,0,0
1102,MINISCRIBE,,6032,5F,MFM,+,1992-12-10,,27,28,1024,3,17,0,0,0,512,0,15
1103,MINISCRIBE,,6053,5F,MFM,+,1992-12-10,,44,28,1024,5,17,0,0,0,512,0,15
1104,MINISCRIBE,,6074,5F,MFM,+,1992-12-10,,62,28,1024,7,17,0,0,0,512,0,15
1105,MINISCRIBE,,6079,,,,,,66,28,1024,5,0,0,0,0,0,0,0
1106,MINISCRIBE,,6085,5F,MFM,N,,,71,28,1024,8,17,0,0,0,512,1023,0
1107,MINISCRIBE,,6128,5F,RLL,N,,,108,28,1024,8,26,0,0,0,512,1023,0
1108,MINISCRIBE,,6212,,MFM,,,,0,0,615,2,17,0,0,0,0,0,0
1109,MINISCRIBE,,7040A,3.5,AT,+,1992-12-10,,41,19,1159,2,36,0,0,0,0,0,40
1110,MINISCRIBE,,7040S,3.5,SCSI,+,1992-12-10,,40,19,1159,2,36,0,0,0,0,0,40
1111,MINISCRIBE,,7080A,3.5,AT,+,1992-12-10,,80,19,1159,4,36,0,0,0,0,0,40
1112,MINISCRIBE,,7080S,3.5,SCSI,+,1992-12-10,,80,19,1156,4,36,0,0,0,0,0,40
1113,MINISCRIBE,,7426,,MFM,,,,0,0,612,4,17,0,0,0,613,0,0
1114,MINISCRIBE,,8051,3.5,RLL,,,,0,0,981,5,26,0,0,0,0,0,0
1115,MINISCRIBE,,8051A,3H,AT-BUS,+,1992-12-10,,42,28,745,4,28,0,0,0,0,0,150
1116,MINISCRIBE,,8051S,3H,SCSI,N,,,42,28,745,4,0,0,0,0,0,744,0
1117,MINISCRIBE,,8212,,MFM,,,,0,0,615,2,17,0,0,0,128,0,0
1118,MINISCRIBE,,8225,3.5,RLL,,,,0,0,771,2,26,0,0,0,0,0,0
1119,MINISCRIBE,,8225A,3H,AT-BUS,N,,,21,40,0,0,0,0,0,0,0,0,0
1120,MINISCRIBE,,8225XT,3.5,RLL,,,,0,68,615,4,26,0,0,0,0,0,0
1121,MINISCRIBE,,8412,,MFM,,,,0,0,306,4,17,0,0,0,0,0,0
1122,MINISCRIBE,,8425,3H,MFM,N,,,21,68,615,4,17,0,0,0,300,614,20
1123,MINISCRIBE,,8425AT,3H,AT-BUS,N,,,43,40,745,4,0,0,0,0,0,744,0
1124,MINISCRIBE,,8425F,3H,MFM,N,,,21,40,615,4,17,0,0,0,0,614,20
1125,MINISCRIBE,,8425S,3H,SCSI,N,,,21,28,612,4,0,0,0,0,,611,0
1126,MINISCRIBE,,8425XT,3.5,MFM,,,,0,61,615,4,17,0,0,0,0,0,0
1127,MINISCRIBE,,8434F,3.5,RLL,,,,0,40,615,4,26,0,0,0,0,0,0
1128,MINISCRIBE,,8438,3H,RLL,N,,,33,68,615,4,26,0,0,0,,614,20
1129,MINISCRIBE,,8438F,3H,RLL,N,,,33,40,615,4,26,0,0,0,,614,20
1130,MINISCRIBE,,8438XT,3.5,MFM,,,,0,61,615,4,17,0,0,0,0,0,0
1131,MINISCRIBE,,8450,3H,RLL,N,,,41,45,771,4,26,0,0,0,0,770,30
1132,MINISCRIBE,,8450A,3H,AT-BUS,N,,,42,40,0,0,0,0,0,0,0,0,0
1133,MINISCRIBE,,8450AT,3.5,ESDI,,,,0,40,745,4,28,0,0,0,0,0,0
1134,MINISCRIBE,,8450XT,3.5,RLL,,,,0,45,805,4,26,0,0,0,0,0,0
1135,MINISCRIBE,,9000E,5,ESDI,,,,338,0,1224,15,0,0,0,0,0,0,0
1136,MINISCRIBE,,9000S,5,SCSI,,,,347,0,1220,15,0,0,0,0,0,0,0
1137,MINISCRIBE,,9230E,,ESDI,,1992-12-10,,197,0,1224,9,35,0,0,0,0,0,0
1138,MINISCRIBE,,9380E,5F,ESDI,N,,,338,16,1224,15,17,0,0,0,0,1223,0
1139,MINISCRIBE,,9380S,5F,SCSI,N,,,347,16,1224,15,0,0,0,0,0,1223,0
1140,MINISCRIBE,,9424E,5.2,ESDI,,,,0,17,1661,8,0,0,0,0,0,0,0
1141,MINISCRIBE,,9424S,5.2,SCSI,,,,0,17,1661,8,0,0,0,0,0,0,0
1142,MINISCRIBE,,9760E,5F,ESDI,+,1992-12-10,,640,16,0,0,0,0,0,0,0,0,0
1143,MINISCRIBE,,9780E,5F,ESDI,N,,,676,17,1661,15,0,0,0,0,0,1660,0
1144,MINISCRIBE,,9780S,5F,SCSI,N,,,668,17,1661,15,0,0,0,0,0,1660,0
1145,MINISCRIBE,,"MS 1006",,,,,,0,0,306,2,0,0,0,0,153,0,0
1146,MINISCRIBE,,"MS 1012",,,,,,0,0,306,4,0,0,0,0,0,0,0
1147,MINISCRIBE,,"MS 8051S",,MFM,,,,20,0,615,4,17,0,0,0,0,0,0
1148,MINISCRIBE,,MS6170E,5.2,ESDI,Y,,,130,28,1024,8,34,0,0,0,0,0,0
1149,MINISCRIBE,,MS8048,3.5,SCSI,,,,40,30,0,0,0,0,0,0,0,0,0
1150,MINISCRIBE,,MS8450S,3.5,SCSI,,,,40,68,809,4,0,0,0,0,0,0,0
1151,MITSUBISHI,,MR335,3H,MFM,N,,,44,20,1042,7,17,0,0,0,,742,30
1152,MITSUBISHI,,MR335,3.5,MFM,,1992-12-10,,45,20,743,7,17,0,0,0,0,0,30
1153,MITSUBISHI,,MR521,5.2,MFM,,,,10,85,612,2,17,0,0,0,0,0,0
1154,MITSUBISHI,,MR522,5.2,MFM,,1992-12-10,,21,85,612,4,17,0,0,0,300,0,0
1155,MITSUBISHI,,MR5310E,5.2,ESDI,,,,0,28,977,5,17,0,0,0,0,0,0
1156,MITSUBISHI,,MR5310E,5H,ESDI,,1992-12-10,,80,28,977,5,0,0,0,0,0,0,30
1157,MITSUBISHI,,MR533,5H,MFM,J,,,24,28,977,3,17,0,0,0,,976,20
1158,MITSUBISHI,,MR535,5H,MFM,J,,,42,28,977,5,17,0,0,0,,976,20
1159,MITSUBISHI,,MR535R,5.2,RLL,Y,,,65,28,1028,5,26,0,0,0,0,0,30
1160,MITSUBISHI,,MR535S,5H,SCSI,+,1992-12-10,,40,28,977,5,0,0,0,0,0,0,30
1161,MITSUBISHI,,MR537S,5H,SCSI,,1992-12-10,,60,28,977,5,0,0,0,0,0,0,30
1162,MITSUBISHI,,MR548,5H,MFM,,1992-12-10,,75,20,1225,7,17,0,0,0,0,0,30
1163,MITSUMI,,"309 AA",3H,AT,+,1992-12-10,,90,20,932,5,38,0,0,0,0,0,30
1164,MITSUMI,,"309 AC",3H,SCSI,+,1992-12-10,,90,20,932,5,38,0,0,0,0,0,30
1165,MITSUMI,,"313 AA",3H,AT,+,1992-12-10,,131,20,963,8,39,0,0,0,0,0,30
1166,MITSUMI,,"313 AC",3H,SCSI,+,1992-12-10,,131,20,963,8,39,0,0,0,0,0,30
1167,MITSUMI,,"354 VA",3H,AT,+,1992-12-10,,40,28,615,4,17,0,0,0,0,0,30
1168,MITSUMI,,"354 VC",3H,SCSI,+,1992-12-10,,40,28,615,4,17,0,0,0,0,0,30
1169,MMI,,"M 106",3.5,MFM,N,,,5,75,306,2,14,0,0,0,128,0,0
1170,MMI,,"M 112",3.5,MFM,,,,10,75,306,4,17,0,0,0,128,0,0
1171,MMI,,"M 125",3.5,MFM,,,,20,75,306,8,17,0,0,0,128,0,0
1172,MMI,,"M 206",,MFM,,,,5,75,306,2,17,0,0,0,128,0,0
1173,MMI,,"M 212",5.2,MFM,,,,10,70,306,4,17,0,0,0,128,0,0
1174,MMI,,"M 225",5.2,MFM,,,,20,75,306,8,17,0,0,0,128,0,0
1175,MMI,,"M 306",3.5,MFM,,,,5,75,306,2,17,0,0,0,128,0,0
1176,MMI,,"M 312",5.2,MFM,,,,10,75,306,4,17,0,0,0,128,0,0
1177,MMI,,"M 325",5.2,MFM,,,,20,75,306,8,17,0,0,0,128,0,0
1178,"NCL AMERICA",,9220,3.5,,Y,,,200,17,0,0,0,0,0,0,0,0,50
1179,NCR,,6091-5101,5.2,SCSI,J,,,300,27,0,9,0,0,0,0,0,0,0
1180,NCR,,6091-5301,5.2,SCSI,Y,,,630,25,0,15,0,0,0,0,0,0,0
1181,NEC,,D3126,3H,MFM,+,1992-12-10,,20,85,615,4,17,0,0,0,256,0,0
1182,NEC,,D3142,,,,,,0,0,642,8,0,0,0,0,0,0,0
1183,NEC,,D3142,3H,MFM,J,,,42,28,642,8,17,0,0,0,128,641,12
1184,NEC,,D3146H,3H,MFM,J,,,40,35,615,8,17,0,0,0,128,614,12
1185,NEC,,D3661,3H,ESDI,J,,,118,23,915,7,36,0,0,0,,914,0
1186,NEC,,D3735,3H,AT,+,1992-12-10,,45,25,1074,2,0,0,0,0,0,0,30
1187,NEC,,D3735,3.5,AT,,,,42,23,733,7,17,0,0,0,0,0,0
1188,NEC,,D3741,3H,AT,+,1992-12-10,,45,23,423,8,0,0,0,0,0,0,30
1189,NEC,,D3741,3.5,AT,,,,42,23,423,7,26,0,0,0,0,0,0
1190,NEC,,D3755,3.5,AT,+,1992-12-10,,105,25,1251,4,0,0,0,0,0,0,30
1191,NEC,,D3755,3.5,AT,,,,100,23,625,8,40,0,0,0,0,0,0
1192,NEC,,D3756,3.5,AT,,,,100,18,625,8,40,0,0,0,0,0,0
1193,NEC,,D3761,3.5,AT,+,1992-12-10,,104,20,733,7,0,0,0,0,0,0,30
1194,NEC,,D3761,3.5,AT,,,,108,16,915,7,35,0,0,0,0,0,0
1195,NEC,,D3765,3.5,AT,,,,168,14,743,8,58,0,0,0,0,0,0
1196,NEC,,D3772,3.5,AT,,,,315,14,0,0,0,0,0,0,0,0,0
1197,NEC,,D3781,3.5,IDE,Y,,,425,15,1464,9,63,0,0,0,0,0,50
1198,NEC,,D3781,3.5,AT,,,,406,14,825,16,63,0,0,0,0,0,0
1199,NEC,,D3835,3.5,SCSI,+,1992-12-10,,45,25,1074,2,0,0,0,0,0,0,30
1200,NEC,,D3841,3.5,SCSI,+,1992-12-10,,45,23,440,8,0,0,0,0,0,0,30
1201,NEC,,D3855,3.5,SCSI,+,1992-12-10,,105,25,1251,4,0,0,0,0,0,0,30
1202,NEC,,D3861,3.5,SCSI,Y,,,114,20,915,7,35,0,0,0,0,0,30
1203,NEC,,D5114,,MFM,,,,5,85,306,2,17,0,0,0,0,0,0
1204,NEC,,D5124,5H,MFM,N,1990-09-01,,10,85,310,4,17,0,0,0,,309,12
1205,NEC,,D5126,5H,MFM,N,1990-09-01,,20,85,615,4,17,0,0,0,,614,12
1206,NEC,,D5126H,5H,MFM,N,,,21,40,615,4,17,0,0,0,300,614,20
1207,NEC,,D5127H,5H,RLL,N,,,33,40,615,4,26,0,0,0,,614,0
1208,NEC,,D5128,5H,MFM,N,,,21,85,615,4,17,0,0,0,,614,20
1209,NEC,,D5146,5H,MFM,,1992-12-10,,40,85,615,8,17,0,0,0,128,0,0
1210,NEC,,D5146H,5H,MFM,N,,,43,40,615,8,17,0,0,0,,614,20
1211,NEC,,D5147H,5H,RLL,N,,,65,40,615,8,26,0,0,0,,614,20
1212,NEC,,D5214,5F,MFM,,1992-12-10,,5,85,310,2,17,0,0,0,0,0,11
1213,NEC,,D5224,5F,MFM,,1992-12-10,,10,85,310,4,17,0,0,0,0,0,11
1214,NEC,,D5234,5F,MFM,,1992-12-10,,15,85,310,6,17,0,0,0,0,0,11
1215,NEC,,D5244,5F,MFM,,1992-12-10,,20,85,310,8,17,0,0,0,0,0,11
1216,NEC,,D5452,5F,MFM,J,,,70,23,823,10,17,0,0,0,,822,20
1217,NEC,,D5652,5F,ESDI,J,,,150,23,823,10,36,0,0,0,,822,20
1218,NEC,,D5655,5F,ESDI,N,1992-12-14,,140,18,1224,8,36,0,0,0,,1223,20
1219,NEC,,D5662,5H,ESDI,N,,,319,18,1224,15,36,0,0,0,,1223,20
1220,NEC,,D5682,5F,ESDI,+,1992-12-10,,630,16,1663,15,0,0,0,0,0,0,30
1221,NEC,,D5852,5F,SCSI,,1992-12-10,,150,23,823,6,0,0,0,0,0,0,0
1222,NEC,,"D5852   ?",5F,SCSI,N,1992-12-10,,148,23,823,10,35,0,0,0,0,822,20
1223,NEC,,D5862,5H,SCSI,N,,,350,18,1224,15,0,0,0,0,,1223,20
1224,NEC,,D5862,5F,SCSI,+,1992-12-10,,330,18,1224,15,0,0,0,0,0,0,20
1225,NEC,,D5882,5F,SCSI,+,1992-12-10,,630,16,1630,15,0,0,0,0,0,0,20
1226,NEC,,D5892,5F,SCSI,+,1992-12-10,,1250,14,1635,19,0,0,0,0,0,0,50
1227,NEI,,"RD 3127",,MFM,,,,10,0,612,2,17,0,0,0,0,0,0
1228,NEI,,"RD 3255",,MFM,,,,20,0,612,4,17,0,0,0,0,0,0
1229,NEI,,"RD 4127",,MFM,,,,10,0,306,4,17,0,0,0,0,0,0
1230,NEI,,"RD 4255",,MFM,,,,20,0,306,8,17,0,0,0,0,0,0
1250,"NEWBURY DATA",,ND-1085,5F,MFM,J,,,71,28,1024,8,17,0,0,0,,1023,40
1251,"NEWBURY DATA",,ND-1105,,MFM,,,,88,0,918,11,17,0,0,0,0,0,0
1252,"NEWBURY DATA",,ND-1120R,5F,RLL,J,,,105,27,1024,8,25,0,0,0,0,1023,40
1253,"NEWBURY DATA",,ND-1140,5F,MFM,J,,,120,27,918,15,17,0,0,0,,917,40
1254,"NEWBURY DATA",,ND-1140R,,RLL,,,,183,17,918,15,26,0,0,0,0,0,0
1255,"NEWBURY DATA",,ND-1240R,5F,RLL,J,,,197,27,1024,15,25,0,0,0,0,1023,40
1256,"NEWBURY DATA",,ND-2190,5F,MFM,J,,,160,29,1224,15,17,0,0,0,,1223,40
1257,"NEWBURY DATA",,ND-2190R,5H,RLL,,,,244,17,1224,15,26,0,0,0,0,0,0
1258,"NEWBURY DATA",,ND-3170S,,SCSI,,,,140,17,0,0,0,0,0,0,0,0,0
1259,"NEWBURY DATA",,ND-320,,MFM,,,,21,0,615,4,17,0,0,0,0,0,0
1260,"NEWBURY DATA",,ND-3280S,,SCSI,,,,250,17,0,0,0,0,0,0,0,0,0
1261,"NEWBURY DATA",,ND-340,,MFM,,,,43,0,615,8,17,0,0,0,0,0,0
1262,"NEWBURY DATA",,ND-4170E,5F,ESDI,J,,,158,14,1224,7,36,0,0,0,0,1223,40
1263,"NEWBURY DATA",,ND-4170S,5F,SCSI,J,,,158,14,1224,7,36,0,0,0,0,1223,40
1264,"NEWBURY DATA",,ND-4175E,,ESDI,,,,140,17,0,0,0,0,0,0,0,0,0
1265,"NEWBURY DATA",,ND-4380E,5F,ESDI,J,,,338,16,1224,15,36,0,0,0,0,1223,40
1266,"NEWBURY DATA",,ND-4380S,5F,SCSI,J,,,338,16,1224,15,36,0,0,0,0,1223,40
1267,"NEWBURY DATA",,ND-8380E,5F,ESDI,J,,,361,14,1632,8,54,0,0,0,0,1631,30
1268,"NEWBURY DATA",,ND-8380S,5F,SCSI,J,,,360,14,1632,8,54,0,0,0,0,1631,30
1269,"NEWBURY DATA",,ND-8760E,5F,ESDI,J,,,677,16,1632,15,54,0,0,0,0,1631,30
1270,"NEWBURY DATA",,ND-8760S,5F,SCSI,J,,,676,16,1632,15,54,0,0,0,0,1631,30
1249,"NEWBURY DATA",,NDR-3380S,5.2,SCSI,,,,319,28,1224,15,34,0,0,0,0,0,0
1231,"NEWBURY DATA",,NDR1065,5.2,MFM,,,,55,25,918,7,17,0,0,0,0,0,0
1232,"NEWBURY DATA",,NDR1085,5.2,MFM,,,,71,25,1024,8,17,0,0,0,0,0,0
1233,"NEWBURY DATA",,NDR1105,5.2,MFM,,,,87,25,918,11,17,0,0,0,0,0,0
1234,"NEWBURY DATA",,NDR1140,5.2,MFM,,,,119,25,1024,15,17,0,0,0,0,0,0
1235,"NEWBURY DATA",,NDR2085,,,,,,74,0,1224,7,17,0,0,0,0,0,0
1236,"NEWBURY DATA",,NDR2140,,,,,,117,0,1224,11,17,0,0,0,0,0,0
1237,"NEWBURY DATA",,NDR2190,,,,,,152,0,1224,15,17,0,0,0,0,0,0
1238,"NEWBURY DATA",,NDR2190-,,MFM,,,,133,0,1024,15,17,0,0,0,0,0,0
1239,"NEWBURY DATA",,NDR3170S,5.2,SCSI,,,,146,28,1224,9,26,0,0,0,0,0,0
1240,"NEWBURY DATA",,NDR320,,SCSI,,,,42,0,615,4,35,0,0,0,0,0,0
1241,"NEWBURY DATA",,NDR3280S,5.2,SCSI,,,,244,28,1224,15,26,0,0,0,0,0,0
1242,"NEWBURY DATA",,NDR3380S,5.2,SCSI,N,,,319,28,1224,15,34,0,0,0,0,0,0
1243,"NEWBURY DATA",,NDR340,,SCSI,,,,84,0,615,8,35,0,0,0,0,0,0
1244,"NEWBURY DATA",,NDR360,,MFM,,,,0,0,615,8,17,0,0,0,0,0,0
1245,"NEWBURY DATA",,NDR4170,,,,,,0,0,1224,7,36,0,0,0,0,0,0
1246,"NEWBURY DATA",,NDR4175,5.2,ESDI,,,,179,28,1224,7,36,0,0,0,0,0,0
1247,"NEWBURY DATA",,NDR4380,5.2,ESDI,,,,384,28,1224,15,36,0,0,0,0,0,0
1248,"NEWBURY DATA",,NDR4380S,,SCSI,,,,0,0,1224,15,0,0,0,0,0,0,0
1271,NMI,,312,,MFM,,,,0,0,306,4,17,0,0,0,128,0,0
1272,NMI,,"M 106",3.5,MFM,,,,0,75,306,2,17,0,0,0,128,0,0
1273,NPL,,"NP 02-26S",,SCSI,,,,21,0,640,4,0,0,0,0,0,0,0
1274,NPL,,"NP 03-13",,RLL,,,,10,0,306,4,26,0,0,0,0,0,0
1275,NPL,,"NP 03-6",,MFM,,,,5,0,306,2,17,0,0,0,0,0,0
1276,OKIDATA,,"OD 526",,RLL,,,,21,85,615,4,26,0,0,0,0,0,0
1277,OKIDATA,,"OD 540",,RLL,,,,31,85,615,6,26,0,0,0,0,0,0
1278,OLIVETTI,,416,,,,,,0,0,819,2,0,0,0,0,0,0,0
1279,OLIVETTI,,510,,,,,,0,0,628,2,0,0,0,0,0,0,0
1280,OLIVETTI,,516,,,,,,0,0,819,2,0,0,0,0,0,0,0
1281,OLIVETTI,,5210/2,5.2,MFM,,,,10,85,612,2,17,0,0,0,0,0,0
1282,OLIVETTI,,5220/2,5.2,MFM,,,,20,65,612,4,17,0,0,0,0,0,0
1283,OLIVETTI,,HD561,,MFM,,,,5,0,180,4,17,0,0,0,128,0,0
1284,OLIVETTI,,HD662/11,,MFM,,,,10,0,612,2,17,0,0,0,0,0,0
1285,OLIVETTI,,HD662/12,,MFM,,,,20,0,612,4,17,0,0,0,0,0,0
1286,OPTIMA,,"CONCORDE 1050",5.2,SCSI,Y,,,1050,15,0,15,0,0,0,0,0,0,50
1287,OPTIMA,,"CONCORDE 1350",5.2,SCSI,Y,,,1352,15,0,15,0,0,0,0,0,0,50
1288,OPTIMA,,"CONCORDE 635",5.2,SCSI,Y,,,640,16,0,14,0,0,0,0,0,0,150
1289,OPTIMA,,DISKOVERY,3.5,"SCSI MAC",Y,,,80,25,0,0,0,0,0,0,0,0,0
1290,OPTIMA,,DISKOVERY,3.5,SCSI,Y,,,200,17,0,0,0,0,0,0,0,0,40
1291,OPTIMA,,"DISKOVERY 130",3.5,SCSI,Y,,,136,25,0,0,0,0,0,0,0,0,30
1292,OPTIMA,,"DISKOVERY 130IS",3.5,"SCSI MAC",Y,,,136,25,0,0,0,0,0,0,0,0,30
1293,OPTIMA,,"DISKOVERY 200IS",3.5,"SCSI MAC",Y,,,200,17,0,0,0,0,0,0,0,0,40
1294,OPTIMA,,"DISKOVERY 260IM",3.5,"SCSI MAC",,,,260,25,0,0,0,0,0,0,0,0,0
1295,OPTIMA,,"DISKOVERY 310IS",3.5,"SCSI MAC",Y,,,310,13,0,0,0,0,0,0,0,0,0
1296,OPTIMA,,"DISKOVERY 325",3.5,SCSI,Y,,,321,14,0,0,0,0,0,0,0,0,100
1297,OPTIMA,,"DISKOVERY 325I",3.5,"SCSI MAC",Y,,,321,14,0,0,0,0,0,0,0,0,100
1298,OPTIMA,,"DISKOVERY 40",3.5,SCSI,Y,,,45,25,0,0,0,0,0,0,0,0,30
1299,OPTIMA,,"DISKOVERY 400IM",3.5,"SCSI MAC",Y,,,400,17,0,0,0,0,0,0,0,0,0
1300,OPTIMA,,"DISKOVERY 40IS",3.5,"SCSI MAC",Y,,,45,25,0,0,0,0,0,0,0,0,30
1301,OPTIMA,,"DISKOVERY 420",3.5,SCSI,Y,,,416,16,0,8,0,0,0,0,0,0,100
1302,OPTIMA,,"DISKOVERY 420 I",3.5,"SCSI MAC",Y,,,416,16,0,8,0,0,0,0,0,0,100
1303,OPTIMA,,"DISKOVERY 45R",3.5,SCSI,Y,,,45,25,0,0,0,0,0,0,0,0,0
1304,OPTIMA,,"DISKOVERY 620IM",3.5,"SCSI MAC",Y,,,620,13,0,0,0,0,0,0,0,0,0
1305,OPTIMA,,"DISKOVERY 80IM",3.5,SCSI,,,,80,25,0,0,0,0,0,0,0,0,0
1306,OPTIMA,,"MINIPAK 130",3.5,SCSI,Y,,,136,25,0,4,0,0,0,0,0,0,30
1307,OPTIMA,,"MINIPAK 130 ( )",3.5,"SCSI MAC",Y,,,136,25,0,0,0,0,0,0,0,0,30
1308,OPTIMA,,"MINIPAK 200",3.5,SCSI,Y,,,209,17,0,8,0,0,0,0,0,0,40
1309,OPTIMA,,"MINIPAK 200I( )",3.5,"SCSI MAC",Y,,,209,17,0,0,0,0,0,0,0,0,40
1310,OPTIMA,,"MINIPAK 310",3.5,SCSI,Y,,,306,13,0,0,0,0,0,0,0,0,150
1311,OPTIMA,,"MINIPAK 310I( )",3.5,"SCSI MAC",Y,,,306,13,0,0,0,0,0,0,0,0,150
1312,OPTIMA,,"MINIPAK 40",3.5,SCSI,Y,,,45,25,0,0,0,0,0,0,0,0,30
1313,OPTIMA,,"MINIPAK 40I( )",3.5,"SCSI MAC",Y,,,45,25,0,0,0,0,0,0,0,0,30
1314,"ORCA TECH",,320A,3.5,IDE,Y,,,320,12,0,9,0,0,0,0,0,0,100
1315,"ORCA TECH",,320S,3.5,SCSI,,,,320,12,0,9,0,0,0,0,0,0,100
1316,"ORCA TECH",,400A,3.5,IDE,,,,420,12,0,9,0,0,0,0,0,0,100
1317,"ORCA TECH",,400S,3.5,SCSI,,,,420,12,0,9,0,0,0,0,0,0,100
1318,"ORCA TECH",,760E,5.2,ESDI,Y,,,700,14,0,15,0,0,0,0,0,0,50
1319,"ORCA TECH",,760S,5.2,SCSI,Y,,,700,14,0,15,0,0,0,0,0,0,50
1320,OTARI,,514,,MFM,,,,10,0,306,4,17,0,0,0,128,0,0
1321,OTARI,,"C 214",,MFM,,,,10,0,306,4,17,0,0,0,128,0,0
1322,OTARI,,"C 519",,MFM,,,,15,0,306,6,17,0,0,0,128,0,0
1323,OTARI,,"C 526",,MFM,,,,21,0,306,8,17,0,0,0,128,0,0
1324,"PACIFIC MAGTRON",,MT-4115E,5.2,ESDI,Y,,,115,16,1600,4,35,0,0,0,0,0,100
1325,"PACIFIC MAGTRON",,MT-4115S,5.2,SCSI,Y,,,115,16,1600,4,35,0,0,0,0,0,100
1326,"PACIFIC MAGTRON",,MT-4140E,5.2,ESDI,Y,,,1401,65,1600,5,35,0,0,0,0,0,100
1327,"PACIFIC MAGTRON",,MT-4140S,5.2,SCSI,Y,,,140,16,1600,5,35,0,0,0,0,0,100
1328,"PACIFIC MAGTRON",,MT-4170E,5.2,ESDI,J,,,170,16,1600,6,35,0,0,0,0,0,100
1329,"PACIFIC MAGTRON",,MT-4170S,5.2,SCSI,J,,,170,16,1600,6,35,0,0,0,0,0,100
1330,"PACIFIC MAGTRON",,MT-5760E,5.2,ESDI,Y,,,676,14,1632,15,54,0,0,0,0,0,100
1331,"PACIFIC MAGTRON",,MT-5760S,5.2,SCSI,Y,,,673,14,1632,15,54,0,0,0,0,0,100
1332,PANASONIC,,JU-116,3.5,MFM,,,,20,85,615,4,17,0,0,0,0,0,0
1333,PANASONIC,,JU-128,3.5,MFM,,,,42,35,733,7,17,0,0,0,0,0,0
1334,PANASONIC,,RD-210AA,3.5,,,,,210,16,0,0,0,0,0,0,0,0,0
1335,PERIPHERAL,,"PL-100 TURBO",3.5,SCSI,,,,105,19,0,4,0,0,0,0,0,0,60
1336,PERIPHERAL,,"PL-200 TURBO",3.5,SCSI,,,,210,19,0,7,0,0,0,0,0,0,50
1337,PERIPHERAL,,"PL-320 TURBO",3.5,SCSI,,,,320,12,0,14,0,0,0,0,0,0,100
1338,PLUS,,"IMPULSE 105AT/L",3.5,IDE,Y,,,105,17,1219,4,0,755,16,17,0,0,60
1339,PLUS,,"IMPULSE 105S",3.5,SCSI,Y,,,105,19,1019,6,0,0,0,0,0,0,50
1340,PLUS,,"IMPULSE 105S/LP",3.5,SCSI,Y,,,105,17,1219,4,0,0,0,0,0,0,60
1341,PLUS,,"IMPULSE 120AT",3.5,IDE,Y,,,120,15,1123,5,0,814,9,17,0,0,50
1342,PLUS,,"IMPULSE 120S",3.5,SCSI,Y,,,120,15,1123,5,0,0,0,0,0,0,50
1343,PLUS,,"IMPULSE 170AT",3.5,IDE,Y,,,168,15,1123,4,0,968,10,17,0,0,50
1344,PLUS,,"IMPULSE 170S",3.5,SCSI,Y,,,168,15,1123,7,0,0,0,0,0,0,50
1345,PLUS,,"IMPULSE 210AT",3.5,IDE,Y,,,209,15,1156,7,0,873,13,17,0,0,50
1346,PLUS,,"IMPULSE 210S",3.5,SCSI,Y,,,209,15,1156,7,0,0,0,0,0,0,50
1347,PLUS,,"IMPULSE 330AT",3.5,IDE,Y,,,331,14,0,0,0,0,0,0,0,0,75
1348,PLUS,,"IMPULSE 330S",3.5,SCSI,Y,,,331,14,0,0,0,0,0,0,0,0,75
1349,PLUS,,"IMPULSE 40AT",3.5,IDE,Y,,,41,19,834,3,0,0,0,0,0,0,50
1350,PLUS,,"IMPULSE 40S",3.5,SCSI,Y,,,41,19,834,3,0,0,0,0,0,0,50
1351,PLUS,,"IMPULSE 425AT",3.5,IDE,Y,,,425,14,0,0,0,0,0,0,0,0,75
1352,PLUS,,"IMPULSE 425S",3.5,SCSI,Y,,,425,14,0,0,0,0,0,0,0,0,75
1353,PLUS,,"IMPULSE 52AT/LP",3.5,IDE,Y,,,52,17,1219,2,0,751,8,17,0,0,60
1354,PLUS,,"IMPULSE 52S/LP",3.5,SCSI,Y,,,52,17,1219,2,0,0,0,0,0,0,60
1355,PLUS,,"IMPULSE 80AT",3.5,IDE,Y,,,83,19,834,6,0,0,0,0,0,0,50
1356,PLUS,,"IMPULSE 80AT/LP",3.5,IDE,Y,,,85,17,616,16,17,616,16,17,0,0,60
1357,PLUS,,"IMPULSE 80S",3.5,SCSI,Y,,,83,19,918,6,0,0,0,0,0,0,50
1358,PLUS,,"IMPULSE 80S/LP",3.5,SCSI,Y,,,85,17,0,4,0,0,0,0,0,0,60
1359,"PRAIRIE TEK",,120,2.5,AT,,,,21,23,615,2,34,0,0,0,0,0,0
1360,"PRAIRIE TEK",,220,2.5,AT,+,,,21,28,615,2,0,0,0,0,0,0,20
1361,"PRAIRIE TEK",,240,2.5,AT,+,,,43,28,615,4,34,0,0,0,0,0,20
1362,"PRAIRIE TEK",,"PRAIRIE 140",2.5,IDE,Y,,,40,0,0,2,0,0,0,0,0,0,0
1363,"PRAIRIE TEK",,"PRAIRIE 220A",2.5,IDE,Y,,,20,28,612,4,0,0,0,0,0,0,20
1364,"PRAIRIE TEK",,"PRAIRIE 220S",2.5,SCSI,Y,,,20,28,612,4,0,0,0,0,0,0,20
1365,"PRAIRIE TEK",,"PRAIRIE 240",2.5,IDE,Y,,,42,28,615,4,34,0,0,0,0,0,20
1366,"PRAIRIE TEK",,"PRAIRIE 242A",2.5,IDE,Y,,,42,23,615,4,34,0,0,0,0,0,100
1367,"PRAIRIE TEK",,"PRAIRIE 242S",2.5,SCSI,Y,,,42,23,615,4,34,0,0,0,0,0,100
1368,"PRAIRIE TEK",,"PRAIRIE 282A",2.5,IDE,Y,,,81,0,0,0,0,0,0,0,0,0,0
1369,"PRAIRIE TEK",,"PRAIRIE 282S",2.5,SCSI,Y,,,81,0,0,4,0,0,0,0,0,0,0
1370,PRIAM,,502,5.2,MFM,,,,46,22,755,7,17,0,0,0,0,0,0
1371,PRIAM,,504,5.2,MFM,,,,46,22,755,7,17,0,0,0,0,0,0
1372,PRIAM,,514,5F,MFM,J,,,117,22,1224,11,17,0,0,0,,1223,20
1373,PRIAM,,519,5F,MFM,J,,,159,22,1224,15,17,0,0,0,,1223,20
1374,PRIAM,,519-,5F,RLL,j,,,243,22,1224,15,26,0,0,0,,1223,20
1375,PRIAM,,617,5F,ESDI,J,,,158,20,1225,7,36,0,0,0,,1224,20
1376,PRIAM,,623,,,,,,0,0,752,15,0,0,0,0,0,0,0
1377,PRIAM,,628,5F,ESDI,J,,,248,20,1225,11,36,0,0,0,,1224,20
1378,PRIAM,,630,,,,,,0,0,1224,15,0,0,0,0,0,0,0
1379,PRIAM,,638,5F,ESDI,J,,,339,20,1225,15,36,0,0,0,,1224,20
1380,PRIAM,,717,5F,SCSI,J,,,156,20,1225,7,36,0,0,0,,1224,20
1381,PRIAM,,717,5.2,SCSI,,,,0,20,1225,7,0,0,0,0,0,0,0
1382,PRIAM,,728,5F,SCSI,J,,,246,20,1225,11,36,0,0,0,,1224,20
1383,PRIAM,,728,5.2,SCSI,,,,0,20,1225,11,0,0,0,0,0,0,0
1384,PRIAM,,738,5F,SCSI,J,,,336,20,1225,15,36,0,0,0,,1224,20
1385,PRIAM,,738,5.2,SCSI,,,,0,20,1225,15,0,0,0,0,0,0,0
1386,PRIAM,,ID100-PC-R1,,,N,,,103,16,0,0,0,0,0,0,0,0,0
1387,PRIAM,,ID100-R,,,N,,,103,16,0,0,0,0,0,0,0,0,0
1388,PRIAM,,ID100-RC,,,N,,,103,16,0,0,0,0,0,0,0,0,0
1389,PRIAM,,ID100-RF,,,N,,,103,16,0,0,0,0,0,0,0,0,0
1390,PRIAM,,ID120,5.2,ESDI,Y,,,121,28,1017,7,34,0,0,0,0,0,0
1392,PRIAM,,ID130-AT-D2,,MFM,N,,,133,13,1224,15,17,0,0,0,0,1223,0
1391,PRIAM,,ID130PS,,PS/2,,,,132,0,0,0,0,0,0,0,0,0,0
1393,PRIAM,,ID150E,5.2,ESDI,,,,159,28,1268,7,34,0,0,0,0,0,0
1394,PRIAM,,ID160E,5.2,ESDI,,,,156,18,1218,7,36,0,0,0,0,0,0
1396,PRIAM,,ID160E-PS/2,5.2,PS2,,,,152,18,1195,7,36,0,0,0,0,0,0
1395,PRIAM,,ID160EC,,ESDI,,,,160,28,0,0,0,0,0,0,0,0,0
1397,PRIAM,,ID160S,5.2,SCSI,,,,158,18,1218,7,36,0,0,0,0,0,0
1398,PRIAM,,ID200L-I,5.2,IDE,,,,200,15,0,0,0,0,0,0,0,0,0
1399,PRIAM,,ID200L-IC,5.2,IDE,,,,200,15,0,0,0,0,0,0,0,0,0
1400,PRIAM,,ID200L-IF,5.2,IDE,,,,200,15,0,0,0,0,0,0,0,0,0
1401,PRIAM,,ID230-R,5F,,N,,,233,12,0,0,26,0,0,0,0,0,0
1402,PRIAM,,ID230-RC,,,N,,,233,12,0,0,26,0,0,0,0,0,0
1403,PRIAM,,ID230-RF,,,N,,,233,12,0,0,0,0,0,0,0,0,0
1404,PRIAM,,ID250E,5.2,ESDI,,,,246,18,1218,11,36,0,0,0,0,0,0
1405,PRIAM,,ID250E-PS/2,5.2,PS2,,,,241,18,1195,11,36,0,0,0,0,0,0
1406,PRIAM,,ID250S,5.2,SCSI,,,,248,18,1218,11,36,0,0,0,0,0,0
1407,PRIAM,,ID330E,5.2,ESDI,,,,336,18,1218,15,36,0,0,0,0,0,0
1409,PRIAM,,ID330E-PS/2,5.2,PS2,,,,330,18,1195,15,36,0,0,0,0,0,0
1408,PRIAM,,ID330EC,,ESDI,,,,330,20,0,0,0,0,0,0,0,0,0
1410,PRIAM,,ID330PS,,PS/2,,,,330,20,0,0,0,0,0,0,0,0,0
1411,PRIAM,,ID330S,5.2,SCSI,,,,338,18,1218,15,36,0,0,0,0,0,0
1412,PRIAM,,ID340H-U,5.2,ESDI,Y,,,340,14,0,7,0,0,0,0,0,0,150
1414,PRIAM,,ID40-PC-W1,,MFM,N,,,42,23,987,5,17,0,0,0,,986,0
1415,PRIAM,,ID40-PC-X2,,MFM,N,,,42,23,0,0,17,0,0,0,0,0,0
1413,PRIAM,,ID40AT,5.2,MFM,Y,,,40,23,1018,5,17,0,0,0,0,0,0
1416,PRIAM,,ID45,5.2,MFM,Y,,,44,23,1018,5,17,0,0,0,0,0,0
1418,PRIAM,,ID45-AT-D2,,MFM,N,,,44,23,0,0,17,0,0,0,0,0,0
1417,PRIAM,,ID45H,5.2,MFM,Y,,,44,25,1018,5,17,0,0,0,0,0,0
1420,PRIAM,,ID60-DP-D1,,MFM,N,,,59,23,987,7,17,0,0,0,,986,0
1421,PRIAM,,ID60-PC-W1,,MFM,N,,,59,23,0,0,17,0,0,0,0,0,0
1422,PRIAM,,ID60-PC-X2,,MFM,N,,,59,23,0,0,17,0,0,0,0,0,0
1419,PRIAM,,ID60AT,5.2,MFM,Y,,,59,23,1018,7,17,0,0,0,0,0,0
1424,PRIAM,,ID62-AT-D2,,MFM,N,,,62,23,0,0,17,0,0,0,0,0,0
1423,PRIAM,,ID62AT/D2,5.2,MFM,Y,,,62,23,1018,7,17,0,0,0,0,0,0
1425,PRIAM,,ID660-U,5.2,ESDI,Y,,,660,16,0,15,0,0,0,0,0,0,150
1426,PRIAM,,ID700E,5.2,ESDI,,,,701,0,0,0,0,0,0,0,0,0,0
1427,PRIAM,,ID700S,5.2,SCSI,,,,668,0,0,0,0,0,0,0,0,0,0
1428,PRIAM,,ID75-R,,,N,,,74,18,0,0,0,0,0,0,0,0,0
1429,PRIAM,,ID75-RC,5.2,,N,,,74,18,1166,7,26,0,0,0,0,0,0
1430,PRIAM,,ID75-RF,,,N,,,74,18,0,0,0,0,0,0,0,0,0
1431,PRIAM,,"S 14",,MFM,,,,117,0,1224,11,17,0,0,0,0,0,0
1432,PRIAM,,"S 15",,,,,,159,0,1224,15,17,0,0,0,0,0,0
1433,PRIAM,,"S 19",,MFM,,,,0,0,1224,15,17,0,0,0,0,0,0
1434,PRIAM,,V130,,MFM,,,,26,0,987,3,17,0,0,0,0,0,0
1435,PRIAM,,V130R,5.2,RLL,N,,,39,0,987,3,26,0,0,0,0,0,0
1436,PRIAM,,V150,,MFM,,,,43,30,987,5,17,0,0,0,0,0,0
1437,PRIAM,,V160,5F,MFM,J,,,50,28,1166,5,17,0,0,0,,1165,40
1438,PRIAM,,V170,5.2,MFM,,,,60,30,987,7,17,0,0,0,0,0,0
1439,PRIAM,,V170R,5.2,RLL,,,,91,0,987,7,26,0,0,0,0,0,0
1440,PRIAM,,V185,5F,MFM,J,,,71,28,1166,7,17,0,0,0,,1165,40
1441,PRIAM,,V185-,,,,,,60,0,1024,7,17,0,0,0,0,0,0
1442,PRIAM,,V185-,5F,RLL,J,,,108,28,1166,7,26,0,0,0,,1165,40
1443,PRIAM,,V519-,,,,,,128,0,1024,15,0,0,0,0,0,0,0
1445,"PROCOM TECH",,"HIPER / II 155",5.2,ESDI,,,,157,17,969,9,36,0,0,0,0,0,0
1444,"PROCOM TECH",,"HIPER 380",5.2,ESDI,,,,388,17,0,8,0,0,0,0,0,0,100
1446,"PROCOM TECH",,"PIRA 120",3.5,AT,,,,120,19,1001,15,17,0,0,0,0,0,0
1447,"PROCOM TECH",,"PIRA 120",3.5,AT,,,,124,18,1024,14,17,0,0,0,0,0,0
1448,"PROCOM TECH",,"PIRA 40",3.5,AT,,,,40,28,980,5,17,0,0,0,0,0,0
1449,"PROCOM TECH",,"PIRA 50-120",3.5,AT,,,,120,19,1001,15,17,0,0,0,0,0,0
1450,"PROCOM TECH",,"PIRA 50-200",3.5,AT,,,,240,15,954,14,36,0,0,0,0,0,0
1451,"PROCOM TECH",,"PIRA 55-120",3.5,AT,,,,120,15,1001,15,17,0,0,0,0,0,0
1452,"PROCOM TECH",,"PROPAQ 185-15",3.5,IDE,,,,189,0,0,5,0,0,0,0,0,0,70
1453,"PROCOM TECH",,"SI 1000/S5",5.2,SCSI,,,,1037,15,0,8,0,0,0,0,0,0,40
1454,"PROCOM TECH",,"SI 200/PS3",3.5,SCSI,,,,209,18,0,4,0,0,0,0,0,0,70
1455,"PROCOM TECH",,"SI 585/S5",5.2,SCSI,,,,601,17,0,8,0,0,0,0,0,0,100
1481,PTI,,PT-351R,3.5,RLL,,,,60,30,0,0,0,0,0,0,0,0,0
1482,PTI,,PT-4102R,3.5,RLL,,,,87,35,820,8,26,0,0,0,0,0,0
1456,PTI,,PT225,3.5,MFM,,,,21,35,615,4,17,0,0,0,410,0,0
1457,PTI,,PT225,3H,MFM,J,,,21,35,615,4,17,0,0,0,,614,25
1458,PTI,,PT234,3.5,MFM,,,,29,35,820,4,17,0,0,0,544,0,0
1459,PTI,,PT238A,3H,AT-BUS,J,,,33,35,615,4,26,0,0,0,,614,25
1460,PTI,,PT238R,3H,RLL,J,,,33,35,615,4,26,0,0,0,,614,25
1461,PTI,,PT238R,,RLL,,,,33,0,615,4,26,0,0,0,410,0,0
1462,PTI,,PT238S,3H,SCSI,J,,,31,35,615,4,17,0,0,0,,614,25
1463,PTI,,PT251A,3.5,AT,,,,43,35,820,4,26,0,0,0,0,0,0
1464,PTI,,PT251R,,RLL,,,,44,0,820,4,26,0,0,0,544,0,0
1465,PTI,,PT251S,3.5,SCSI,,,,43,35,820,4,0,0,0,0,0,0,0
1466,PTI,,PT338,3H,MFM,J,,,32,35,615,6,17,0,0,0,,614,25
1467,PTI,,PT338,,MFM,,,,32,0,615,6,17,0,0,0,410,0,0
1468,PTI,,PT338R,,RLL,,,,0,0,615,6,26,0,0,0,0,0,0
1469,PTI,,PT351,3H,MFM,J,,,43,35,820,6,17,0,0,0,,819,25
1470,PTI,,PT351R,3.5,MFM,,,,60,30,820,6,26,0,0,0,544,0,0
1471,PTI,,PT357A,3H,AT-BUS,J,,,49,35,615,6,26,0,0,0,,614,25
1472,PTI,,PT357R,3H,RLL,J,,,49,35,615,6,26,0,0,0,,614,25
1473,PTI,,PT357R,,RLL,,,,49,0,615,6,26,0,0,0,410,0,0
1474,PTI,,PT357S,3H,SCSI,J,,,47,35,615,6,26,0,0,0,,614,25
1475,PTI,,PT376A,3H,AT-BUS,J,,,66,35,820,6,26,0,0,0,,819,25
1476,PTI,,PT376R,,RLL,,,,65,0,820,6,26,0,0,0,544,0,0
1477,PTI,,PT376R,3H,RLL,J,,,67,35,820,6,26,0,0,0,,819,25
1478,PTI,,PT376S,3H,SCSI,J,,,63,35,820,6,26,0,0,0,,819,25
1479,PTI,,PT4102R,3.5,RLL,,,,87,35,820,8,26,0,0,0,544,0,0
1480,PTI,,PT468,,MFM,,,,57,0,820,8,17,0,0,0,544,0,0
1483,QUANTUM,,100,,ESDI,,,,103,0,0,0,0,0,0,0,0,0,0
1484,QUANTUM,,"105 S",3H,SCSI,J,,,105,19,1019,6,35,0,0,0,,1018,50
1485,QUANTUM,,"120 AT",3H,AT-BUS,J,,,120,15,814,9,32,0,0,0,,813,50
1486,QUANTUM,,"120 S",3H,SCSI,J,,,120,15,1123,5,48,0,0,0,,1122,50
1487,QUANTUM,,145,,ESDI,,,,145,0,0,0,0,0,0,0,0,0,0
1488,QUANTUM,,160T,2.5,AT,,,,169,17,966,10,34,0,0,0,0,0,0
1489,QUANTUM,,"170 AT",3.5,AT,,,,169,15,968,10,34,0,0,0,0,0,0
1490,QUANTUM,,"170 AT",3H,AT-BUS,J,,,168,15,968,10,34,0,0,0,,967,50
1491,QUANTUM,,"170 S",3H,SCSI,J,,,168,15,1123,7,48,0,0,0,,1122,50
1492,QUANTUM,,"170 S",3.5,SCSI,,,,169,15,1123,7,0,0,0,0,0,0,0
1493,QUANTUM,,"40 AT",3H,AT-BUS,J,,,42,19,965,5,17,0,0,0,,964,50
1494,QUANTUM,,"40 S",3H,SCSI,J,,,42,19,834,3,35,0,0,0,,833,50
1495,QUANTUM,,425iAT,3.5,AT,,,,426,13,1021,16,51,0,0,0,0,0,0
1496,QUANTUM,,"80 AT",3.5,AT,,,,86,17,616,16,17,0,0,0,0,0,0
1497,QUANTUM,,"80 AT",3H,AT-BUS,J,,,84,19,965,10,17,0,0,0,,964,50
1498,QUANTUM,,"80 S",3H,SCSI,J,,,84,19,834,6,35,0,0,0,,833,50
1499,QUANTUM,,80AT,2.5,AT,,,,84,17,966,5,34,0,0,0,0,0,0
1500,QUANTUM,,"ELS 42AT",3.5,AT,,,,42,19,977,5,17,0,0,0,0,0,0
1501,QUANTUM,,ELS127AT,3.5,AT,,,,127,17,919,16,17,0,0,0,0,0,0
1502,QUANTUM,,ELS170AT,3.5,AT,,,,170,17,1011,15,22,0,0,0,0,0,0
1503,QUANTUM,,ELS85AT,3.5,AT,,,,85,17,977,10,17,0,0,0,0,0,0
1504,QUANTUM,,LPS105AT,3.5,AT,,,,105,17,755,16,0,0,0,0,0,0,60
1505,QUANTUM,,LPS105S,3.5,SCSI,,,,105,17,1219,4,0,0,0,0,0,0,60
1506,QUANTUM,,LPS120AT,3.5,AT,,,,122,16,905,5,53,0,0,0,0,0,0
1507,QUANTUM,,LPS240AT,3.5,AT,,,,245,16,723,13,51,0,0,0,0,0,0
1508,QUANTUM,,LPS525AT,3.5,AT,,,,525,10,1017,16,63,0,0,0,0,0,0
1509,QUANTUM,,LPS52AT,3.5,AT,,,,52,17,751,8,0,0,0,0,0,0,60
1510,QUANTUM,,LPS52S,3.5,SCSI,,,,52,17,1219,2,0,0,0,0,0,0,60
1511,QUANTUM,,P210AT,3.5,AT,,,,210,15,873,13,0,0,0,0,0,0,0
1512,QUANTUM,,P210S,3.5,SCSI2,,,,210,15,1156,7,0,0,0,0,0,0,0
1513,QUANTUM,,PRODRV-100E,3.5,ESDI,,,,103,19,0,0,0,0,0,0,0,0,0
1514,QUANTUM,,PRODRV-330AT,3.5,IDE,Y,,,336,14,0,0,0,0,0,0,0,0,150
1515,QUANTUM,,PRODRV-330S,3.5,SCSI,Y,,,336,14,0,0,0,0,0,0,0,0,150
1516,QUANTUM,,PRODRV-425AT,3.5,IDE,Y,,,425,14,0,0,0,0,0,0,0,0,0
1517,QUANTUM,,PRODRV-425S,3.5,SCSI,Y,,,425,14,0,0,0,0,0,0,0,0,0
1518,QUANTUM,,Q160,5.2,SCSI,,,,200,26,0,12,0,0,0,0,0,0,0
1519,QUANTUM,,Q2040,8,,,,,32,0,0,0,0,0,0,0,0,0,0
1520,QUANTUM,,Q2080,8,,,,,70,0,0,0,0,0,0,0,0,0,0
1521,QUANTUM,,Q250,5.2,SCSI,,,,53,26,823,4,0,0,0,0,0,0,0
1522,QUANTUM,,Q280,5.2,SCSI,,,,0,26,823,6,0,0,0,0,0,0,0
1523,QUANTUM,,Q510,,MFM,,,,0,17,512,2,17,0,0,0,256,0,0
1524,QUANTUM,,Q520,,MFM,,,,18,0,512,4,17,0,0,0,256,0,0
1525,QUANTUM,,Q530,,MFM,,,,27,0,512,6,17,0,0,0,256,0,0
1526,QUANTUM,,Q540,,MFM,,,,36,0,512,8,17,0,0,0,256,0,0
1527,QUME,,"R 200",,,,,,0,0,0,0,0,0,0,0,0,0,0
1528,QUME,,"R 300",,,,,,0,0,0,0,0,0,0,0,0,0,0
1529,RICOH,,RH-5130,,MFM,,,,10,85,612,2,17,0,0,0,400,0,0
1530,RICOH,,RH-5260,,MFM,,,,10,85,615,2,17,0,0,0,0,0,0
1531,RICOH,,RH-5261,,SCSI,,,,10,85,615,2,0,0,0,0,0,0,0
1532,RICOH,,RH-5500,5.2,SCSI,N,,,50,25,1285,2,76,0,0,0,0,0,20
1533,RICOH,,RS-9150AR,5.2,SCSI,J,,,48,25,1285,2,76,0,0,0,0,0,20
1534,RMS,,"RMS 503",,MFM,,,,0,0,153,2,17,0,0,0,77,0,0
1535,RMS,,"RMS 506",,MFM,,,,5,0,153,4,17,0,0,0,77,0,0
1536,RMS,,"RMS 512",,MFM,,,,10,0,153,8,17,0,0,0,77,0,0
1537,RODIME,,"20 PLUS",,"SCSI MAC",,,,20,70,0,0,33,0,0,0,0,0,30
1538,RODIME,,"45 PLUS",,"SCSI MAC",,,,40,45,0,0,34,0,0,0,0,0,30
1539,RODIME,,"COBRA 1000E",,"SCSI MAC",Y,,,1000,15,0,0,0,0,0,0,0,0,100
1540,RODIME,,"COBRA 100E",3.5,"SCSI MAC",Y,,,100,18,868,7,0,0,0,0,0,0,30
1541,RODIME,,"COBRA 100I",3.5,"SCSI MAC",Y,,,100,18,868,7,0,0,0,0,0,0,30
1542,RODIME,,"COBRA 110AT",3.5,IDE,Y,,,110,20,0,0,0,0,0,0,0,0,40
1543,RODIME,,"COBRA 110E",3.5,SCSI,,,,105,18,0,4,0,0,0,0,0,0,30
1544,RODIME,,"COBRA 210AT",3.5,IDE,Y,,,210,20,1216,9,0,0,0,0,0,0,40
1545,RODIME,,"COBRA 210E",3.5,"SCSI MAC",Y,,,210,18,1216,9,0,0,0,0,0,0,30
1546,RODIME,,"COBRA 210I",3.5,"SCSI MAC",Y,,,210,18,1216,9,0,0,0,0,0,0,30
1547,RODIME,,"COBRA 330E",,"SCSI MAC",Y,,,330,15,0,0,0,0,0,0,0,0,50
1548,RODIME,,"COBRA 40AT",3.5,IDE,Y,,,42,20,1170,2,36,0,0,0,0,0,40
1549,RODIME,,"COBRA 45E",3.5,"SCSI MAC",Y,,,40,19,868,3,0,0,0,0,0,0,30
1550,RODIME,,"COBRA 45I",3.5,"SCSI MAC",Y,,,40,19,868,3,0,0,0,0,0,0,30
1551,RODIME,,"COBRA 650E",,"SCSI MAC",Y,,,650,17,0,0,0,0,0,0,0,0,50
1552,RODIME,,"COBRA 650E",5.2,SCSI,,,,650,17,0,15,0,0,0,0,0,0,50
1553,RODIME,,"COBRA 70E",3.5,"SCSI MAC",Y,,,70,18,868,5,0,0,0,0,0,0,30
1554,RODIME,,"COBRA 70I",3.5,"SCSI MAC",Y,,,70,18,868,5,0,0,0,0,0,0,30
1555,RODIME,,"COBRA 80AT",3.5,IDE,Y,,,84,19,1159,4,36,0,0,0,0,0,40
1619,RODIME,,RO-200,5.2,MFM,,,,11,0,321,4,17,0,0,0,0,0,0
1620,RODIME,,RO-200,5.2,MFM,N,,,10,85,321,4,17,0,0,0,132,0,0
1621,RODIME,,RO-3071A,3.5,IDE,Y,,,60,18,0,0,0,0,0,0,0,0,0
1622,RODIME,,RO-3095A,3.5,IDE,Y,,,80,18,0,0,0,0,0,0,0,0,0
1623,RODIME,,RO-3099A,3.5,IDE,Y,,,80,19,0,0,0,0,0,0,0,0,0
1624,RODIME,,RO-3121A,3.5,IDE,Y,,,122,18,0,0,0,0,0,0,0,0,50
1625,RODIME,,RO-3130S,3.5,SCSI,,,,105,22,1047,7,30,0,0,0,0,0,20
1626,RODIME,,RO-3135A,3.5,IDE,,,,112,19,923,7,0,0,0,0,0,0,0
1627,RODIME,,RO-3139S,3.5,SCIS2,Y,,,112,0,1148,5,0,0,0,0,0,0,100
1628,RODIME,,RO-3151A,3.5,IDE,,,,122,18,0,0,0,0,0,0,0,0,0
1629,RODIME,,RO-3259S,3.5,SCSI2,,,,210,0,1189,9,0,0,0,0,0,0,100
1630,RODIME,,RO-3331S,3.5,SCSI2,Y,,,331,13,1497,7,0,0,0,0,0,0,100
1631,RODIME,,RO-3426S,3.5,SCSI2,Y,,,426,13,1497,9,0,0,0,0,0,0,100
1632,RODIME,,RO-3540S,3.5,SCSI2,Y,,,540,13,1568,11,0,0,0,0,0,0,100
1633,RODIME,,RO-5178S,5.2,SCSI,,,,144,19,1219,7,0,0,0,0,0,0,0
1556,RODIME,,RO101,5.2,MFM,,,,6,96,192,2,17,0,0,0,0,0,0
1557,RODIME,,RO102,5F,MFM,N,,,7,85,192,4,17,0,0,0,0,192,12
1558,RODIME,,RO103,5F,MFM,N,,,10,85,192,6,17,0,0,0,0,192,12
1559,RODIME,,RO104,5F,MFM,N,,,13,85,192,8,17,0,0,0,0,192,12
1560,RODIME,,RO128A,3H,AT-BUS,J,,,106,18,868,7,34,0,0,0,,868,30
1561,RODIME,,RO201,5.2,MFM,,,,5,85,321,2,17,0,0,0,0,0,0
1562,RODIME,,RO201E,5.2,MFM,,,,11,55,640,2,17,0,0,0,0,0,0
1563,RODIME,,RO202,5F,MFM,N,,,11,90,320,4,17,0,0,0,0,320,12
1564,RODIME,,RO202E,5F,MFM,N,,,22,60,640,4,17,0,0,0,0,640,12
1565,RODIME,,RO203,5F,MFM,N,,,17,90,320,6,17,0,0,0,0,320,12
1566,RODIME,,RO2031,,MFM,,,,0,0,320,6,17,0,0,0,0,0,0
1567,RODIME,,RO203E,5F,MFM,N,,,33,60,640,6,17,0,0,0,0,640,12
1568,RODIME,,RO204,5F,MFM,N,,,22,90,320,8,17,0,0,0,0,320,12
1569,RODIME,,RO204E,5F,MFM,N,,,44,60,640,8,17,0,0,0,0,640,12
1570,RODIME,,RO251,5.2,MFM,,,,5,85,306,2,17,0,0,0,0,0,0
1571,RODIME,,RO252F,5.2,MFM,,,,11,85,306,4,17,0,0,0,0,0,0
1572,RODIME,,RO3000A-NAT,,RLL,,,,0,0,625,5,27,0,0,0,0,0,0
1573,RODIME,,RO3000A-XLAT,,MFM,,,,0,0,992,5,17,0,0,0,0,0,0
1574,RODIME,,RO3040S,3,SCSI,,,,0,0,872,3,0,0,0,0,0,0,0
1575,RODIME,,RO3045,5F,MFM,J,,,38,28,872,5,17,0,0,0,650,872,12
1576,RODIME,,RO3055,3H,MFM,J,,,46,28,872,6,17,0,0,0,650,872,20
1577,RODIME,,RO3056,3.5,MFM,+,1992-12-10,,46,28,872,6,17,0,0,0,650,0,20
1578,RODIME,,RO3057S,3H,SCSI,J,,,45,28,680,5,26,0,0,0,,680,20
1579,RODIME,,RO3058A,3H,AT-BUS,J,,,45,18,868,3,34,0,0,0,,868,30
1580,RODIME,,RO3058T,3H,SCSI,J,,,45,18,868,5,34,0,0,0,,868,30
1581,RODIME,,RO3059A,3.5,AT,+,1992-12-10,,47,18,1216,2,34,0,0,0,0,0,30
1582,RODIME,,RO3059T,3.5,SCSI,,,,47,18,1216,2,34,0,0,0,0,0,0
1583,RODIME,,RO3060R,3H,RLL,J,,,50,28,750,5,26,0,0,0,600,750,20
1584,RODIME,,RO3065,3H,MFM,J,,,53,28,872,7,17,0,0,0,650,872,20
1585,RODIME,,RO3070S,3.5,SCSI,,,,71,28,872,5,0,0,0,0,0,0,0
1586,RODIME,,RO3075R,3H,RLL,J,,,60,28,750,6,26,0,0,0,600,750,20
1587,RODIME,,RO3085R,3H,RLL,J,,,70,28,750,7,26,0,0,0,600,750,20
1588,RODIME,,RO3085S,3H,SCSI,J,,,70,28,750,7,26,0,0,0,,750,20
1589,RODIME,,RO3088A,3H,AT-BUS,J,,,76,18,868,5,34,0,0,0,,868,30
1590,RODIME,,RO3088T,3H,SCSI,J,,,76,18,868,5,34,0,0,0,,868,30
1591,RODIME,,RO3089A,3.5,AT,,,,70,18,1216,3,0,0,0,0,0,0,0
1592,RODIME,,RO3089T,3.5,SCSI,,,,70,18,1216,3,0,0,0,0,0,0,0
1593,RODIME,,RO3128A,3.5,AT,+,,,106,18,868,7,34,0,0,0,0,0,30
1594,RODIME,,RO3128T,3.5,SCSI,+,,,106,18,868,7,34,0,0,0,0,0,30
1595,RODIME,,RO3128T,3H,SCSI,J,,,106,18,868,7,34,0,0,0,,868,30
1596,RODIME,,RO3129A,3.5,AT,+,,,106,18,1091,5,0,0,0,0,0,0,30
1597,RODIME,,RO3129T,3.5,SCSI,+,,,106,18,1216,6,0,0,0,0,0,0,30
1598,RODIME,,RO3130T,,SCSI,,,,106,0,1053,7,0,0,0,0,0,0,0
1599,RODIME,,RO3139A,3.5,AT,+,,,113,18,1168,5,0,0,0,0,0,0,30
1600,RODIME,,RO3199A,3.5,AT,+,,,163,18,1216,7,0,0,0,0,0,0,30
1601,RODIME,,RO3199T,3.5,SCSI,+,,,163,18,1216,7,0,0,0,0,0,0,30
1602,RODIME,,RO3259A,3H,AT-BUS,J,,,210,18,1216,9,41,0,0,0,,1216,30
1603,RODIME,,RO3259T,3H,SCSI,J,,,210,18,1216,9,41,0,0,0,,1216,30
1604,RODIME,,RO351,,MFM,,,,0,85,306,2,17,0,0,0,0,0,0
1605,RODIME,,RO352,3H,MFM,N,,,11,85,306,4,17,0,0,0,0,306,12
1606,RODIME,,RO365,3.5,MFM,,,,0,0,612,4,17,0,0,0,0,0,0
1607,RODIME,,RO5040,,SCSI,,,,0,28,1224,3,0,0,0,0,0,0,0
1608,RODIME,,RO5065,5,MFM,+,,,53,28,1224,5,17,0,0,0,0,0,0
1609,RODIME,,RO5075S,,SCSI,,,,0,28,0,0,0,0,0,0,0,0,0
1610,RODIME,,RO5090,5H,MFM,J,,,75,28,1224,7,17,0,0,0,,1224,20
1611,RODIME,,RO5095R,5.2,RLL,+,,,81,28,1224,5,26,0,0,0,0,0,20
1612,RODIME,,RO5125E,5F,ESDI,+,,,113,24,1224,5,36,0,0,0,0,0,30
1613,RODIME,,RO5125ST,5H,SCSI,J,,,103,24,1219,5,33,0,0,0,,1219,30
1614,RODIME,,RO5130R,5H,RLL,J,,,114,28,1224,7,26,0,0,0,,1224,20
1615,RODIME,,RO5180E,5H,ESDI,,,,158,24,1224,7,36,0,0,0,0,0,0
1616,RODIME,,RO5180ST,5H,SCSI,J,,,144,24,1219,7,33,0,0,0,,1219,30
1617,RODIME,,RO652,3H,SCSI,N,,,21,85,306,4,33,0,0,0,,306,12
1618,RODIME,,RO752A,5,SCSI,,,,21,0,306,4,0,0,0,0,0,0,0
1634,SAMSUNG,,SHD-2040N,3.5,RLL,,,,44,39,820,4,26,0,0,0,0,0,0
1635,SAMSUNG,,SHD-2041B,3.5,AT,,,,47,29,820,4,28,0,0,0,0,0,30
1636,SEAGATE,,100S,3.5,MFM,,,,88,15,1072,9,17,0,0,0,0,0,0
1637,SEAGATE,,100S-I,5.2,MFM,,,,80,28,1024,9,17,0,0,0,0,0,0
1638,SEAGATE,,110CH-I,5.2,SCSI,,,,89,18,1024,5,36,0,0,0,0,0,0
1639,SEAGATE,,110EH-I,5.2,ESDI,,,,94,18,1024,5,34,0,0,0,0,0,0
1640,SEAGATE,,1201E,3.5,ESDI,,,,170,0,0,0,0,0,0,0,0,0,0
1641,SEAGATE,,150S,3.5,RLL,,,,133,15,1072,9,26,0,0,0,0,0,0
1642,SEAGATE,,180C-I,5.2,SCSI,,,,155,16,969,9,34,0,0,0,0,0,0
1643,SEAGATE,,180E-I,5.2,ESDI,,,,151,16,969,9,34,0,0,0,0,0,0
1644,SEAGATE,,200AT,3.5,AT,,,,170,15,1072,9,36,0,0,0,0,0,0
1645,SEAGATE,,210CH-I,5.2,SCSI,,,,183,18,1544,5,0,0,0,0,0,0,0
1646,SEAGATE,,3212,,,,,,0,0,612,2,0,0,0,0,0,0,0
1647,SEAGATE,,97501-15G,5F,SCSI2,,,,1350,12,0,17,0,0,0,0,0,0,100
1648,SEAGATE,,"SG 10B",,,,,,10,0,305,4,0,0,0,0,0,0,0
1649,SEAGATE,,"SG 15C",,,,,,15,0,305,6,0,0,0,0,0,0,0
1650,SEAGATE,,"SG 5A",,,,,,5,0,152,4,0,0,0,0,0,0,0
1651,SEAGATE,,"SG 5B",,,,,,5,0,305,2,0,0,0,0,0,0,0
1652,SEAGATE,,ST1057A,3H,AT-BUS,J,,,49,20,940,3,36,0,0,0,,1023,50
1653,SEAGATE,,ST1057N,3H,SCSI,J,,,49,20,940,3,34,0,0,0,,0,50
1654,SEAGATE,,ST1090A,3.5,AT,+,,,79,15,1072,5,29,0,0,0,0,0,70
1655,SEAGATE,,ST1090N,,SCSI,+,,,79,15,1068,5,29,0,0,0,0,0,70
1656,SEAGATE,,ST1096N,3H,SCSI,J,,,84,24,906,7,26,0,0,0,,909,50
1657,SEAGATE,,ST1100,3.5,MFM,,,,84,15,1072,9,17,0,0,0,0,0,70
1658,SEAGATE,,ST1102A,3,AT,,,,84,20,965,5,0,1024,10,17,0,0,50
1659,SEAGATE,,ST1102A,3H,AT-BUS,J,,,84,20,1024,10,17,0,0,0,,1023,50
1660,SEAGATE,,ST1102M,3.5,SCSI2,,,,84,20,0,5,0,0,0,0,0,0,50
1661,SEAGATE,,ST1102N,3H,SCSI,J,,,84,20,965,5,0,0,0,0,,0,50
1662,SEAGATE,,ST1106R,3.5,RLL,Y,,,91,24,977,7,26,0,0,0,0,0,50
1663,SEAGATE,,ST11102A,3.5,AT,,,,89,19,0,0,0,0,0,0,0,0,150
1664,SEAGATE,,ST1111A,3.5,AT,+,,,98,15,1072,5,36,0,0,0,0,0,70
1665,SEAGATE,,ST1111E,3.5,ESDI,+,,,98,15,1072,5,36,0,0,0,0,0,70
1666,SEAGATE,,ST1111N,3.5,SCSI,+,,,98,15,1068,5,36,0,0,0,0,0,70
1667,SEAGATE,,ST11200N,3.5,SCSI2,,,,1050,12,1877,15,0,0,0,0,0,0,200
1668,SEAGATE,,ST1126A,3.5,AT,+,1992-12-14,,111,15,1072,7,29,914,14,17,0,0,70
1669,SEAGATE,,ST1126N,3.5,SCSI,+,,,111,15,1068,7,29,0,0,0,0,0,70
1670,SEAGATE,,ST1133A,3.5,AT,,,,117,15,1272,5,36,0,0,0,0,0,70
1671,SEAGATE,,ST1133N,3.5,SCSI,,,,113,15,1268,5,36,0,0,0,0,0,0
1672,SEAGATE,,ST1133NS,3.5,SCSI2,Y,,,113,15,1268,5,36,0,0,0,0,0,150
1673,SEAGATE,,ST1144A,3H,AT-BUS,J,,,126,20,1009,7,34,1001,15,17,,1023,50
1674,SEAGATE,,ST1144N,3H,SCSI,J,,,126,20,0,0,0,0,0,0,,0,50
1675,SEAGATE,,ST1150R,3.5,RLL,+,1992-12-14,,133,15,1072,9,26,0,0,0,0,0,70
1676,SEAGATE,,ST1156A,3.5,AT,+,,,138,15,1072,7,36,0,0,0,0,0,70
1677,SEAGATE,,ST1156E,3.5,ESDI,+,,,138,15,1072,7,36,0,0,0,0,0,70
1678,SEAGATE,,ST1156N,3.5,SCSI,+,,,138,15,1068,7,36,0,0,0,0,0,70
1679,SEAGATE,,ST1156NS,3.5,SCSI2,Y,,,137,15,1068,7,36,0,0,0,0,0,70
1680,SEAGATE,,ST1156R,3.5,RLL,Y,,,138,15,1072,7,36,0,0,0,0,0,70
1681,SEAGATE,,ST1162A,3.5,AT,+,1992-12-14,,143,15,1072,9,29,0,0,0,0,0,70
1682,SEAGATE,,ST1162N,3.5,SCSI,+,,,142,15,1068,9,29,0,0,0,0,0,70
1683,SEAGATE,,ST1182E,3.5,ESDI,Y,,,161,0,972,9,36,0,0,0,0,0,0
1684,SEAGATE,,ST1186A,3.5,AT,+,,,164,15,1272,7,36,0,0,0,0,0,70
1685,SEAGATE,,ST1186A,3.5,AT,,,,164,15,636,9,56,0,0,0,0,0,0
1686,SEAGATE,,ST1186A,3.5,AT,,,,164,15,692,14,33,0,0,0,0,0,0
1687,SEAGATE,,ST1186N,3.5,SCSI,,,,158,15,1268,7,36,0,0,0,0,0,150
1688,SEAGATE,,ST1186NS,3.5,SCSI2,Y,,,163,15,1268,7,36,0,0,0,0,0,150
1689,SEAGATE,,ST1201A,3.5,AT,+,1992-12-14,,177,15,1072,9,36,804,9,48,0,0,70
1690,SEAGATE,,ST1201E,3.5,ESDI,+,,,177,15,1072,9,36,804,9,48,0,0,70
1691,SEAGATE,,ST1201N,3.5,SCSI,+,1992-12-14,,177,15,1068,9,36,0,0,0,0,0,70
1692,SEAGATE,,ST1239A,3.5,AT,+,,,211,15,1272,9,36,954,12,36,0,0,70
1693,SEAGATE,,ST1239N,3.5,SCSI,,,,204,15,1268,9,36,0,0,0,0,0,150
1694,SEAGATE,,ST1239NS,3.5,SCSI2,Y,,,210,15,1268,9,36,0,0,0,0,0,150
1695,SEAGATE,,ST124-0,3H,MFM,N,1989-11-12,,21,40,615,4,17,0,0,0,,614,70
1700,SEAGATE,,ST125-0,3H,MFM,J,,,21,40,615,4,17,0,0,0,,614,70
1701,SEAGATE,,ST125-1,3H,MFM,J,,,21,28,615,4,17,0,0,0,,614,70
1696,SEAGATE,,ST125A-0,3H,AT-BUS,J,,,21,40,404,4,26,615,4,17,,403,70
1697,SEAGATE,,ST125A-1,3H,AT-BUS,J,,,21,28,404,4,26,0,0,0,,403,70
1698,SEAGATE,,ST125N-0,3H,SCSI,J,,,22,40,407,4,26,0,0,0,,406,70
1699,SEAGATE,,ST125N-1,3H,SCSI,J,,,22,28,407,4,26,0,0,0,,406,70
1702,SEAGATE,,ST1274A,3.5,IDE,,,,230,18,0,0,0,0,0,0,0,0,0
1703,SEAGATE,,ST137R,3H,RLL,N,,,38,40,615,4,26,0,0,0,,614,70
1710,SEAGATE,,ST138-0,3H,MFM,J,,,32,40,615,6,17,0,0,0,,614,70
1711,SEAGATE,,ST138-1,3H,MFM,J,,,32,28,615,6,17,0,0,0,,614,70
1704,SEAGATE,,ST138A-0,3H,AT-BUS,J,,,32,40,604,4,26,615,6,17,,603,70
1705,SEAGATE,,ST138A-1,3H,AT-BUS,J,,,32,28,604,4,25,615,6,17,,603,70
1706,SEAGATE,,ST138N-0,3H,SCSI,J,,,32,40,615,4,26,0,0,0,,614,70
1707,SEAGATE,,ST138N-1,3H,SCSI,J,,,32,28,615,4,26,0,0,0,,614,70
1708,SEAGATE,,ST138R-0,3H,RLL,J,,,33,40,615,4,26,0,0,0,,614,70
1709,SEAGATE,,ST138R-1,3H,RLL,J,,,33,28,615,4,26,0,0,0,,614,70
1712,SEAGATE,,ST1400A,3.5,AT,,,,331,14,1475,7,0,1018,12,53,0,0,150
1713,SEAGATE,,ST1400N,3.5,SCSI2,Y,,,331,14,1478,7,0,0,0,0,0,0,150
1714,SEAGATE,,ST1401A,3.5,IDE,Y,,,338,12,1121,9,0,726,15,61,0,0,150
1715,SEAGATE,,ST1401N,3.5,SCSI2,Y,,,338,12,1100,9,0,0,0,0,0,0,150
1716,SEAGATE,,ST1480A,3.5,IDE,Y,,,426,14,1474,9,0,895,15,62,0,0,150
1717,SEAGATE,,ST1480N,3.5,SCSI2,Y,,,426,14,1476,9,0,0,0,0,0,0,150
1718,SEAGATE,,ST151,3H,MFM,J,,,43,24,977,5,17,0,0,0,,976,50
1719,SEAGATE,,ST157A-0,3H,AT-BUS,J,,,45,40,560,6,26,1024,5,17,,559,70
1720,SEAGATE,,ST157A-1,3H,AT-BUS,J,,,45,28,560,6,26,1024,5,17,,559,70
1721,SEAGATE,,ST157N-0,3H,SCSI,J,,,49,40,615,6,26,0,0,0,,614,70
1722,SEAGATE,,ST157N-1,3H,SCSI,J,,,49,28,615,6,26,0,0,0,,614,70
1723,SEAGATE,,ST157R-0,3H,RLL,J,,,49,40,615,6,26,0,0,0,,614,70
1724,SEAGATE,,ST157R-1,3H,RLL,J,,,49,28,615,6,26,0,0,0,,614,70
1725,SEAGATE,,ST1581N,3.5,SCSI2,,,,525,14,1476,9,0,0,0,0,0,0,150
1726,SEAGATE,,ST177N,3H,SCSI,J,,,61,24,926,5,26,0,0,0,,925,50
1727,SEAGATE,,ST1980N,3.5,SCSI2,,,,860,11,1717,13,0,0,0,0,0,0,200
1728,SEAGATE,,ST206,5.2,MFM,,,,0,0,306,2,17,0,0,0,128,0,0
1729,SEAGATE,,ST2106E,5.2,ESDI,+,,,89,18,1024,5,34,0,0,0,0,0,100
1730,SEAGATE,,ST2106N,5.2,SCSI,+,,,89,18,1022,5,34,0,0,0,0,0,100
1731,SEAGATE,,ST212,5.2,MFM,,,,10,0,306,4,17,0,0,0,128,0,0
1732,SEAGATE,,ST2125N,5F,SCSI,+,,,110,18,1544,3,0,0,0,0,0,0,100
1733,SEAGATE,,ST213,,MFM,,,,11,65,615,2,17,0,0,0,300,0,0
1734,SEAGATE,,ST2160E,,ESDI,,,,94,0,0,0,0,0,0,0,0,0,0
1735,SEAGATE,,ST2182E,5F,ESDI,+,,,160,15,1453,4,54,0,0,0,0,0,100
1736,SEAGATE,,ST2209N,5F,SCSI,,,,183,18,1544,5,0,0,0,0,0,0,100
1737,SEAGATE,,ST224N,5H,SCSI,N,,,21,70,615,2,26,0,0,0,,0,100
1738,SEAGATE,,ST225,5H,MFM,N,,,21,65,615,4,17,0,0,0,300,614,100
1739,SEAGATE,,ST225N,5H,SCSI,N,,,21,65,615,4,17,0,0,0,300,614,100
1740,SEAGATE,,ST225R,5H,RLL,N,,,21,70,667,2,31,0,0,0,,666,100
1741,SEAGATE,,ST2274A,5F,AT,+,,,193,16,1747,5,54,1024,16,17,0,0,100
1742,SEAGATE,,ST2383A,5,AT,+,,,338,16,1747,7,54,1024,16,17,0,0,100
1743,SEAGATE,,ST2383E,5F,ESDI,+,,,337,16,1747,7,54,0,0,0,0,0,100
1744,SEAGATE,,ST2383N,5,SCSI,+,,,338,14,1261,7,0,0,0,0,0,0,100
1745,SEAGATE,,ST2384A,5.2,IDE,,,,330,18,0,0,0,0,0,0,0,0,0
1746,SEAGATE,,ST238R,5H,RLL,N,,,33,65,615,4,26,0,0,0,300,614,100
1747,SEAGATE,,ST2502N,5,SCSI,+,,,440,16,1756,7,0,0,0,0,0,0,100
1748,SEAGATE,,ST250N,5H,SCSI,N,,,43,70,0,2,0,0,0,0,,0,100
1749,SEAGATE,,ST250R,5H,RLL,N,,,42,70,667,4,31,0,0,0,,666,100
1753,SEAGATE,,ST251-0,5H,MFM,J,,,43,40,820,6,17,0,0,0,,819,100
1754,SEAGATE,,ST251-1,5H,MFM,J,,,43,28,820,6,17,0,0,0,,819,100
1750,SEAGATE,,ST251N-0,5H,SCSI,J,,,43,40,820,4,26,0,0,0,,819,70
1751,SEAGATE,,ST251N-1,5H,SCSI,J,,,43,28,630,4,34,0,0,0,,629,70
1752,SEAGATE,,ST251R-0,5H,RLL,J,,,62,40,820,6,26,0,0,0,,819,70
1755,SEAGATE,,ST252,5H,MFM,J,,,43,40,820,6,17,0,0,0,,819,100
1756,SEAGATE,,ST253,5,MFM,+,,,43,28,989,5,17,0,0,0,0,0,40
1757,SEAGATE,,ST274A,5,AT,+,,,66,28,948,5,26,941,8,17,0,0,40
1758,SEAGATE,,ST277,,MFM,,,,42,0,820,6,17,0,0,0,0,0,0
1759,SEAGATE,,ST277N-0,5H,SCSI,J,,,65,40,820,6,26,0,0,0,,819,70
1760,SEAGATE,,ST277N-1,5H,SCSI,J,,,65,28,628,6,34,0,0,0,,627,70
1761,SEAGATE,,ST277R-0,5H,RLL,J,,,66,40,820,6,26,0,0,0,,819,70
1762,SEAGATE,,ST277R-1,5H,RLL,J,,,66,28,820,6,26,0,0,0,,819,70
1763,SEAGATE,,ST278R,5H,RLL,J,,,66,40,820,6,26,0,0,0,,819,70
1764,SEAGATE,,ST279R,5,RLL,+,,,65,28,989,5,26,0,0,0,0,0,40
1765,SEAGATE,,ST280A,5,AT,+,,,71,29,1032,5,26,1024,8,17,0,0,40
1766,SEAGATE,,ST296N,5H,SCSI,J,,,85,28,820,6,34,0,0,0,,819,70
1767,SEAGATE,,ST3025A,3S,AT-BUS,J,,,21,20,1616,1,26,0,0,0,,1023,50
1768,SEAGATE,,ST3025N,3S,SCSI,J,,,21,20,0,0,0,0,0,0,,0,50
1769,SEAGATE,,ST3051A,3.5,AT,,,,43,16,820,0,0,0,0,0,0,0,150
1770,SEAGATE,,ST3057A,3S,AT-BUS,J,,,49,20,940,3,34,0,0,0,,1023,50
1771,SEAGATE,,ST3057N,3S,SCSI,J,,,49,20,0,0,0,0,0,0,,0,50
1772,SEAGATE,,ST3096A,3S,AT-BUS,J,,,84,20,1024,10,17,1024,10,17,,1023,50
1773,SEAGATE,,ST3096N,3S,SCSI,J,,,84,20,0,0,0,0,0,0,,0,50
1774,SEAGATE,,ST3120A,,AT,-,1992-12-14,,106,15,1024,3,34,1024,12,17,0,0,150
1775,SEAGATE,,ST3144A,,AT,,,,130,16,1001,3,85,1001,15,17,0,0,150
1776,SEAGATE,,ST3144N,3.5,SCSI,J,,,126,16,0,0,0,0,0,0,0,0,150
1777,SEAGATE,,ST325A,3S,AT-BUS,J,,,21,45,615,4,17,0,0,0,,614,50
1778,SEAGATE,,ST325N,3S,SCSI,J,,,21,45,0,0,0,0,0,0,,0,50
1779,SEAGATE,,ST325X,3S,XT,J,,,21,45,697,2,30,0,0,0,,614,50
1780,SEAGATE,,ST3283A,,AT,,,,245,12,1024,5,0,978,14,35,0,0,200
1781,SEAGATE,,ST3283N,3.5,SCSI2,,,,248,12,0,0,0,0,0,0,0,0,200
1782,SEAGATE,,ST3500A,3.5,AT,,,,426,11,1546,7,0,0,0,0,0,0,200
1783,SEAGATE,,ST3500N,3.5,SCSI2,,,,426,11,1546,7,0,0,0,0,0,0,200
1784,SEAGATE,,ST351A/X,3.5,AT/XT,,,,42,28,904,2,0,820,6,17,0,0,150
1785,SEAGATE,,ST3600A,3.5,AT,,,,525,12,1877,7,0,0,0,0,0,0,200
1786,SEAGATE,,ST3600N,3.5,SCSI2,,,,525,12,1877,7,0,0,0,0,0,0,200
1787,SEAGATE,,ST4026,5F,MFM,,,,21,40,615,4,17,0,0,0,300,0,0
1788,SEAGATE,,ST4030,,MFM,,,,31,0,733,5,17,0,0,0,0,0,0
1789,SEAGATE,,ST4038,5F,MFM,+,,,32,40,733,5,17,0,0,0,0,0,0
1790,SEAGATE,,ST4038M,5F,MFM,,,,31,40,733,5,17,0,0,0,0,0,0
1791,SEAGATE,,ST4051,5,MFM,+,,,42,40,977,5,17,0,0,0,0,0,0
1792,SEAGATE,,ST4051N,5.2,SCSI,,,,0,28,977,5,0,0,0,0,0,0,0
1793,SEAGATE,,ST4053,5F,MFM,J,,,45,28,1024,5,17,0,0,0,,1023,40
1794,SEAGATE,,ST406,5.2,MFM,,,,5,85,306,2,17,0,0,0,128,0,0
1795,SEAGATE,,ST4077N,5.2,SCSI,,,,66,28,1024,5,26,0,0,0,0,0,0
1796,SEAGATE,,ST4077R,5F,RLL,,,,65,28,1024,5,26,0,0,0,0,0,0
1797,SEAGATE,,ST4085,5F,MFM,+,,,71,28,1024,8,17,0,0,0,0,0,40
1798,SEAGATE,,ST4086,5F,MFM,+,,,72,28,925,9,17,0,0,0,0,0,0
1799,SEAGATE,,ST4096,5F,MFM,J,,,80,28,1024,9,17,0,0,0,,1023,40
1801,SEAGATE,,ST4096-0,5F,MFM,+,,,80,40,1024,9,17,0,0,0,0,0,25
1800,SEAGATE,,ST4096N,5.2,SCSI,,,,0,0,1147,8,0,0,0,0,0,0,0
1802,SEAGATE,,ST4097,5F,MFM,+,,,80,28,1024,9,17,0,0,0,0,0,40
1803,SEAGATE,,ST41097J,5F,"DUAL SMD",,,,950,11,2101,17,0,0,0,0,0,0,150
1804,SEAGATE,,ST412,5F,MFM,,,,11,85,306,4,17,0,0,0,128,0,0
1805,SEAGATE,,ST41200N,5F,SCSI,+,,,1050,15,1931,15,0,0,0,0,0,0,100
1806,SEAGATE,,ST41201J,5F,"DUAL SMD",,,,1055,11,2101,17,0,0,0,0,0,0,150
1807,SEAGATE,,ST41201K,5F,"DUAL IPI",,,,1050,11,2101,17,0,0,0,0,0,0,150
1808,SEAGATE,,ST4135R,5F,RLL,+,,,115,28,990,9,26,0,0,0,0,0,40
1809,SEAGATE,,ST4144N,5.2,SCSI,,,,0,28,1024,9,26,0,0,0,0,0,0
1810,SEAGATE,,ST4144R,5F,RLL,J,,,123,28,1024,9,26,0,0,0,,1023,40
1811,SEAGATE,,ST41520N,5F,SCSI2,,,,1352,11,2101,17,0,0,0,0,0,0,150
1812,SEAGATE,,ST41600N,5F,SCSI2,,,,1352,11,2101,17,0,0,0,0,0,0,150
1813,SEAGATE,,ST41601N,5F,SCSI2,,,,1352,11,2101,17,0,0,0,0,0,0,150
1814,SEAGATE,,ST41650E,5.2,ESDI,,,,1420,12,0,0,0,0,0,0,0,0,0
1815,SEAGATE,,ST41650N,5F,SCSI2,,,,1415,15,2107,15,0,0,0,0,0,0,150
1816,SEAGATE,,ST41651N,5F,SCSI2,,,,1415,15,2107,15,0,0,0,0,0,0,150
1817,SEAGATE,,ST41800K,5F,"DUAL IPI",,,,1800,11,2627,18,0,0,0,0,0,0,150
1818,SEAGATE,,ST4182E,5F,ESDI,+,,,151,17,969,9,35,0,0,0,0,0,100
1819,SEAGATE,,ST4182N,5F,SCSI,+,,,150,17,969,9,35,0,0,0,0,0,100
1820,SEAGATE,,ST419,5.2,MFM,,,,15,85,306,6,17,0,0,0,128,0,0
1821,SEAGATE,,ST4192,5F,MFM,J,,,169,17,1147,8,36,0,0,0,,1146,25
1822,SEAGATE,,ST4192E,5.2,ESDI,,,,169,17,1147,8,36,0,0,0,0,0,0
1823,SEAGATE,,ST4192N,5.2,SCSI,,,,168,17,1147,8,36,0,0,0,0,0,0
1824,SEAGATE,,ST42100N,5F,SCSI2,,,,1900,13,2574,15,0,0,0,0,0,0,150
1825,SEAGATE,,ST42101N,5F,SCSI2,,,,1900,13,2574,15,0,0,0,0,0,0,150
1826,SEAGATE,,ST42400N,5F,SCSI2,,,,2129,11,2627,19,0,0,0,0,0,0,150
1827,SEAGATE,,ST425,5.2,MFM,,,,21,0,306,8,17,0,0,0,0,0,0
1828,SEAGATE,,ST43200K,5F,"DUAL IPI",,,,3000,11,2627,20,0,0,0,0,0,0,150
1829,SEAGATE,,ST43400N,5F,SCSI2,,,,2846,11,2627,21,0,0,0,0,0,0,150
1830,SEAGATE,,ST43401N,5F,SCSI2,,,,2846,11,2627,21,0,0,0,0,0,0,150
1831,SEAGATE,,ST4350N,5F,SCSI,+,,,307,17,1412,9,0,0,0,0,0,0,100
1832,SEAGATE,,ST4376N,5F,SCSI,+,,,330,18,1549,9,29,0,0,0,0,0,100
1833,SEAGATE,,ST4383E,5F,ESDI,+,,,319,18,1412,13,35,0,0,0,0,0,100
1834,SEAGATE,,ST4384E,5F,ESDI,+,,,319,15,1224,15,35,0,0,0,0,0,100
1835,SEAGATE,,ST4385N,5F,SCSI,+,,,337,11,791,15,0,0,0,0,0,0,100
1836,SEAGATE,,ST4442E,5F,ESDI,+,,,368,16,1412,15,35,0,0,0,0,0,100
1837,SEAGATE,,ST4702N,5F,SCSI,+,,,613,17,1546,15,0,0,0,0,0,0,100
1838,SEAGATE,,ST4766E,5F,ESDI,+,,,676,16,1632,15,53,0,0,0,0,0,100
1839,SEAGATE,,ST4766N,5F,SCSI,+,,,676,16,1632,15,54,0,0,0,0,0,100
1840,SEAGATE,,ST4767E,5F,ESDI,,,,676,11,1399,15,0,0,0,0,0,0,150
1841,SEAGATE,,ST4767N,5F,SCSI,+,,,676,12,1362,15,0,0,0,0,0,0,100
1842,SEAGATE,,ST4769E,5.2,ESDI,Y,,,631,15,1552,15,53,0,0,0,0,0,150
1843,SEAGATE,,ST4806,5,MFM,,,,72,28,918,9,17,0,0,0,0,0,40
1844,SEAGATE,,ST506,5.2,MFM,,,,5,85,153,4,17,0,0,0,128,0,0
1845,SEAGATE,,ST6165J,,SMD,,,,140,30,823,10,0,0,0,0,0,0,10
1846,SEAGATE,,ST6315J,,SMD-E,,,,280,20,823,19,0,0,0,0,0,0,30
1847,SEAGATE,,ST6344J,9,SMD,Y,,,344,18,711,24,0,0,0,0,0,0,30
1848,SEAGATE,,ST6516J,9,SMD-E,Y,,,516,18,711,24,0,0,0,0,0,0,30
1849,SEAGATE,,ST6516K,9,IPI2,Y,,,516,18,711,24,0,0,0,0,0,0,30
1850,SEAGATE,,ST683J,,SMD,,,,83,30,823,5,0,0,0,0,0,0,8
1851,SEAGATE,,ST706,5.2,MFM,,,,5,0,306,2,17,0,0,0,128,0,0
1852,SEAGATE,,ST81123J,8,SMD-O/E,Y,,,1050,15,1635,15,0,0,0,0,0,0,100
1853,SEAGATE,,ST81154K(T),8,IPI2,Y,,,1050,15,1635,14,0,1635,7,0,0,0,100
1854,SEAGATE,,ST81236,8,SMD-O/E,Y,,,1056,15,1635,15,0,0,0,0,0,0,100
1855,SEAGATE,,ST81236J,,SMD-E,,,,1236,15,1635,15,0,0,0,0,0,0,100
1856,SEAGATE,,ST81236K,8,IPI2,Y,,,1056,15,1635,15,0,0,0,0,0,0,100
1857,SEAGATE,,ST81236N,8,SCSI,Y,,,1049,15,1635,15,0,0,0,0,0,0,100
1858,SEAGATE,,ST82038J,8,SMD-E,Y,,,1800,12,2611,19,0,0,0,0,0,0,150
1859,SEAGATE,,ST82105K,8,IPI2,Y,,,1850,13,2611,16,0,2611,2,0,0,0,80
1860,SEAGATE,,ST82272J,8,SMD-E,Y,,,1950,13,2611,19,0,0,0,0,0,0,150
1861,SEAGATE,,ST82368K,8,IPI2,Y,,,2050,13,2611,18,0,2611,2,0,0,0,64
1862,SEAGATE,,ST82500J,8,SMD-O/E,Y,,,2140,13,2611,19,0,0,0,0,0,0,150
1863,SEAGATE,,ST82500K,8,IPI2,Y,,,2140,13,2611,19,0,0,0,0,0,0,150
1864,SEAGATE,,ST82500N,8,SCSI,Y,,,2140,13,2611,19,0,0,0,0,0,0,150
1865,SEAGATE,,ST83050,8,IPI2,Y,,,2650,12,1655,18,0,0,0,0,0,0,150
1866,SEAGATE,,ST83220,8,IPI2,Y,,,2800,12,1655,19,0,0,0,0,0,0,150
1867,SEAGATE,,ST8368J,8,SMD-E,Y,,,368,18,1217,10,0,0,0,0,0,0,30
1868,SEAGATE,,ST8368N,8,SCSI,Y,,,316,18,1217,10,0,0,0,0,0,0,30
1869,SEAGATE,,ST8500J,8,SMD-E,Y,,,500,18,1217,10,0,0,0,0,0,0,30
1870,SEAGATE,,ST8500N,8,SCSI,Y,,,378,18,1217,10,0,0,0,0,0,0,30
1871,SEAGATE,,ST8741J,8,SMD-E,Y,,,736,15,1635,15,0,0,0,0,0,0,50
1872,SEAGATE,,ST8741N,8,SCSI,Y,,,637,15,1635,15,0,0,0,0,0,0,50
1873,SEAGATE,,ST8851J,8,SMD-O/E,Y,,,727,15,1381,15,0,0,0,0,0,0,100
1874,SEAGATE,,ST8851K,8,IPI2,Y,,,727,15,1381,15,0,0,0,0,0,0,100
1875,SEAGATE,,ST8851N,8,SCSI,Y,,,727,15,1381,15,0,0,0,0,0,0,100
1876,SEAGATE,,ST9025A,2.5,IDE,Y,,,21,20,654,2,32,0,0,0,0,0,150
1877,SEAGATE,,ST9051A,2.5,AT,,,,42,19,654,4,32,0,0,0,0,0,150
1878,SEAGATE,,ST9052A,2.5,AT,,,,42,16,1024,16,0,0,0,0,0,0,150
1879,SEAGATE,,ST9077A,2.5,AT,,,,64,16,1024,16,0,0,0,0,0,0,150
1880,SEAGATE,,ST9096A,3.5,AT,,,,85,16,1024,16,0,980,10,17,0,0,150
1881,SEAGATE,,ST9096N,2.5,SCSI2,,,,85,16,0,0,0,0,0,0,0,0,150
1882,SEAGATE,,ST9144A,2.5,AT,,,,127,16,1024,16,0,0,0,0,0,0,150
1883,SEAGATE,,ST9144N,2.5,SCSI2,,,,127,16,0,0,0,0,0,0,0,0,150
1884,SHUGART,,"SA 604",,MFM,,,,0,0,160,4,17,0,0,0,128,0,0
1885,SHUGART,,"SA 606",,MFM,,,,0,0,160,6,17,0,0,0,128,0,0
1886,SHUGART,,"SA 607",,MFM,,,,0,0,306,2,17,0,0,0,128,0,0
1887,SHUGART,,"SA 612",,MFM,,,,0,0,311,4,17,0,0,0,128,0,0
1888,SHUGART,,"SA 706",,MFM,,,,0,0,306,2,17,0,0,0,128,0,0
1889,SHUGART,,"SA 712",,MFM,,,,0,0,306,4,17,0,0,0,128,0,0
1890,SHUGART,,SA724,5,MFM,,,,20,0,640,4,17,0,0,0,255,0,0
1891,SIEMENS,,1200,5.2,ESDI,,,,0,25,1216,8,0,0,0,0,0,0,0
1892,SIEMENS,,1300,5.2,ESDI,,,,0,25,1216,12,0,0,0,0,0,0,0
1893,SIEMENS,,2200,,ESDI,,,,0,25,1216,8,0,0,0,0,0,0,0
1894,SIEMENS,,2300,,ESDI,,,,0,25,1216,12,0,0,0,0,0,0,0
1895,SIEMENS,,4410,,ESDI,,,,322,0,0,0,0,0,0,0,0,0,0
1896,SIEMENS,,4420,5,SCSI,,,,322,0,0,0,0,0,0,0,0,0,0
1897,SIEMENS,,5710,,ESDI,,,,0,16,0,15,0,0,0,0,0,0,0
1898,SIEMENS,,5720,,SCSI,,,,0,16,0,15,0,0,0,0,0,0,0
1899,SIEMENS,,5810,5,ESDI,,,,688,0,0,0,0,0,0,0,0,0,0
1900,SIEMENS,,5820,5,SCSI,,,,688,0,0,0,0,0,0,0,0,0,0
1901,SIEMENS,,6200,5.2,SCSI,Y,,,1200,14,0,0,0,0,0,0,0,0,99
1902,SIEMENS,,7520,5.2,SCSI,,,,655,16,0,15,0,0,0,0,0,0,0
1903,SONY,,"SRD 2040Z",3H,SCSI,N,,,40,28,0,0,0,0,0,0,,0,0
1904,"STORAGE DIMENSI",,AT1000S,5.2,SCSI,,,,1000,15,0,15,0,0,0,0,0,0,100
1905,"STORAGE DIMENSI",,AT100R,,RLL,,,,109,0,1024,8,26,0,0,0,0,0,0
1906,"STORAGE DIMENSI",,AT100S,3.5,SCSI,Y,,,105,19,0,3,0,0,0,0,0,0,150
1907,"STORAGE DIMENSI",,AT120,,MFM,N,,,119,27,918,15,17,0,0,0,,917,0
1908,"STORAGE DIMENSI",,AT133,,MFM,,,,134,0,1024,15,0,0,0,0,17,0,0
1909,"STORAGE DIMENSI",,AT155E,,ESDI,N,,,156,14,1224,7,36,0,0,0,,1223,0
1910,"STORAGE DIMENSI",,AT155S,,SCSI,N,,,156,14,0,0,0,0,0,0,0,0,0
1911,"STORAGE DIMENSI",,AT160,,MFM,N,,,158,28,1224,15,17,0,0,0,,1223,0
1912,"STORAGE DIMENSI",,AT200R,,RLL,,,,204,0,1024,15,26,0,0,0,0,0,0
1913,"STORAGE DIMENSI",,AT200S,3.5,SCSI,Y,,,204,15,0,7,0,0,0,0,0,0,150
1914,"STORAGE DIMENSI",,AT320S,,SCSI,N,,,327,16,1224,15,35,0,0,0,,1223,0
1915,"STORAGE DIMENSI",,AT335E,,ESDI,N,,,336,16,1224,15,36,0,0,0,,1223,0
1916,"STORAGE DIMENSI",,AT40,,MFM,,,,43,0,1024,5,17,0,0,0,0,0,0
1917,"STORAGE DIMENSI",,AT650E,,ESDI,N,,,651,17,1632,15,52,0,0,0,,1631,0
1918,"STORAGE DIMENSI",,AT650S,,SCSI,N,,,651,17,0,0,0,0,0,0,0,0,0
1919,"STORAGE DIMENSI",,AT70,,MFM,,,,71,0,1024,8,17,0,0,0,0,0,0
1920,"STORAGE DIMENSI",,MAC195,3.5,SCSI,,,,195,15,0,7,0,0,0,0,0,0,150
1921,"STORAGE DIMENSI",,PS155E,5.2,ESDI,Y,,,156,14,1224,9,36,0,0,0,0,0,0
1922,"STORAGE DIMENSI",,PS155S,5.2,SCSI,Y,,,156,14,1224,9,36,0,0,0,0,0,0
1923,"STORAGE DIMENSI",,PS335E,5.2,ESDI,Y,,,338,16,1224,15,36,0,0,0,0,0,0
1924,"STORAGE DIMENSI",,PS650S,5.2,SCSI,Y,,,651,16,1632,15,54,0,0,0,0,0,0
1925,SYQUEST,,SQ306R,,MFM,,,,0,0,306,2,17,0,0,0,0,0,0
1926,SYQUEST,,SQ306RD,,SCSI,,,,10,0,306,2,35,0,0,0,0,0,0
1927,SYQUEST,,SQ306RD,,MFM,,,,0,0,306,4,17,0,0,0,0,0,0
1928,SYQUEST,,SQ312RD,,SCSI,,,,21,0,612,2,35,0,0,0,0,0,0
1929,SYQUEST,,SQ315F,,MFM,,,,0,0,612,4,17,0,0,0,0,0,0
1930,SYQUEST,,SQ319,,MFM,,,,0,0,612,2,17,0,0,0,0,0,0
1931,SYQUEST,,SQ319R,,,,,,0,0,615,4,0,0,0,0,0,0,0
1932,SYQUEST,,SQ325F,,SCSI,,,,42,0,612,4,35,0,0,0,0,0,0
1933,SYQUEST,,SQ338F,,SCSI,,,,63,0,612,6,35,0,0,0,0,0,0
1934,SYQUEST,,SQ338F,,MFM,,,,0,0,615,6,17,0,0,0,0,0,0
1935,SYQUEST,,SQ340AF,,MFM,,,,0,0,640,6,17,0,0,0,0,0,0
2040,"T. I.",,,5.2,MFM,,,,0,0,153,4,17,0,0,0,0,0,0
1936,TANDON,,TAN501,5F,MFM,N,,,5,85,306,2,17,0,0,0,128,305,0
1937,TANDON,,TAN502,5F,MFM,N,,,10,85,306,4,17,0,0,0,128,305,0
1938,TANDON,,TAN503,5F,MFM,N,,,15,85,306,6,17,0,0,0,128,305,0
1939,TANDON,,"TM 2085",,SCSI,,,,0,25,1004,9,0,0,0,0,0,0,0
1940,TANDON,,"TM 2128",,SCSI,,,,0,25,1004,9,0,0,0,0,0,0,0
1941,TANDON,,"TM 2170",,SCSI,,,,0,25,1344,9,0,0,0,0,0,0,0
1942,TANDON,,"TM 244",,RLL,,,,0,37,782,4,26,0,0,0,0,0,0
1943,TANDON,,"TM 246",,RLL,,,,0,37,782,6,26,0,0,0,0,0,0
1944,TANDON,,"TM 251",,MFM,,,,0,0,306,2,0,0,0,0,0,0,0
1945,TANDON,,"TM 252",5H,MFM,N,,,10,85,306,4,17,0,0,0,128,305,0
1946,TANDON,,"TM 261",,MFM,,,,0,0,612,2,17,0,0,0,0,0,0
1947,TANDON,,"TM 262",5H,MFM,N,,,21,80,615,4,17,0,0,0,,614,0
1948,TANDON,,"TM 262R",3H,RLL,N,,,20,85,782,2,26,0,0,0,,781,0
1949,TANDON,,"TM 264",3H,RLL,N,,,41,85,782,4,26,0,0,0,,781,0
1950,TANDON,,"TM 270",5.2,MFM,,,,71,0,1024,8,17,0,0,0,0,0,0
1951,TANDON,,"TM 3085",5F,MFM,J,,,71,25,1024,8,17,0,0,0,,1023,0
1952,TANDON,,"TM 3085R",5.2,RLL,,,,104,37,1024,8,26,0,0,0,0,0,0
1953,TANDON,,"TM 344",3.5,RLL,,,,0,37,782,4,26,0,0,0,0,0,0
1954,TANDON,,"TM 346",3.5,RLL,,,,0,37,782,6,26,0,0,0,0,0,0
1955,TANDON,,"TM 353",,MFM,,,,0,0,306,4,17,0,0,0,0,0,0
1956,TANDON,,"TM 361",,MFM,,,,0,0,612,2,17,0,0,0,0,0,0
1957,TANDON,,"TM 362",3H,MFM,N,,,21,80,615,4,17,0,0,0,,614,0
1958,TANDON,,"TM 362R",3.5,RLL,,,,0,85,782,2,26,0,0,0,0,0,0
1959,TANDON,,"TM 364",3.5,RLL,,,,0,85,782,4,26,0,0,0,0,0,0
1960,TANDON,,"TM 501",,MFM,,,,0,0,306,2,17,0,0,0,153,0,0
1961,TANDON,,"TM 502",,MFM,,,,0,0,306,4,17,0,0,0,153,0,0
1962,TANDON,,"TM 503",,MFM,,,,0,0,306,6,17,0,0,0,153,0,0
1963,TANDON,,"TM 6025",,MFM,,,,0,0,153,4,17,0,0,0,0,0,0
1964,TANDON,,"TM 602S",5F,MFM,N,,,5,98,153,4,17,0,0,0,,152,0
1965,TANDON,,"TM 6035",,MFM,,,,0,0,153,6,17,0,0,0,0,0,0
1966,TANDON,,"TM 6035E",,MFM,,,,0,0,230,6,17,0,0,0,128,0,0
1967,TANDON,,"TM 603S",5F,MFM,N,,,7,98,153,6,17,0,0,0,,152,0
1968,TANDON,,"TM 603SE",5F,MFM,N,,,11,98,230,6,17,0,0,0,,229,0
1969,TANDON,,"TM 702AT",,RLL,,,,0,0,615,4,26,0,0,0,0,0,0
1970,TANDON,,"TM 702AT",5F,MFM,J,,,21,40,615,4,17,0,0,0,300,614,0
1971,TANDON,,"TM 703",5F,MFM,J,,,30,45,695,5,17,0,0,0,300,694,0
1972,TANDON,,"TM 703AT",5F,MFM,J,,,31,40,733,5,17,0,0,0,300,732,0
1973,TANDON,,"TM 703AT",,RLL,,,,0,0,733,5,26,0,0,0,0,0,0
1974,TANDON,,"TM 705",5F,MFM,J,,,41,39,962,5,17,0,0,0,,961,0
1975,TANDON,,"TM 755",5H,MFM,J,,,42,35,981,5,17,0,0,0,,980,0
1976,TANDY,,25-1045,,,,,,28,0,0,0,0,0,0,0,0,0,0
1977,TANDY,,25-1046,3.5,IDE,,,,43,28,782,4,27,0,0,0,0,0,40
1978,TANDY,,25-4130,3.5,IDE,,,,100,17,0,4,0,0,0,0,0,0,0
1979,TEAC,,SD-150,,MFM,,,,0,0,306,4,17,0,0,0,0,0,0
1980,TEAC,,SD-340,3,SCSI,J,,,43,23,1050,2,40,0,0,0,,1049,30
1981,TEAC,,SD-340A,3.5,IDE,Y,,,43,23,1050,2,40,0,0,0,0,0,30
1982,TEAC,,SD-380,3,SCSI,,,,86,0,1050,4,0,0,0,0,0,0,0
1983,TEAC,,SD-380AT,3.5,IDE,Y,,,86,22,1050,4,0,0,0,0,0,0,30
1984,TEAC,,SD-380S,3.5,SCSI,Y,,,86,22,1050,4,0,0,0,0,0,0,30
1985,TEAC,,SD-510,,MFM,,,,0,0,306,4,17,0,0,0,128,0,0
1986,TEAC,,SD-520,,MFM,,,,0,0,615,4,17,0,0,0,128,0,0
1987,"TEXAS INSTRUMEN",,ST506,5,MFM,,,,5,0,153,4,17,0,0,0,64,0,0
1988,"TEXAS INSTRUMEN",,TI-5,5.2,MFM,,,,5,0,153,4,17,0,0,0,0,0,0
1989,TOKICO,,"DK 503-2",,MFM,,,,0,0,306,4,17,0,0,0,0,0,0
1990,TOSHIBA,,MK-1034FC,3.5,IDE,Y,,,107,16,0,0,0,0,0,0,0,0,0
1991,TOSHIBA,,MK-1122FC,2.5,IDE,Y,,,43,23,0,0,0,0,0,0,0,0,0
1992,TOSHIBA,,MK-130,3.5,MFM,,,,53,25,733,7,17,0,0,0,0,0,30
1993,TOSHIBA,,MK-134,,RLL,,,,66,25,0,0,26,0,0,0,0,0,0
1994,TOSHIBA,,MK-134FA,3H,MFM,N,,,44,25,733,7,17,0,0,0,512,732,0
1995,TOSHIBA,,MK-134FA(M),3.5,MFM,Y,,,45,23,733,7,17,0,0,0,0,0,30
1996,TOSHIBA,,MK-134FA(R),3.5,RLL,,,,65,23,733,7,26,0,0,0,0,0,0
1997,TOSHIBA,,MK-153FA,5,ESDI,,,,80,23,830,5,0,0,0,0,0,0,30
1998,TOSHIBA,,MK-153FB,5,SCSI,,,,76,23,830,5,0,0,0,0,0,0,30
1999,TOSHIBA,,MK-154FA,5,ESDI,,,,106,23,830,7,0,0,0,0,0,0,30
2000,TOSHIBA,,MK-154FB,5,SCSI,,,,106,23,830,7,0,0,0,0,0,0,30
2001,TOSHIBA,,MK-156FA,5,ESDI,,,,152,23,830,10,0,0,0,0,0,0,30
2002,TOSHIBA,,MK-156FB,5,SCSI,,,,152,23,830,10,0,0,0,0,0,0,30
2003,TOSHIBA,,MK-232FB,3,SCSI,,,,45,0,845,3,0,0,0,0,0,0,0
2004,TOSHIBA,,MK-233FB,3,SCSI,,,,75,0,845,5,0,0,0,0,0,0,0
2005,TOSHIBA,,MK-234FB,3,SCSI,+,,,106,20,845,7,0,0,0,0,0,0,30
2006,TOSHIBA,,MK-234FC,3,AT,+,,,106,20,845,7,0,0,0,0,0,0,30
2007,TOSHIBA,,MK-250F,5.2,ESDI,,,,0,18,1224,10,35,0,0,0,0,0,0
2008,TOSHIBA,,MK-250FA,5.2,ESDI,Y,,,382,18,1224,10,35,0,0,0,0,0,30
2009,TOSHIBA,,MK-250FB,5.2,SCSI,Y,,,382,18,1224,10,35,0,0,0,0,0,30
2010,TOSHIBA,,MK-3114C,3,MFM,,,,45,23,733,7,17,0,0,0,0,0,0
2011,TOSHIBA,,MK-355FA,5,ESDI,,,,405,16,1661,9,0,0,0,0,0,0,30
2012,TOSHIBA,,MK-355FB,5,SCSI2,,,,405,16,1661,9,0,0,0,0,0,0,30
2013,TOSHIBA,,MK-358FA,5,ESDI,,,,675,16,1661,15,0,0,0,0,0,0,30
2014,TOSHIBA,,MK-358FB,5,SCSI2,,,,675,16,1661,15,0,0,0,0,0,0,30
2015,TOSHIBA,,MK-53,,MFM,,,,36,0,833,5,17,0,0,0,0,0,0
2016,TOSHIBA,,MK-53FA(M),5.2,MFM,Y,,,43,30,830,5,17,0,0,0,512,0,20
2017,TOSHIBA,,MK-53FA(R),5.2,RLL,Y,,,64,30,830,5,26,0,0,0,512,0,20
2018,TOSHIBA,,MK-53FB(M),5.2,MFM,Y,,,43,25,830,5,17,0,0,0,512,0,20
2019,TOSHIBA,,MK-53FB(R),5.2,RLL,,,,64,25,830,5,26,0,0,0,512,0,20
2020,TOSHIBA,,MK-54,,MFM,,,,51,0,833,7,17,0,0,0,0,0,0
2021,TOSHIBA,,MK-54FA(M),5.2,MFM,Y,,,60,30,830,7,17,0,0,0,512,0,20
2022,TOSHIBA,,MK-54FA(R),5.2,RLL,Y,,,90,25,830,7,26,0,0,0,512,0,20
2023,TOSHIBA,,MK-54FB(M),5.2,MFM,Y,,,60,25,830,7,17,0,0,0,0,0,20
2024,TOSHIBA,,MK-54FB(R),5.2,RLL,Y,,,90,25,830,7,26,0,0,0,512,0,20
2025,TOSHIBA,,MK-56FA,,MFM,,,,73,0,833,10,0,0,0,0,17,0,0
2026,TOSHIBA,,MK-56FA(M),5.2,MFM,Y,,,86,30,830,10,17,0,0,0,512,0,20
2027,TOSHIBA,,MK-56FA(R),5.2,RLL,Y,,,129,30,830,10,26,0,0,0,512,0,20
2028,TOSHIBA,,MK-56FB,5,MFM,,,,70,25,830,10,17,0,0,0,0,0,20
2029,TOSHIBA,,MK-56FB(M),5.2,MFM,Y,,,86,25,830,10,17,0,0,0,512,0,20
2030,TOSHIBA,,MK-56FB(R),5.2,RLL,Y,,,129,25,830,10,26,0,0,0,512,0,20
2031,TOSHIBA,,MK-72PC,3.5,MFM,,,,72,25,0,0,17,0,0,0,0,0,0
2032,TOSHIBA,,MK-72PCR,,RLL,,,,110,28,0,0,26,0,0,0,0,0,0
2033,TULIN,,"TL 213",,MFM,,,,0,0,612,2,17,0,0,0,0,0,0
2034,TULIN,,"TL 226",,MFM,,,,22,85,640,4,17,0,0,0,0,0,0
2035,TULIN,,"TL 238",,MFM,,,,22,0,640,4,17,0,0,0,0,0,0
2036,TULIN,,"TL 240",,MFM,,,,33,85,640,6,17,0,0,0,0,0,0
2037,TULIN,,"TL 258",,MFM,,,,33,0,640,6,17,0,0,0,0,0,0
2038,TULIN,,"TL 326",,MFM,,,,22,40,640,4,17,0,0,0,0,0,0
2039,TULIN,,"TL 340",,MFM,,,,33,40,640,6,17,0,0,0,0,0,0
2041,VERTEX,,V130,,MFM,,,,0,0,987,3,17,0,0,0,0,0,0
2042,VERTEX,,V150,,MFM,,,,0,0,987,5,17,0,0,0,0,0,0
2043,VERTEX,,V170,,MFM,,,,0,0,987,7,17,0,0,0,0,0,0
2044,VERTEX,,V185,,MFM,,,,0,0,1166,7,17,0,0,0,0,0,0
2045,"WESTERN DIGITAL",,CONDOR,3.5,SCSI,,,,320,13,0,14,0,0,0,0,0,0,150
2046,"WESTERN DIGITAL",,"HD 210",3.5,AT,,,,210,14,980,12,35,0,0,0,0,0,0
2047,"WESTERN DIGITAL",,"HD 85",3.5,AT,,,,85,18,980,10,17,0,0,0,0,0,0
2048,"WESTERN DIGITAL",,"PIRANHA 105A",3.5,IDE,,,,104,15,0,4,0,0,0,0,0,0,50
2049,"WESTERN DIGITAL",,"PIRANHA 105S",3.5,SCSI,,,,104,15,0,4,0,0,0,0,0,0,50
2050,"WESTERN DIGITAL",,"PIRANHA 210A",3.5,IDE,,,,209,15,0,8,0,0,0,0,0,0,50
2051,"WESTERN DIGITAL",,"PIRANHA 210S",3.5,SCSI,,,,209,15,0,8,0,0,0,0,0,0,50
2052,"WESTERN DIGITAL",,"WD 262",3.5,MFM,,,,0,80,615,4,17,0,0,0,0,0,0
2053,"WESTERN DIGITAL",,"WD 344R",3.5,RLL,,,,0,40,782,4,26,0,0,0,0,0,0
2054,"WESTERN DIGITAL",,"WD 362",3.5,MFM,,,,0,80,615,4,17,0,0,0,0,0,0
2055,"WESTERN DIGITAL",,"WD 382R",3.5,RLL,,,,0,85,782,2,26,0,0,0,0,0,0
2056,"WESTERN DIGITAL",,"WD 383R",3.5,RLL,,,,0,85,615,4,26,0,0,0,0,0,0
2057,"WESTERN DIGITAL",,"WD 384R",3.5,RLL,,,,0,85,782,4,26,0,0,0,0,0,0
2058,"WESTERN DIGITAL",,"WD 544R",3.5,RLL,,,,0,40,782,4,26,0,0,0,0,0,0
2059,"WESTERN DIGITAL",,"WD 562-5",3.5,MFM,,,,20,80,615,4,17,0,0,0,0,0,0
2060,"WESTERN DIGITAL",,"WD 582R",3.5,RLL,,,,0,85,782,2,26,0,0,0,0,0,0
2061,"WESTERN DIGITAL",,"WD 583R",3.5,RLL,,,,0,85,615,4,26,0,0,0,0,0,0
2062,"WESTERN DIGITAL",,"WD 584R",3.5,RLL,,,,0,85,782,4,26,0,0,0,0,0,0
2063,"WESTERN DIGITAL",,"WD 93024 A",3H,AT-BUS,N,,,20,29,782,2,27,0,0,0,,781,30
2064,"WESTERN DIGITAL",,"WD 93024-X",3.5,IDE,,,,21,39,0,0,0,0,0,0,0,0,50
2065,"WESTERN DIGITAL",,"WD 93028 A",3H,AT-BUS,N,,,20,70,782,2,27,0,0,0,,781,30
2066,"WESTERN DIGITAL",,"WD 93028 X",3H,XT,N,,,20,70,782,2,27,0,0,0,65635,781,20
2067,"WESTERN DIGITAL",,"WD 93034-X",3.5,IDE,,,,32,39,0,0,0,0,0,0,0,0,50
2068,"WESTERN DIGITAL",,"WD 93038 X",3H,XT,N,,,32,70,782,3,27,0,0,0,,781,20
2069,"WESTERN DIGITAL",,"WD 93044 A",3H,AT-BUS,N,,,40,29,782,4,27,0,0,0,,781,30
2070,"WESTERN DIGITAL",,"WD 93044-X",3.5,IDE,,,,43,28,782,4,27,0,0,0,0,0,40
2071,"WESTERN DIGITAL",,"WD 93048 A",3H,AT-BUS,N,,,40,70,782,4,27,0,0,0,,781,30
2072,"WESTERN DIGITAL",,"WD 93048 X",3H,XT,N,,,40,70,782,4,27,0,0,0,,781,20
2073,"WESTERN DIGITAL",,"WD 95024 A",3H,AT-BUS,N,,,20,29,782,2,27,0,0,0,,781,30
2074,"WESTERN DIGITAL",,"WD 95024-X",5.2,IDE,,,,21,39,0,0,0,0,0,0,0,0,50
2075,"WESTERN DIGITAL",,"WD 95028 A",3H,AT-BUS,N,,,40,70,782,4,27,0,0,0,,781,30
2076,"WESTERN DIGITAL",,"WD 95028 X",3H,XT,N,,,20,70,782,2,27,0,0,0,,781,20
2077,"WESTERN DIGITAL",,"WD 95028-A",5.2,IDE,,,,20,70,782,2,27,0,0,0,0,0,0
2078,"WESTERN DIGITAL",,"WD 95028-AD",5.2,IDE,,,,20,69,0,0,0,0,0,0,0,0,0
2079,"WESTERN DIGITAL",,"WD 95028-X",5.2,IDE,,,,20,70,782,2,27,0,0,0,0,0,0
2080,"WESTERN DIGITAL",,"WD 95034-X",5.2,IDE,,,,30,39,0,0,0,0,0,0,0,0,50
2081,"WESTERN DIGITAL",,"WD 95038 X",3H,XT,N,,,32,70,782,3,27,0,0,0,,781,20
2082,"WESTERN DIGITAL",,"WD 95038-X",5.2,IDE,,,,30,70,782,3,27,0,0,0,0,0,0
2083,"WESTERN DIGITAL",,"WD 95044 A",3H,AT-BUS,N,,,40,29,782,4,27,0,0,0,,781,30
2084,"WESTERN DIGITAL",,"WD 95044-A",5.2,IDE,,,,40,28,0,0,27,0,0,0,0,0,0
2085,"WESTERN DIGITAL",,"WD 95044-X",5.2,IDE,,,,40,39,0,0,0,0,0,0,0,0,50
2086,"WESTERN DIGITAL",,"WD 95048 A",3H,AT-BUS,N,,,40,70,782,4,27,0,0,0,,781,30
2087,"WESTERN DIGITAL",,"WD 95048 X",3H,XT,N,,,40,70,782,4,27,0,0,0,,781,20
2088,"WESTERN DIGITAL",,"WD 95048-A",5.2,IDE,,,,40,70,782,4,27,0,0,0,0,0,0
2089,"WESTERN DIGITAL",,"WD 95048-AD",5.2,IDE,,,,40,69,782,4,27,0,0,0,0,0,0
2090,"WESTERN DIGITAL",,"WD 95048-X",5.2,IDE,,,,40,70,782,4,27,0,0,0,0,0,0
2091,"WESTERN DIGITAL",,"WD PS25/20i",3H,,N,,,20,85,615,4,0,0,0,0,0,614,15
2099,"WESTERN DIGITAL",,WD-SC8320,5,"SCSI 2",+,,,320,13,951,14,48,0,0,0,0,0,150
2092,"WESTERN DIGITAL",,WDAC140,3.5,IDE,Y,,,42,18,1082,2,39,0,0,0,0,0,50
2093,"WESTERN DIGITAL",,WDAC280,3.5,IDE,Y,,,85,18,1082,4,39,0,0,0,0,0,50
2094,"WESTERN DIGITAL",,WDAP2100,3.5,IDE,Y,,,100,16,0,0,0,0,0,0,0,0,50
2095,"WESTERN DIGITAL",,WDAP4200,3.5,IDE,Y,,,212,13,987,12,35,0,0,0,0,0,50
2096,"WESTERN DIGITAL",,WDSC8400,3.5,SCSI2,Y,,,400,12,0,0,0,0,0,0,0,0,150
2097,"WESTERN DIGITAL",,WDSP2100,3.5,SCSI2,Y,,,104,15,0,0,0,0,0,0,0,0,50
2098,"WESTERN DIGITAL",,WDSP4200,3.5,SCSI2,Y,,,208,15,0,0,0,0,0,0,0,0,50
2100,"WESTERN DYNEX",,"WD 505",,MFM,,,,0,0,310,2,17,0,0,0,0,0,0
2101,XEBEC,,"OWL 1",5.2,MFM,,,,0,55,0,4,17,0,0,0,0,0,0
2102,XEBEC,,"OWL 2",5.2,MFM,,,,0,40,0,4,17,0,0,0,0,0,0
2103,XEBEC,,"OWL 3",5.2,MFM,,,,0,38,0,4,17,0,0,0,0,0,0
