produzent,typ,cap,seek,inch,cyl,hds,sec,cyl_l,hds_l,sec_l,pre,lnd,controller,mtbf,lift,date,notiz,sektors_al,mb,satz
ALPS,DR311C,105,13,3.5,732,8,35,0,0,0,0,0,AT,0,,,,204960,100,1
ALPS,DR312C,211,13,3.5,527,16,49,0,0,0,0,0,AT,0,,,,413168,202,2
ALPS,DRND-10A,10,60,,615,2,17,0,0,0,0,0,MFM,0,,,,20910,10,3
ALPS,DRND-20A,20,60,,615,4,17,0,0,0,0,0,MFM,0,,,,41820,20,4
ALPS,DRPO-20A,0,60,,615,2,26,0,0,0,0,0,RLL,0,,,,31980,16,5
ALPS,DRPO-20D,20,60,,615,2,26,0,0,0,0,0,RLL,0,,,,31980,16,6
AMPEX,PYXIS-13,10,90,,320,4,17,0,0,0,0,0,MFM,0,,,,21760,11,7
AMPEX,PYXIS-20,15,90,,320,6,17,0,0,0,0,0,MFM,0,,,,32640,16,8
AMPEX,PYXIS-27,20,90,,320,8,17,0,0,0,0,0,MFM,0,,,,43520,21,9
AMPEX,PYXIS-7,5,90,,320,2,17,0,0,0,0,0,MFM,0,,,,10880,5,10
AREAL,A 120,130,15,2.5,535,10,50,0,0,0,0,0,AT,0,,,,267500,131,11
AREAL,A 180,174,15,2.5,715,10,50,0,0,0,0,0,AT,0,,,,357500,175,12
AREAL,A 260,248,15,2.5,757,10,60,0,0,0,0,0,AT,0,,,,454200,222,13
AREAL,MD2085,81,16,2.5,705,14,17,0,0,0,0,0,AT,0,,,,167790,82,14
AREAL TECH,A-120,120,15,2.5,0,0,0,0,0,0,0,0,,100,Y,,,0,0,15
AREAL TECH,BP-100,100,0,2.5,0,0,0,0,0,0,0,0,SCSI,0,Y,,,0,0,16
AREAL TECH,MD-2050,49,28,2.5,819,0,0,0,0,0,0,0,AT,0,,,,0,0,17
AREAL TECH,MD-2060,62,22,2.5,1024,2,60,0,0,0,0,0,IDE,45,Y,,,0,0,18
AREAL TECH,MD-2100,100,29,2.5,0,0,0,0,0,0,0,0,,0,Y,,,0,0,19
ATASI,6120,1051,14,5.25,1925,15,71,0,0,0,0,0,ESDI,150,Y,,,2050125,1001,20
ATASI,676,765,16,5.25,1632,15,54,0,0,0,0,0,ESDI,0,Y,,,1321920,645,21
ATASI,AT 3020,16,0,,645,3,17,0,0,0,0,634,MFM,0,N,1992-12-10,,32385,16,22
ATASI,AT 3030,28,0,5.25,645,5,17,0,0,0,323,645,MFM,0,,,,54825,27,23
ATASI,AT 3033,26,28,5.25,645,5,17,0,0,0,0,634,,0,N,,,53975,26,24
ATASI,AT 3036,30,0,5.25,0,0,0,0,0,0,0,0,,0,,1992-12-10,,0,0,25
ATASI,AT 3046,38,0,5.25,645,7,17,0,0,0,323,644,,0,N,,,76755,37,26
ATASI,AT 3051,41,0,5.25,704,7,17,0,0,0,352,703,,0,N,1990-08-23,,83776,41,27
ATASI,AT 3051+,43,0,,733,7,17,0,0,0,368,732,,0,N,,,87227,43,28
ATASI,AT 3053,44,0,5.25,733,7,17,0,0,0,365,732,,0,N,,,133406,65,29
ATASI,AT 3058,67,0,,1024,8,17,0,0,0,0,0,MFM,0,,,,139264,68,30
ATASI,AT 3065,54,0,,900,7,17,0,0,0,352,0,MFM,0,,,,107100,52,31
ATASI,AT 3075,67,0,5.25,1024,8,17,0,0,0,0,0,MFM,0,,,,139264,68,32
ATASI,AT 3085,68,0,5.25,1024,8,17,0,0,0,,1023,,0,N,,,139264,68,33
ATASI,AT 3128,104,0,,1024,8,26,0,0,0,,1023,,0,N,,,212992,104,34
ATTO,SILICON DISK+,128,1,,0,0,0,0,0,0,0,0,SCSI,0,,,,0,0,35
BASF,6182,5,0,5.25,153,4,17,0,0,0,64,0,MFM,11,,1992-12-10,,10404,5,36
BASF,6183,8,0,FH5,153,6,17,0,0,0,64,0,MFM,11,,1992-12-10,,15606,8,37
BASF,6184,11,0,FH5,230,6,17,0,0,0,64,0,MFM,11,,1992-12-10,,23460,11,38
BASF,6185,22,18,FH5,440,6,17,0,0,0,128,0,MFM,11,+,1992-12-10,,44880,22,39
BASF,6186,14,18,FH5,440,4,17,0,0,0,128,0,MFM,11,+,1992-12-10,,29920,15,40
BASF,6187,7,0,,440,2,17,0,0,0,220,0,MFM,0,,,,14960,7,41
BASF,6188,12,88,HH5,360,4,17,0,0,0,128,0,MFM,11,+,1992-12-10,,24480,12,42
BASF,6188R 12,10,88,5H,616,2,17,0,0,0,,615,MFM,15,J,,,20944,10,43
BASF,6188R 25,21,88,5H,616,4,17,0,0,0,,615,MFM,15,J,,,41888,20,44
BASF,6188-R1,10,88,HH5,616,2,17,0,0,0,0,0,MFM,15,+,1992-12-10,,20944,10,45
BASF,6188-R3,20,88,HH5,616,4,17,0,0,0,380,0,MFM,15,+,1992-12-10,,41888,20,46
BASF,6192,43,30,5F,1024,5,17,0,0,0,,1023,MFM,12,J,,,87040,42,47
BASF,6193,60,30,5F,1024,7,17,0,0,0,,1023,MFM,12,J,,,121856,60,48
BASF,6194,77,30,5F,1024,9,17,0,0,0,,1023,MFM,12,J,,,156672,76,49
BASF,6195,68,30,5F,1024,8,17,0,0,0,,1023,MFM,12,J,,,139264,68,50
BRAND TECH,BT8085,67,0,,1024,8,17,0,0,0,0,0,MFM,0,,,,139264,68,51
BRAND TECH,BT8128,109,0,,1024,8,26,0,0,0,0,0,RLL,0,,,,212992,104,52
BRAND TECH,BT8170,142,0,,1024,8,34,0,0,0,0,0,ESDI,0,,,,278528,136,53
BULL,D530,30,0,,987,3,17,0,0,0,987,986,,0,N,,,0,0,54
BULL,D550,43,0,,987,5,17,0,0,0,987,986,,0,N,,,0,0,55
BULL,D570,70,0,,987,7,17,0,0,0,987,986,,0,N,,,0,0,56
BULL,D585,85,0,,1166,7,17,0,0,0,1166,1165,,0,N,,,0,0,57
CARDIFF,F-3053,44,20,3.5,1024,5,17,0,0,0,0,0,MFM,0,,,,87040,42,58
CARDIFF,F-3080,68,20,3.5,1024,5,26,0,0,0,0,0,SCSI,0,,,,133120,65,59
CARDIFF,F-3080E,68,20,3.5,1024,5,26,0,0,0,0,0,ESDI,0,,,,133120,65,60
CARDIFF,F-3080S,68,20,3.5,1024,5,26,0,0,0,0,0,SCSI,0,,,,133120,65,61
CARDIFF,F-3127E,109,20,3.5,1024,5,35,0,0,0,0,0,ESDI,0,,,,179200,88,62
CARDIFF,F-3127S,109,20,3.5,1024,5,35,0,0,0,0,0,SCSI,0,,,,0,0,63
CDC,1230,1236,16,8,1636,15,0,0,0,0,0,0,SMD,0,,,,0,0,64
CDC,368,368,18,8,1217,10,0,0,0,0,0,0,SMD,0,,,,0,0,65
CDC,500,500,18,8,1217,10,0,0,0,0,0,0,SMD,0,,,,0,0,66
CDC,736,741,16,8,1635,15,0,0,0,0,0,0,SMD,7,,,,0,0,67
CDC,77731608,27,0,5.25,671,5,17,0,0,0,128,0,MFM,0,,,,57035,28,68
CDC,77731613,30,0,5.25,734,5,17,0,0,0,128,0,MFM,0,,,,62390,30,69
CDC,77731614,22,36,5.25,671,4,17,0,0,0,128,0,MFM,0,,,,45628,22,70
CDC,850,851,16,8,1381,15,0,0,0,0,0,0,SMD,0,,,,0,0,71
CDC,94151-138,138,17,5.25,969,8,35,0,0,0,0,0,SCSI,0,Y,,,271320,132,72
CDC,94151-25,25,0,5.25,921,3,36,0,0,0,0,0,SASI,0,,,,99468,49,73
CDC,94151-27,27,0,5.25,921,3,19,0,0,0,0,0,SASI,0,,,,52497,26,74
CDC,94151-42,42,0,5.25,921,5,36,0,0,0,0,0,SASI,0,,,,165780,81,75
CDC,94151-44,44,0,5.25,921,5,19,0,0,0,0,0,SASI,0,,,,87495,43,76
CDC,94151-59,59,0,5.25,921,7,36,0,0,0,0,0,SASI,0,,,,232092,113,77
CDC,94151-62,62,0,5.25,921,7,19,0,0,0,0,0,SASI,0,,,,122493,60,78
CDC,94151-76,76,0,5.25,921,9,36,0,0,0,0,0,SASI,0,,,,298404,146,79
CDC,94151-80,80,0,5.25,921,9,19,0,0,0,0,0,SASI,0,,,,157491,77,80
CDC,94155-120,63,28,,960,8,17,0,0,0,0,0,MFM,0,,,,130560,64,81
CDC,94155-130,122,0,5.25,1024,9,26,0,0,0,128,0,RLL,0,,,,239616,117,82
CDC,94155-135,109,28,,960,9,26,0,0,0,0,0,RLL,0,,,,224640,110,83
CDC,94155-135P,71,28,,960,9,17,0,0,0,0,0,MFM,0,,,,146880,72,84
CDC,94155-19,17,0,,697,3,17,0,0,0,128,0,MFM,0,,,,35547,17,85
CDC,94155-21,18,0,,697,3,17,0,0,0,0,0,MFM,0,,1992-12-10,,35547,17,86
CDC,94155-25,20,0,,615,4,17,0,0,0,128,0,MFM,0,,,,41820,20,87
CDC,94155-28,23,0,,697,4,17,0,0,0,128,0,MFM,0,,,,47396,23,88
CDC,94155-36,30,0,,697,5,17,0,0,0,0,0,MFM,0,,1992-12-10,,59245,29,89
CDC,94155-38,32,0,,733,5,17,0,0,0,0,0,MFM,0,,1992-12-10,,62305,30,90
CDC,94155-48,40,28,,925,5,17,0,0,0,0,0,MFM,0,,1992-12-10,,78625,38,91
CDC,94155-51,43,0,,989,5,17,0,0,0,0,0,,0,,,,84065,41,92
CDC,94155-57,48,0,FH5,925,6,17,0,0,0,0,0,MFM,0,,1992-12-10,,94350,46,93
CDC,94155-67,56,0,FH5,925,7,17,0,0,0,0,0,MFM,0,,1992-12-10,,110075,54,94
CDC,94155-77,64,0,FH5,925,8,17,0,0,0,0,0,MFM,0,,1992-12-10,,125800,61,95
CDC,94155-85,68,28,,1024,8,17,0,0,0,0,0,MFM,0,,,,139264,68,96
CDC,94155-85P,68,28,,1024,8,17,0,0,0,0,0,MFM,0,,,,139264,68,97
CDC,94155-86,69,28,,925,9,17,0,0,0,128,0,MFM,0,,,,141525,69,98
CDC,94155-86,72,28,FH5,925,9,17,0,0,0,0,0,MFM,0,,1992-12-10,,141525,69,99
CDC,94155-96,76,28,,1024,9,17,0,0,0,0,0,MFM,0,,,,156672,76,100
CDC,94155-96P,76,28,,1024,9,17,0,0,0,0,0,MFM,0,,,,156672,76,101
CDC,94156-48,0,28,,925,5,0,0,0,0,0,0,ESDI,0,,,,0,0,102
CDC,94156-67,0,0,,925,6,0,0,0,0,0,0,ESDI,0,,,,0,0,103
CDC,94156-72,0,0,,925,9,17,0,0,0,0,0,MFM,0,,,,141525,69,104
CDC,94156-86,0,0,,925,9,0,0,0,0,0,0,ESDI,0,,,,0,0,105
CDC,9415X-21,36,0,,697,3,35,0,0,0,0,0,,0,,,,73185,36,106
CDC,9415X-36,60,0,,697,5,35,0,0,0,0,0,SCSI,0,,,,121975,60,107
CDC,9415X-48,38,0,,925,5,0,0,0,0,0,0,,0,,,,0,0,108
CDC,9415X-57,46,0,,925,6,0,0,0,0,0,0,,0,,,,0,0,109
CDC,9415X-67,53,0,,925,7,0,0,0,0,0,0,,0,,,,0,0,110
CDC,9415X-77,61,0,,925,8,0,0,0,0,0,0,,0,,,,0,0,111
CDC,9415X-86,72,28,,925,9,0,0,0,0,0,0,,0,,,,0,0,112
CDC,94161-103,103,17,5.25,969,6,35,0,0,0,0,0,SCSI,0,,,,203490,99,113
CDC,94161-121,0,16,,969,0,0,0,0,0,0,0,SCSI,0,,,,0,0,114
CDC,94161-141,117,17,5.25,969,7,34,0,0,0,0,0,SCSI,0,Y,,,230622,113,115
CDC,94161-155,151,17,2.5,969,9,34,0,0,0,0,0,SCSI,0,Y,,,296514,145,116
CDC,94161-182,160,0,FH5,969,9,0,0,0,0,0,0,ESDI,0,,1992-12-10,,0,0,117
CDC,94161-86,0,16,,969,0,0,0,0,0,0,0,SCSI,0,,,,0,0,118
CDC,94166-101,84,17,FH5,969,5,34,0,0,0,0,0,SCSI,0,,1992-12-10,,164730,80,119
CDC,94166-103,104,17,5.25,969,6,35,0,0,0,0,0,ESDI,0,Y,,,203490,99,120
CDC,94166-121,107,17,5.25,969,7,36,0,0,0,0,0,ESDI,0,Y,,,244188,119,121
CDC,94166-138,138,17,5.25,969,8,35,0,0,0,0,0,ESDI,0,Y,,,271320,132,122
CDC,94166-141,125,16,5.25,969,7,36,0,0,0,0,0,ESDI,0,,,,0,0,123
CDC,94166-141,118,17,FH5,969,7,34,0,0,0,0,0,SCSI,0,,1992-12-10,,230622,113,124
CDC,94166-161,142,17,5.25,969,8,36,0,0,0,0,0,ESDI,0,Y,,,279072,136,125
CDC,94166-182,152,17,FH5,969,9,0,0,0,0,0,0,SCSI,0,,1992-12-10,,0,0,126
CDC,94166-86,86,17,5.25,969,5,35,0,0,0,0,0,ESDI,0,,,,169575,83,127
CDC,94171-300,0,16,,1365,9,0,0,0,0,0,0,SCSI,0,,,,0,0,128
CDC,94171-307,270,0,5.25,1412,9,0,0,0,0,0,0,SCSI,0,Y,,,0,0,129
CDC,94171-327,300,0,5.25,1412,9,0,0,0,0,0,0,SCSI,0,Y,,,0,0,130
CDC,94171-344,0,17,,1549,9,0,0,0,0,0,0,SCSI,0,,,,0,0,131
CDC,94171-350,307,17,5.25,1549,9,0,0,0,0,0,0,SCSI,100,Y,,,0,0,132
CDC,94171-375,330,16,5.25,1549,9,0,0,0,0,0,0,SCSI,0,Y,,,0,0,133
CDC,94171-376,330,18,5.25,1549,9,0,0,0,0,0,0,SCSI,100,Y,,,0,0,134
CDC,94181-385,337,11,FH5,0,15,0,0,0,0,0,0,SCSI,0,,1992-12-10,,0,0,135
CDC,94181-574,0,16,,1549,15,0,0,0,0,0,0,SCSI,0,,,,0,0,136
CDC,94181-702,660,16,5.25,1549,15,0,0,0,0,0,0,ESDI,0,Y,,,0,0,137
CDC,94181-702,613,17,5.25,1549,15,0,0,0,0,0,0,SCSI,100,Y,,,0,0,138
CDC,94186-265,221,0,FH5,1412,9,34,0,0,0,0,0,ESDI,0,,1992-12-10,,432072,211,139
CDC,94186-321,270,0,FH5,1412,11,34,0,0,0,0,0,EDSI,0,,1992-12-10,,528088,258,140
CDC,94186-324,286,0,5.25,1412,11,36,0,0,0,0,0,ESDI,0,Y,,,559152,273,141
CDC,94186-383,320,18,FH5,1412,13,34,0,0,0,0,0,ESDI,0,,1992-12-10,,624104,305,142
CDC,94186-383,328,18,5.25,1412,13,0,0,0,0,0,0,ESDI,100,Y,,,0,0,143
CDC,94186-383,330,20,5.25,1412,13,0,0,0,0,0,0,SCSI,0,Y,,,0,0,144
CDC,94186-383H,320,15,FH5,1224,15,34,0,0,0,0,0,ESDI,0,,1992-12-10,,624240,305,145
CDC,94186-442,373,16,5.25,1412,15,0,0,0,0,0,0,ESDI,100,Y,,,0,0,146
CDC,94186-442,369,16,FH5,1412,15,34,0,0,0,0,0,ESDI,0,,1992-12-10,,720120,352,147
CDC,94186-442,373,16,5.25,1412,15,0,0,0,0,0,0,SCSI,0,Y,,,0,0,148
CDC,94191-766,676,17,5.25,1632,15,0,0,0,0,0,0,SCSI,100,Y,,,0,0,149
CDC,94196-766,676,17,5.25,1632,15,0,0,0,0,0,0,ESDI,100,Y,,,0,0,150
CDC,94204-65,62,28,,941,8,17,0,0,0,0,0,MFM,0,,,,127976,62,151
CDC,94204-71,68,28,,1024,8,17,0,0,0,0,0,MFM,0,,,,139264,68,152
CDC,94204-74,65,28,5.25,941,5,0,0,0,0,0,0,IDE,40,Y,,,0,0,153
CDC,94204-81,71,28,5.25,1024,5,0,0,0,0,0,0,IDE,40,Y,,,0,0,154
CDC,94205-30,30,0,5,989,3,17,0,0,0,0,0,MFM,0,,,,50439,25,155
CDC,94205-41,34,28,5.25,989,4,17,0,0,0,0,0,MFM,0,,,,67252,33,156
CDC,94205-51,43,0,,989,5,17,0,0,0,0,0,MFM,0,,1992-12-10,,84065,41,157
CDC,94205-53,44,28,5.25,1024,5,17,0,0,0,0,0,MFM,0,Y,,,87040,42,158
CDC,94205-77,62,28,,989,5,26,0,0,0,0,0,RLL,0,,,,128570,63,159
CDC,94208-75,60,30,5.25,966,5,0,0,0,0,0,0,IDE,0,Y,,,0,0,160
CDC,9420X-51,41,0,,989,5,0,0,0,0,0,0,,0,,,,0,0,161
CDC,94211-106,91,18,5.25,1024,5,0,0,0,0,0,0,SCSI,0,,,,0,0,162
CDC,94211-209,0,18,,1547,5,0,0,0,0,0,0,SCSI,0,,,,0,0,163
CDC,94211-91,91,16,,969,5,0,0,0,0,0,0,SCSI,0,,,,0,0,164
CDC,94216-106,94,16,5.25,1024,5,0,0,0,0,0,0,ESDI,0,,,,0,0,165
CDC,94221-125,110,18,5.25,0,3,0,0,0,0,0,0,SCSI,100,Y,,,0,0,166
CDC,94221-169,158,0,5.25,1310,5,0,0,0,0,0,0,SCSI,0,Y,,,0,0,167
CDC,94221-184,160,0,5.25,0,0,0,0,0,0,0,0,SCSI,0,Y,,,0,0,168
CDC,94221-190,0,8,,1547,5,0,0,0,0,0,0,SCSI,0,,,,0,0,169
CDC,94221-209,183,18,5.25,1548,5,0,0,0,0,0,0,SCSI,100,Y,,,0,0,170
CDC,94241-383,338,14,5.25,0,7,0,0,0,0,0,0,SCSI,100,Y,,,0,0,171
CDC,94241-502,440,16,5.25,0,7,0,0,0,0,0,0,SCSI,100,Y,,,0,0,172
CDC,94244-164,144,16,5.25,1747,3,54,0,0,0,0,0,IDE,0,Y,,,283014,138,173
CDC,94244-219,193,16,5.25,1747,4,54,0,0,0,0,0,IDE,100,Y,,,377352,184,174
CDC,94244-383,337,16,5.25,1747,7,0,0,0,0,0,0,IDE,100,Y,,,0,0,175
CDC,94244-502,500,0,5.25,0,0,0,0,0,0,0,0,IDE,0,Y,,,0,0,176
CDC,94246-182,160,15,5.25,1453,4,54,0,0,0,0,0,ESDI,100,Y,,,313848,153,177
CDC,94246-383,337,15,5.25,1748,7,0,0,0,0,0,0,ESDI,100,Y,,,0,0,178
CDC,94295-51,41,28,,989,5,17,0,0,0,990,0,MFM,0,,,,84065,41,179
CDC,94295-51,43,28,5.25,989,5,17,0,0,0,0,0,MFM,0,Y,,,84065,41,180
CDC,94311-136,120,15,3.5,0,5,0,0,0,0,0,0,SCSI,70,,,,0,0,181
CDC,94311-136S,120,15,3.5,0,5,0,0,0,0,0,0,SCSI2,70,Y,,,0,0,182
CDC,94314-136,120,15,3.5,0,5,0,0,0,0,0,0,IDE,70,Y,,,0,0,183
CDC,94316-111,98,23,3.5,1072,5,0,0,0,0,0,0,ESDI,70,,,,0,0,184
CDC,94316-136,120,15,3.5,0,5,0,0,0,0,0,0,ESDI,70,Y,,,0,0,185
CDC,94316-155,138,15,3.5,1072,7,0,0,0,0,0,0,ESDI,70,Y,,,0,0,186
CDC,94316-200,177,15,3.5,1072,9,0,0,0,0,0,0,ESDI,99,Y,,,0,0,187
CDC,94335-100,80,15,,1072,9,17,0,0,0,0,0,MFM,0,,,,164016,80,188
CDC,94335-150,122,25,,1072,9,26,0,0,0,0,0,RLL,0,,,,250848,122,189
CDC,94335-55,44,25,,1072,5,17,0,0,0,0,0,MFM,0,,,,91120,44,190
CDC,94351-111,98,15,3.5,1068,5,0,0,0,0,0,0,SCSI,70,Y,,,0,0,191
CDC,94351-126,111,15,3.5,1068,7,36,0,0,0,0,0,SCSI,70,J,,,0,0,192
CDC,94351-128,131,0,,1068,7,36,0,0,0,0,0,SCSI,0,,,,269136,131,193
CDC,94351-133S,116,15,3.5,1268,5,0,0,0,0,0,0,SCSI2,70,Y,,,0,0,194
CDC,94351-134,131,15,3.5,1068,7,36,0,0,0,0,0,SCSI,0,,,,0,0,195
CDC,94351-155,138,15,3.5,1068,7,0,0,0,0,0,0,SCSI,0,Y,,,0,0,196
CDC,94351-155S,138,15,3.5,1068,7,0,0,0,0,0,0,SCSI2,70,Y,,,0,0,197
CDC,94351-160,168,15,3.5,1068,9,36,0,0,0,0,0,SCSI,0,,,,346032,169,198
CDC,94351-172,168,16,3.5,1068,9,36,0,0,0,0,0,SCSI,0,,,,0,0,199
CDC,94351-186S,163,15,3.5,1268,7,0,0,0,0,0,0,SCSI2,70,Y,,,0,0,200
CDC,94351-200,168,15,3.5,1068,9,36,0,0,0,0,0,SCSI,0,,,,346032,169,201
CDC,94351-200S,168,15,3.5,1068,9,36,0,0,0,0,0,SCSI,0,,,,346032,169,202
CDC,94351-230S,210,15,3.5,1272,9,36,0,0,0,0,0,SCSI,0,,,,0,0,203
CDC,94354-111,98,15,3.5,1072,5,0,0,0,0,0,0,IDE,70,Y,,,0,0,204
CDC,94354-126,111,15,3,1072,7,29,0,0,0,0,0,ESDI,0,,,,217616,106,205
CDC,94354-133,117,15,3.5,1272,5,29,0,0,0,0,0,IDE,70,Y,,,184440,90,206
CDC,94354-155,138,15,3.5,1072,7,29,0,0,0,0,0,IDE,70,Y,,,217616,106,207
CDC,94354-160,143,15,3,1072,9,29,0,0,0,0,0,ESDI,0,,,,0,0,208
CDC,94354-186,164,15,3.5,1272,7,0,0,0,0,0,0,IDE,70,Y,,,0,0,209
CDC,94354-200,177,15,3,1072,9,36,0,0,0,0,0,ESDI,0,,,,347328,170,210
CDC,94354-230,211,15,3,1272,9,36,0,0,0,0,0,ESDI,0,,,,412128,201,211
CDC,94355-100,84,15,3.5,1072,9,17,0,0,0,0,0,MFM,0,,1992-12-10,,164016,80,212
CDC,94355-150,133,15,3.5,1072,9,28,0,0,0,0,0,RLL,70,Y,,,270144,132,213
CDC,94355-55,46,17,3.5,0,5,17,0,0,0,0,0,MFM,0,,,,0,0,214
CDC,94356-111,98,15,3.5,1072,5,34,0,0,0,0,0,ESDI,0,,,,182240,89,215
CDC,94356-155,138,15,3.5,1072,7,34,0,0,0,0,0,ESDI,0,,,,255136,125,216
CDC,94356-200,190,18,,1272,9,34,0,0,0,0,0,ESDI,0,,,,389232,190,217
CDC,94601-12G,1050,15,5.25,0,15,0,0,0,0,0,0,SCSI,100,,,,0,0,218
CDC,94601-767,676,12,5.25,0,15,0,0,0,0,0,0,SCSI,100,Y,,,0,0,219
CDC,95155-92,77,28,5.25,989,9,17,0,0,0,0,0,MFM,40,Y,,,151317,74,220
CDC,9720-1230,0,16,,1635,15,0,0,0,0,0,0,,0,,,,0,0,221
CDC,9720-368,0,18,,1217,10,0,0,0,0,0,0,,0,,,,0,0,222
CDC,9720-500,0,18,,1217,10,0,0,0,0,0,0,,0,,,,0,0,223
CDC,9720-736,0,16,,1635,15,0,0,0,0,0,0,,0,,,,0,0,224
CDC,9720-850,0,16,,1381,15,0,0,0,0,0,0,,0,,,,0,0,225
CDC,97500-12G,1050,12,5.25,0,17,0,0,0,0,0,0,SMD,100,,,,0,0,226
CDC,97501-15G,1350,12,5.25,0,17,0,0,0,0,0,0,SCSI2,100,,,,0,0,227
CDC,97509-12G,1050,12,5.25,0,17,0,0,0,0,0,0,IPI-2,100,,,,0,0,228
CENTURY DATA,CAST-10203E,55,28,5.25,1050,3,35,0,0,0,0,0,ESDI,0,,,,110250,54,229
CENTURY DATA,CAST-10203S,55,28,5.25,1050,3,35,0,0,0,0,0,SCSI,0,,,,110250,54,230
CENTURY DATA,CAST-10304E,75,28,5.25,1050,4,35,0,0,0,0,0,ESDI,0,,,,147000,72,231
CENTURY DATA,CAST-10304S,75,28,5.25,1050,4,35,0,0,0,0,0,SCSI,0,,,,147000,72,232
CENTURY DATA,CAST-10305E,94,28,5.25,1050,5,35,0,0,0,0,0,ESDI,0,,,,183750,90,233
CENTURY DATA,CAST-10305S,94,28,5.25,1050,5,35,0,0,0,0,0,SCSI,0,,,,183750,90,234
CENTURY DATA,CAST-14404E,114,25,5.25,1590,4,35,0,0,0,0,0,ESDI,0,,,,222600,109,235
CENTURY DATA,CAST-14404S,114,25,5.25,1590,4,35,0,0,0,0,0,SCSI,0,,,,222600,109,236
CENTURY DATA,CAST-14405E,140,25,5.25,1590,5,35,0,0,0,0,0,ESDI,0,,,,278250,136,237
CENTURY DATA,CAST-14405S,140,25,5.25,1590,5,35,0,0,0,0,0,SCSI,0,,,,278250,136,238
CENTURY DATA,CAST-14406E,170,25,5.25,1590,6,35,0,0,0,0,0,ESDI,0,,,,333900,163,239
CENTURY DATA,CAST-14406S,170,25,5.25,1590,6,35,0,0,0,0,0,SCSI,0,,,,333900,163,240
CENTURY DATA,CAST-24509E,258,18,5.25,1599,9,35,0,0,0,0,0,ESDI,0,,,,503685,246,241
CENTURY DATA,CAST-24509S,258,18,5.25,1599,9,35,0,0,0,0,0,SCSI,0,,,,503685,246,242
CENTURY DATA,CAST-24611E,315,18,5.25,1599,11,35,0,0,0,0,0,ESDI,0,,,,615615,301,243
CENTURY DATA,CAST-24611S,315,18,5.25,1599,11,35,0,0,0,0,0,SCSI,0,,,,615615,301,244
CENTURY DATA,CAST-24713E,372,18,5.25,1599,13,35,0,0,0,0,0,ESDI,0,,,,727545,355,245
CENTURY DATA,CAST-24713S,372,18,5.25,1599,13,35,0,0,0,0,0,SCSI,0,,,,727545,355,246
CMI,5018H,15,85,5.25,0,0,17,0,0,0,0,0,MFM,0,,,,0,0,247
CMI,CM10E,10,0,,650,2,17,0,0,0,256,0,MFM,0,,,,22100,11,248
CMI,CM15C,15,0,,305,6,17,0,0,0,256,0,MFM,0,,,,31110,15,249
CMI,CM20E,20,0,,650,4,17,0,0,0,256,0,MFM,0,,,,44200,22,250
CMI,CM30E,30,0,,650,6,17,0,0,0,256,0,MFM,0,,,,66300,32,251
CMI,CM3206,10,0,,306,4,17,0,0,0,0,0,MFM,0,,,,20808,10,252
CMI,CM3426,21,85,5.25,612,4,17,0,0,0,0,611,,0,N,,,41616,20,253
CMI,CM5205,4,0,5.25,256,2,17,0,0,0,0,255,,0,N,,,8704,4,254
CMI,CM5206,5,0,5.25,306,2,17,0,0,0,128,0,MFM,0,,,,10404,5,255
CMI,CM5410,8,0,5.25,256,4,17,0,0,0,0,255,,0,N,,,17408,8,256
CMI,CM5412,10,85,5.25,306,4,17,0,0,0,128,0,MFM,0,,,,20808,10,257
CMI,CM5616,12,0,5.25,256,6,17,0,0,0,0,255,,0,N,,,26112,13,258
CMI,CM5619,15,85,5.25,306,6,17,0,0,0,128,0,MFM,0,,,,31212,15,259
CMI,CM5826,20,0,,306,8,17,0,0,0,0,0,MFM,0,,,,41616,20,260
CMI,CM6213,10,0,5.25,640,2,17,0,0,0,256,0,MFM,0,,,,21760,11,261
CMI,CM6426,20,39,5.25,615,4,17,0,0,0,300,614,MFM,0,N,1992-12-10,,41820,20,262
CMI,CM6426S,21,0,5.25,640,4,17,0,0,0,0,639,,0,N,,,43520,21,263
CMI,CM6626,21,0,,640,4,17,0,0,0,256,0,MFM,0,,,,43520,21,264
CMI,CM6640,31,39,5.25,615,6,17,0,0,0,300,614,MFM,0,N,1992-12-10,,62730,31,265
CMI,CM7660,49,0,5.25,960,6,17,0,0,0,0,959,,0,N,,,97920,48,266
CMI,CM7880,65,0,5.25,960,8,17,0,0,0,0,959,,0,N,,,130560,64,267
CMS,F115ESDI-T,114,30,5.25,0,0,0,0,0,0,0,0,ESDI,25,Y,,,0,0,268
CMS,F150AT-CA,150,17,5.25,0,0,0,0,0,0,0,0,ESDI,40,Y,,,0,0,269
CMS,F150AT-WCA,150,17,5.25,0,0,0,0,0,0,0,0,ESDI,40,Y,,,0,0,270
CMS,F150EQ-WCA,150,17,5.25,0,0,0,0,0,0,0,0,,40,Y,,,0,0,271
CMS,F320AT-CA,320,15,5.25,0,0,0,0,0,0,0,0,ESDI,40,Y,,,0,0,272
CMS,F70ESDI-T,73,30,5.25,0,0,0,0,0,0,0,0,ESDI,25,Y,,,0,0,273
CMS,H330E1 PS EXPR.,330,14,5.25,1780,7,54,0,0,0,0,0,ESDI,150,,,,672840,329,274
CMS,H340E1 EXPR.,340,14,5.25,1780,7,54,0,0,0,0,0,ESDI,150,,,,672840,329,275
CMS,K40,43,0,5,1024,5,17,0,0,0,1024,0,MFM,0,,,,87040,42,276
CMS,K60,60,0,5,1024,7,17,0,0,0,1024,0,MFM,0,,,,121856,60,277
CMS,K70,71,0,5,1024,8,17,0,0,0,1024,0,MFM,0,,,,139264,68,278
CMS,K80,82,0,5,1024,9,17,0,0,0,1024,0,MFM,0,,,,156672,76,279
CMS,PSEXPRESS 150,150,17,5.25,0,0,0,0,0,0,0,0,ESDI,40,Y,,,0,0,280
CMS,PSEXPRESS 320,320,16,5.25,0,0,0,0,0,0,0,0,ESDI,40,Y,,,0,0,281
COGITO,CG 906,5,0,5.25,306,2,17,0,0,0,128,0,MFM,0,,,,10404,5,282
COGITO,CG 912,11,0,5.25,306,4,17,0,0,0,128,0,MFM,0,,,,20808,10,283
COGITO,CG 925,0,0,,612,4,17,0,0,0,0,0,MFM,0,,,,41616,20,284
COGITO,PT 912,11,0,,612,2,17,0,0,0,307,0,MFM,0,,,,20808,10,285
COGITO,PT 925,21,0,,612,4,17,0,0,0,307,0,MFM,0,,,,41616,20,286
CONNER,CP-2020 KATO,21,23,2.5,0,2,0,0,0,0,0,0,SCSI,0,Y,,,0,0,287
CONNER,CP-2022,21,23,2.5,653,2,32,0,0,0,0,0,XT,40,+,1992-12-10,,41792,20,288
CONNER,CP-2024,21,23,2.5,653,2,32,0,0,0,0,0,AT,40,+,1992-12-10,,41792,20,289
CONNER,CP-2034 PANCHO,32,19,2.5,823,2,38,0,0,0,0,0,IDE,0,Y,,,0,0,290
CONNER,CP-2044 PANCHO,42,19,2.5,548,4,38,0,0,0,0,0,IDE,0,Y,,,0,0,291
CONNER,CP-2060,61,19,,823,4,38,0,0,0,0,0,IDE,0,,,,0,0,292
CONNER,CP-2064 PANCHO,64,19,2.5,823,4,38,0,0,0,0,0,IDE,0,Y,,,0,0,293
CONNER,CP-2064E,60,15,2.5,977,4,38,0,0,0,0,0,AT,0,,,,148504,73,294
CONNER,CP-2084,80,19,2.5,548,8,38,0,0,0,0,0,AT,0,,,,166592,81,295
CONNER,CP-2088,80,19,2.5,548,8,38,0,0,0,0,0,AT,0,,,,166592,81,296
CONNER,CP-2124,120,17,2.5,762,8,39,0,0,0,0,0,AT,0,,,,237744,116,297
CONNER,CP-3000,40,0,,1045,2,40,980,5,17,0,0,IDE,0,,,,0,0,298
CONNER,CP-30064,58,0,,1524,2,39,762,4,39,0,0,IDE,0,,,,0,0,299
CONNER,CP-30080 HOPI,84,19,3.5,0,4,0,0,0,0,0,0,SCSI,0,Y,,,0,0,300
CONNER,CP-30084E,80,17,3.5,1086,2,46,0,0,0,0,0,AT,0,,,,166152,81,301
CONNER,CP-30100,120,19,3.5,1522,4,39,761,8,39,0,0,SCSI,40,+,1992-12-10,,237432,116,302
CONNER,CP-30104,120,19,3.5,1522,4,39,762,8,39,0,0,AT,40,+,1992-12-10,,237432,116,303
CONNER,CP-30104H,114,19,3.5,1522,4,39,761,8,39,0,0,AT,0,,,,237744,116,304
CONNER,CP-30109,120,19,3.5,1522,4,39,761,8,39,0,0,MCA,40,+,1992-12-10,,237432,116,305
CONNER,CP-30174E,170,17,3.5,1806,4,46,0,0,0,0,0,AT,0,,,,332304,162,306
CONNER,CP-3020,21,27,3H,636,2,33,0,0,0,,635,SCSI,20,J,,,43248,21,307
CONNER,CP-30200,203,12,,2124,4,49,0,0,0,0,0,SCSI,0,,,,0,0,308
CONNER,CP-30204,212,12,3.5,2124,4,49,683,16,38,0,0,AT,0,,,,415264,203,309
CONNER,CP-3022,21,27,3.5,636,2,33,0,0,0,0,0,AT,20,+,1992-12-10,,41976,20,310
CONNER,CP-3024,21,27,3H,636,2,33,615,4,17,,635,AT-BUS,20,J,,,43248,21,311
CONNER,CP-30254,250,14,3.5,723,13,51,0,0,0,0,0,AT,0,,,,479349,234,312
CONNER,CP-3040,43,25,3H,1026,2,40,0,0,0,,1046,SCSI,20,J,,,85854,42,313
CONNER,CP-3044,43,25,3H,1047,2,41,980,5,17,,1046,AT-BUS,20,J,,,85854,42,314
CONNER,CP-30544,540,10,3.5,1023,16,63,0,0,0,0,0,AT,0,,,,1031184,504,315
CONNER,CP-3100,105,25,3H,776,8,33,0,0,0,,775,SCSI,20,J,,,211072,103,316
CONNER,CP-3102,105,25,3H,776,8,34,0,0,0,,775,AT-BUS,20,J,,,211072,103,317
CONNER,CP-3102B,75,26,,772,8,25,0,0,0,0,0,RLL,0,,,,154400,75,318
CONNER,CP-3104,105,25,3H,776,8,33,776,6,33,,775,AT-BUS,20,J,,,211072,103,319
CONNER,CP-3111,104,25,3.5,776,8,33,0,0,0,0,0,IDE,50,Y,,,204864,100,320
CONNER,CP-3114,112,25,3,832,8,33,832,8,33,0,0,AT,0,,,,219648,107,321
CONNER,CP-3180,104,25,3.5,832,6,33,0,0,0,0,0,SCSI,0,+,1992-12-10,,0,0,322
CONNER,CP-3184,83,25,3.5,832,6,33,1024,9,17,0,0,AT,0,+,1992-12-10,,0,0,323
CONNER,CP-3200,210,19,3H,1366,8,38,0,0,0,,1347,SCSI,20,J,,,420576,205,324
CONNER,CP-3200F,213,16,3.5,1366,8,38,0,0,0,0,0,SCSI,20,,1992-12-10,,415264,203,325
CONNER,CP-3204,210,19,3H,1348,8,38,683,16,38,,1347,AT-BUS,20,J,,,420576,205,326
CONNER,CP-3204F,213,16,3.5,1366,8,38,683,16,38,0,0,AT,20,+,1992-12-10,,415264,203,327
CONNER,CP-321,21,29,3.5,805,2,26,0,0,0,0,0,AT,20,+,1992-12-10,,41860,20,328
CONNER,CP-3360,360,12,3.5,1807,8,49,0,0,0,0,0,SCSI,0,,,,0,0,329
CONNER,CP-3364,360,12,3.5,1808,8,49,702,16,63,0,0,AT,0,,,,707616,346,330
CONNER,CP-340,40,29,3H,788,4,26,0,0,0,,787,SCSI,20,J,,,85104,42,331
CONNER,CP-341,42,29,3.5,805,4,26,0,0,0,0,0,AT,20,+,1992-12-10,,83720,41,332
CONNER,CP-342,43,29,3H,805,4,26,0,0,0,,804,AT-BUS,20,J,,,86940,42,333
CONNER,CP-343,42,29,3.5,805,4,26,0,0,0,0,0,IDE,0,Y,,,0,0,334
CONNER,CP-344,43,29,3H,805,4,26,0,0,0,,804,AT-BUS,20,J,,,86940,42,335
CONNER,CP-3500,510,12,3.5,0,12,0,0,0,0,0,0,SCSI,100,Y,,,0,0,336
CONNER,CP-3504,510,12,3.5,987,16,63,0,0,0,0,0,IDE,100,Y,,,0,0,337
CONNER,CP-3544,540,12,3.5,1808,12,49,1024,16,63,0,0,AT,0,,,,1031184,504,338
CONNER,CP-4024,22,29,3.5,627,2,34,0,0,0,0,0,AT,40,+,1992-12-10,,42636,21,339
CONNER,CP-4044,43,29,3.5,1104,2,38,0,0,0,0,0,AT,40,+,1992-12-10,,83904,41,340
CONNER,CP-4084,85,19,3.5,0,0,0,0,0,0,0,0,IDE,0,Y,,,0,0,341
CONNER,SRD3080,85,19,,822,4,41,0,0,0,0,0,IDE,0,,,,0,0,342
CONNER,SRD-3040,42,19,,822,2,41,0,0,0,0,0,IDE,0,,,,0,0,343
CORE,AT-30,32,21,5F,733,5,17,0,0,0,,732,MFM,50,J,,,62305,30,344
CORE,AT-30R,48,26,5.25,733,5,26,0,0,0,0,0,RLL,0,,,,0,0,345
CORE,AT-32,32,21,5H,733,5,17,0,0,0,,732,MFM,50,J,,,62305,30,346
CORE,AT-32R,42,21,5.25,733,5,26,0,0,0,0,0,RLL,0,,,,95290,47,347
CORE,AT-40,40,26,5F,924,5,17,0,0,0,,923,MFM,50,J,,,78540,38,348
CORE,AT-40R,60,26,5.25,924,5,26,0,0,0,0,0,RLL,0,,,,120120,59,349
CORE,AT-43,43,26,5H,988,5,17,0,0,0,,987,MFM,50,J,,,83980,41,350
CORE,AT-63,42,26,,988,5,17,0,0,0,0,0,RLL,0,,,,83980,41,351
CORE,AT-63R,60,26,5.25,988,5,26,0,0,0,0,0,RLL,0,,,,128440,63,352
CORE,AT-72,72,26,5F,924,5,17,0,0,0,,923,MFM,50,J,,,78540,38,353
CORE,AT-72R,107,26,5.25,924,9,26,0,0,0,0,0,RLL,0,,,,216216,106,354
CORE,HC-100,102,9,5F,379,15,36,0,0,0,,378,ESDI,50,J,,,204660,100,355
CORE,HC-1000S,1050,18,5.25,0,14,0,0,0,0,0,0,SCSI,150,Y,,,0,0,356
CORE,HC-100F,100,9,5.25,0,0,0,0,0,0,0,0,ESDI,150,Y,,,0,0,357
CORE,HC-150,86,16,,564,9,35,0,0,0,0,0,ESDI,0,,,,177660,87,358
CORE,HC-150,156,16,5.25,969,5,35,0,0,0,0,0,ESDI,0,,,,169575,83,359
CORE,HC-150F,156,16,5F,968,9,35,0,0,0,,967,ESDI,50,J,,,304920,149,360
CORE,HC-150H,157,17,5H,1250,7,36,0,0,0,,1249,ESDI,50,J,,,315000,154,361
CORE,HC-175,178,14,3H,1072,9,36,0,0,0,,1071,ESDI,50,J,,,347328,170,362
CORE,HC-200,200,16,5.25,0,8,0,0,0,0,0,0,IDE,150,Y,,,0,0,363
CORE,HC-260,260,25,5.25,1212,12,35,0,0,0,0,0,ESDI,0,,,,509040,249,364
CORE,HC-310,311,16,5.25,1582,12,35,0,0,0,0,0,ESDI,150,Y,,,664440,324,365
CORE,HC-310,328,15,5F,1224,15,36,0,0,0,,1223,ESDI,50,J,,,660960,323,366
CORE,HC-315,340,16,5.25,1447,8,57,0,0,0,0,0,ESDI,150,Y,,,659832,322,367
CORE,HC-380,380,16,5H,1412,15,35,0,0,0,,1411,ESDI,50,J,,,741300,362,368
CORE,HC-40,40,10,5F,564,4,35,0,0,0,,563,ESDI,50,J,,,78960,39,369
CORE,HC-650,658,17,5F,1661,15,53,0,0,0,,1660,ESDI,50,J,,,1320495,645,370
CORE,HC-650S,663,18,5.25,0,14,0,0,0,0,0,0,SCSI,150,Y,,,0,0,371
CORE,HC-655,680,16,5.25,1447,16,57,0,0,0,0,0,ESDI,150,Y,,,1319664,644,372
CORE,HC-90,91,16,5H,969,5,35,0,0,0,,968,ESDI,50,J,,,169575,83,373
CORE,OPTIMA-30R,48,21,5.25,733,5,26,0,0,0,0,0,RLL,0,,,,95290,47,374
CORE,OPTIMA-40R,64,26,5.25,963,5,26,0,0,0,0,0,RLL,0,,,,125190,61,375
CORE,OPTIMA-70R,109,26,5.25,918,9,26,0,0,0,0,0,RLL,0,,,,214812,105,376
CORE,OP-30,32,21,5H,733,5,17,0,0,0,,732,MFM,35,J,,,62305,30,377
CORE,OP-40,42,26,5H,963,5,17,0,0,0,,962,MFM,35,J,,,81855,40,378
CORE,OP-44,45,21,3H,733,7,17,0,0,0,,732,MFM,35,J,,,87227,43,379
CORE,OP-70,72,26,5F,918,9,17,0,0,0,,917,MFM,35,J,,,140454,69,380
CORE,OP-80,80,15,3H,1072,9,17,0,0,0,,1071,MFM,35,J,,,164016,80,381
CYNTHIA,D520,0,0,,640,4,17,0,0,0,0,0,MFM,0,,,,43520,21,382
CYNTHIA,D530,25,0,,987,3,17,0,0,0,0,0,MFM,0,,,,50337,25,383
CYNTHIA,D550,40,0,,987,5,17,0,0,0,0,0,MFM,0,,,,83895,41,384
CYNTHIA,D570,60,0,,987,7,17,0,0,0,0,0,MFM,0,,,,117453,57,385
CYNTHIA,D585,71,0,,1166,7,17,0,0,0,0,0,MFM,0,,,,138754,68,386
C. ITOH,YD-3042,43,26,,788,4,0,0,0,0,0,0,SCSI,0,,,,0,0,387
C. ITOH,YD-3082,87,26,,788,8,0,0,0,0,0,0,SCSI,0,,,,0,0,388
C. ITOH,YD-3530,32,0,,731,5,17,0,0,0,0,0,MFM,0,,,,62135,30,389
C. ITOH,YD-3540,0,26,,731,7,17,0,0,0,0,0,MFM,0,,,,86989,42,390
DATA GENERAL,6557,100,25,3.5,776,8,33,0,0,0,0,0,AT,0,,,,204864,100,391
DATA GENERAL,6597-B,156,16,5.25,1249,7,50,0,0,0,0,0,ESDI,0,,,,437150,213,392
DATA GENERAL,6664,200,19,3.5,1374,8,38,0,0,0,0,0,AT,0,,,,417696,204,393
DATA TECHNOLOGY,DTC-HF12,10,65,5.25,301,2,0,0,0,0,0,0,SCSI,10,,,,0,0,394
DATA TECHNOLOGY,DTC-HF24,20,60,5.25,506,2,78,0,0,0,0,0,SCSI,10,,,,78936,39,395
DATA-TECH,DTM-553,40,0,,1024,5,17,0,0,0,850,0,MFM,0,,,,87040,42,396
DATA-TECH,DTM-853,40,0,,640,8,17,0,0,0,256,0,MFM,0,,,,87040,42,397
DATA-TECH,DTM-885,70,0,,1024,8,17,0,0,0,950,0,MFM,0,,,,139264,68,398
DEC,RZ23,104,33,3.5,0,0,0,0,0,0,0,0,SCSI,0,,,,0,0,399
DEC,RZ24,209,24,3.5,0,0,0,0,0,0,0,0,SCSI,0,,,,0,0,400
DISCTRON,D-503,3,0,,153,2,17,0,0,0,0,0,MFM,0,,,,5202,3,401
DISCTRON,D-504,4,0,,215,2,17,0,0,0,0,0,MFM,0,,,,7310,4,402
DISCTRON,D-506,5,0,,153,4,17,0,0,0,0,0,MFM,0,,,,10404,5,403
DISCTRON,D-507,5,0,,306,2,17,0,0,0,0,0,MFM,0,,,,10404,5,404
DISCTRON,D-509,8,0,,215,4,17,0,0,0,0,0,MFM,0,,,,14620,7,405
DISCTRON,D-512,11,0,,153,8,17,0,0,0,0,0,MFM,0,,,,20808,10,406
DISCTRON,D-513,11,0,,215,6,17,0,0,0,0,0,MFM,0,,,,21930,11,407
DISCTRON,D-514,11,0,,306,4,17,0,0,0,0,0,MFM,0,,,,20808,10,408
DISCTRON,D-518,15,0,,215,8,17,0,0,0,0,0,MFM,0,,,,29240,14,409
DISCTRON,D-519,16,0,,306,6,17,0,0,0,0,0,MFM,0,,,,31212,15,410
DISCTRON,D-525,20,0,5.25,0,0,0,0,0,0,0,0,,0,,,,0,0,411
DISCTRON,D-526,21,0,,306,8,17,0,0,0,0,0,MFM,0,,,,41616,20,412
DISK TECH ONE,5007,5,0,,306,2,17,0,0,0,128,0,MFM,0,,,,10404,5,413
DISK TECH ONE,5014,10,0,,306,4,17,0,0,0,128,0,MFM,0,,,,20808,10,414
DISK TECH ONE,5019,15,0,,306,6,17,0,0,0,128,0,MFM,0,,,,31212,15,415
DISK TECH ONE,5026,20,0,,306,8,17,0,0,0,128,0,MFM,0,,,,41616,20,416
DMA,360/306,11,0,,612,2,17,0,0,0,0,0,MFM,0,,,,20808,10,417
DTM,853,0,0,,640,8,17,0,0,0,0,0,MFM,0,,,,87040,42,418
DTM,885,0,0,,1024,5,1,0,0,0,0,0,MFM,0,,,,5120,2,419
DTM,885,0,0,,1024,8,17,0,0,0,0,0,MFM,0,,,,139264,68,420
DYXTOR,XT-4230E,203,16,5F,1224,9,36,0,0,0,0,0,ESDI,100,+,1992-12-10,,396576,194,421
ELCOH,DISCACHE10,10,0,,320,4,17,0,0,0,0,0,MFM,0,,,,21760,11,422
ELCOH,DISCACHE20,20,0,,320,8,17,0,0,0,0,0,MFM,0,,,,43520,21,423
EMULEX,ER2E/760,663,17,5.25,0,0,0,0,0,0,0,0,ESDI,50,N,,,0,0,424
EMULEX,ES36/760-1,663,17,5.25,0,0,0,0,0,0,0,0,ESDI,0,N,,,0,0,425
EMULEX,E/760,663,18,5.25,0,0,0,0,0,0,0,0,ESDI,0,N,,,0,0,426
EPSON,HD 850,10,0,,306,4,17,0,0,0,0,0,MFM,0,,,,20808,10,427
EPSON,HD 860,0,0,,612,4,17,0,0,0,0,0,MFM,0,,,,41616,20,428
EPSON,HD-560,20,0,,0,0,0,0,0,0,0,0,,0,,,,0,0,429
EPSON,HD-720,21,29,3.5,614,4,17,0,0,0,0,0,MFM,23,,,,0,0,430
EPSON,HMD-720,21,67,3.5,614,4,17,0,0,0,0,0,MFM,23,-,1992-12-10,,41752,20,431
ESPERT,EP-340A,42,25,3.5,0,4,0,0,0,0,0,0,IDE,0,,,,0,0,432
FUJI,FK301,10,65,3.5,306,4,17,0,0,0,128,0,MFM,0,,,,20808,10,433
FUJI,FK302-13,10,65,3.5,612,2,17,0,0,0,307,0,MFM,0,,,,20808,10,434
FUJI,FK302-26,20,0,,612,4,17,0,0,0,307,0,MFM,0,,,,41616,20,435
FUJI,FK302-39,30,0,,612,6,17,0,0,0,307,0,MFM,0,,,,62424,30,436
FUJI,FK303-52,40,50,3.5,615,8,17,0,0,0,616,0,MFM,0,,,,83640,41,437
FUJI,FK305-26,20,80,3.5,615,4,17,0,0,0,616,0,MFM,0,,,,41820,20,438
FUJI,FK305-26R,0,0,3.5,615,0,26,0,0,0,0,0,RLL,0,,,,0,0,439
FUJI,FK305-39,30,80,3.5,615,6,17,0,0,0,616,0,MFM,0,,,,62730,31,440
FUJI,FK305-39R,31,50,3.5,615,4,26,0,0,0,616,0,RLL,0,,,,63960,31,441
FUJI,FK305-58R,46,50,3.5,615,6,26,0,0,0,616,0,RLL,0,,,,95940,47,442
FUJI,FK308S-39R,32,50,3.5,615,4,0,0,0,0,0,0,SCSI,0,,,,0,0,443
FUJI,FK308S-58R,45,50,3.5,615,6,0,0,0,0,0,0,SCSI,0,,,,0,0,444
FUJI,FK309S-50R,41,50,3.5,615,4,0,0,0,0,0,0,SCSI,0,,,,0,0,445
FUJI,FK309-26,21,60,3.5,615,4,17,0,0,0,300,0,MFM,0,,1992-12-10,,41820,20,446
FUJI,FK309-39,33,60,3.5,615,4,26,0,0,0,0,0,RLL,0,,1992-12-10,,63960,31,447
FUJI,FK309-39R,0,0,,615,4,26,0,0,0,0,0,RLL,0,,,,63960,31,448
FUJI,FK309-58,49,40,3.5,615,6,26,0,0,0,0,0,RLL,0,,1992-12-10,,95940,47,449
FUJITSU,2230 AS,5,0,,320,2,17,0,0,0,0,0,MFM,0,,,,10880,5,450
FUJITSU,2233 AS,10,0,,320,4,17,0,0,0,0,0,MFM,0,,,,21760,11,451
FUJITSU,2234 AS,15,0,,320,6,17,0,0,0,0,0,MFM,0,,,,32640,16,452
FUJITSU,2235 AS,21,0,,320,8,17,0,0,0,0,0,MFM,0,,,,43520,21,453
FUJITSU,2241 AS,25,0,,754,4,17,0,0,0,0,0,MFM,0,,,,51272,25,454
FUJITSU,2244E,70,25,,823,5,35,0,0,0,0,0,ESDI,0,,,,144025,70,455
FUJITSU,2244SA,70,25,,823,5,35,0,0,0,0,0,SCSI,0,,,,144025,70,456
FUJITSU,2245E,98,25,,823,7,35,0,0,0,0,0,ESDI,0,,,,201635,98,457
FUJITSU,M2225D2,20,35,3H,615,4,17,0,0,0,,614,MFM,30,N,,,41820,20,458
FUJITSU,M2225DR,31,35,,615,4,26,0,0,0,0,0,RLL,0,,,,63960,31,459
FUJITSU,M2226D2,30,35,3H,615,6,17,0,0,0,,614,MFM,30,N,,,62730,31,460
FUJITSU,M2226DR,46,35,,615,6,26,0,0,0,0,0,RLL,0,,,,95940,47,461
FUJITSU,M2227D2,40,35,3H,615,8,17,0,0,0,,614,MFM,30,+,,,83640,41,462
FUJITSU,M2227DR,62,35,3.5,615,8,26,0,0,0,0,0,RLL,0,,,,127920,62,463
FUJITSU,M2230AS,5,80,5,320,2,17,0,0,0,,319,MFM,0,N,,,10880,5,464
FUJITSU,M2230AT,5,80,5,320,2,17,0,0,0,,319,MFM,0,N,,,10880,5,465
FUJITSU,M2231,5,0,,306,2,17,0,0,0,0,0,MFM,0,,,,10404,5,466
FUJITSU,M2233AS,10,80,5,320,4,17,0,0,0,,319,MFM,0,N,,,21760,11,467
FUJITSU,M2233AT,10,80,5,320,4,17,0,0,0,,319,MFM,0,N,,,21760,11,468
FUJITSU,M2234AS,15,80,5,320,6,17,0,0,0,,319,MFM,0,N,,,32640,16,469
FUJITSU,M2235AS,20,80,5,320,8,17,0,0,0,,319,MFM,0,N,,,43520,21,470
FUJITSU,M2241AS,18,0,,754,3,0,0,0,0,0,0,,0,,,,0,0,471
FUJITSU,M2241AS2,25,30,5F,754,4,17,0,0,0,375,753,MFM,30,J,,,51272,25,472
FUJITSU,M2242AS2,43,30,5F,754,7,17,0,0,0,375,753,MFM,30,J,,,89726,44,473
FUJITSU,M2243AS2,68,30,5F,754,11,17,0,0,0,,753,MFM,30,J,,,140998,69,474
FUJITSU,M2243R,111,25,5H,1186,7,26,0,0,0,,1185,MFM,30,J,,,215852,105,475
FUJITSU,M2243T,68,25,5H,1186,7,17,0,0,0,,1185,MFM,30,J,,,141134,69,476
FUJITSU,M2244E,67,25,5F,823,5,35,0,0,0,,822,ESDI,30,J,,,144025,70,477
FUJITSU,M2244S,80,25,5F,823,5,65,0,0,0,,822,SCSI,30,J,,,267475,131,478
FUJITSU,M2244SA,80,25,5F,823,5,35,0,0,0,,822,SCSI,30,J,,,144025,70,479
FUJITSU,M2244SB,80,25,5F,823,5,19,0,0,0,,822,SCSI,30,J,,,78185,38,480
FUJITSU,M2245E,94,25,5F,823,7,35,0,0,0,,822,ESDI,30,J,,,201635,98,481
FUJITSU,M2245S,112,25,5F,823,7,65,0,0,0,,822,SCSI,30,J,,,374465,183,482
FUJITSU,M2245SA,112,25,5F,823,7,35,0,0,0,,822,SCSI,30,J,,,201635,98,483
FUJITSU,M2245SB,112,25,5F,823,7,19,0,0,0,,822,SCSI,30,J,,,109459,53,484
FUJITSU,M2246E,134,25,5F,823,10,35,0,0,0,,822,ESDI,30,J,,,288050,141,485
FUJITSU,M2246S,160,25,5F,823,10,65,0,0,0,,822,SCSI,30,J,,,534950,261,486
FUJITSU,M2246SA,160,25,5F,823,10,35,0,0,0,,822,SCSI,30,J,,,288050,141,487
FUJITSU,M2246SB,160,25,5F,823,10,19,0,0,0,,822,SCSI,30,J,,,156370,76,488
FUJITSU,M2247E,143,18,5F,1243,7,35,0,0,0,,1242,ESDI,30,J,,,304535,149,489
FUJITSU,M2247S,138,18,5F,1243,7,65,0,0,0,,1242,SCSI,30,J,,,565565,276,490
FUJITSU,M2247SA,138,18,5F,1243,7,35,0,0,0,,1242,SCSI,30,J,,,304535,149,491
FUJITSU,M2247SB,138,18,5F,1243,7,19,0,0,0,,1242,SCSI,30,J,,,165319,81,492
FUJITSU,M2248E,224,18,5F,1243,11,35,0,0,0,,1242,ESDI,30,J,,,478555,234,493
FUJITSU,M2248S,221,18,5F,1243,11,65,0,0,0,,1242,SCSI,30,J,,,888745,434,494
FUJITSU,M2248SA,221,18,5F,1243,11,35,0,0,0,,1242,SCSI,30,J,,,478555,234,495
FUJITSU,M2248SB,221,18,5F,1243,11,19,0,0,0,,1242,SCSI,30,J,,,259787,127,496
FUJITSU,M2249E,306,18,5F,1243,15,35,0,0,0,,1242,ESDI,30,J,,,652575,319,497
FUJITSU,M2249S,303,18,5F,1243,15,65,0,0,0,,1242,SCSI,30,J,,,1211925,592,498
FUJITSU,M2249SA,303,18,5F,1243,15,35,0,0,0,,1242,SCSI,30,J,,,652575,319,499
FUJITSU,M2249SB,303,18,5F,1243,15,19,0,0,0,,1242,SCSI,30,J,,,354255,173,500
FUJITSU,M2261E,326,16,5F,1658,8,53,0,0,0,,1657,ESDI,30,J,,,702992,343,501
FUJITSU,M2261H,321,16,5F,1658,8,95,0,0,0,,1657,SCSI,30,J,,,1260080,615,502
FUJITSU,M2261HA,357,16,5F,1658,8,53,0,0,0,,1657,SCSI,30,J,,,702992,343,503
FUJITSU,M2261HB,375,16,5F,1658,8,28,0,0,0,,1657,SCSI,30,J,,,371392,181,504
FUJITSU,M2261S,321,16,5F,1658,8,95,0,0,0,,1657,SCSI,30,J,,,1260080,615,505
FUJITSU,M2261SA,357,16,5F,1658,8,53,0,0,0,,1657,SCSI,30,J,,,702992,343,506
FUJITSU,M2261SB,375,16,5F,1658,8,28,0,0,0,,1657,SCSI,30,J,,,371392,181,507
FUJITSU,M2262E,448,16,5F,1658,11,53,0,0,0,,1657,ESDI,30,J,,,966614,472,508
FUJITSU,M2262H,442,16,5F,1658,11,95,0,0,0,,1657,SCSI,30,J,,,1732610,846,509
FUJITSU,M2262HA,492,16,5F,1658,11,53,0,0,0,,1657,SCSI,30,J,,,966614,472,510
FUJITSU,M2262HB,518,16,5F,1658,11,28,0,0,0,,1657,SCSI,30,J,,,510664,249,511
FUJITSU,M2262S,442,16,5F,1658,11,95,0,0,0,,1657,SCSI,30,J,,,1732610,846,512
FUJITSU,M2262SA,492,16,5F,1658,11,53,0,0,0,,1657,SCSI,30,J,,,966614,472,513
FUJITSU,M2262SB,518,16,5F,1658,11,28,0,0,0,,1657,SCSI,30,J,,scsi,510664,249,514
FUJITSU,M2263E,670,16,5F,1658,15,53,0,0,0,,1657,ESDI,200,J,1989-01-12,,1318110,644,515
FUJITSU,M2263H,670,16,5F,1658,15,95,0,0,0,,1657,SCSI,200,J,1989-01-12,,2362650,1154,516
FUJITSU,M2263HA,670,16,5F,1658,15,53,0,0,0,,1657,SCSI,200,J,1989-01-12,,1318110,644,517
FUJITSU,M2263HB,708,16,5F,1658,15,28,0,0,0,,1657,SCSI,200,J,1989-01-12,,696360,340,518
FUJITSU,M2263S,603,16,5F,1658,15,95,0,0,0,,1657,SCSI,200,J,1989-01-12,,2362650,1154,519
FUJITSU,M2263SA,762,16,5F,1658,15,53,0,0,0,,1657,SCSI,200,J,1989-01-12,,1318110,644,520
FUJITSU,M2263SB,708,16,5F,1658,15,28,0,0,0,,1657,SCSI,200,J,1989-01-12,,696360,340,521
FUJITSU,M2266SA/HA,1082,15,5F,1658,15,85,0,0,0,0,0,SCSI2,65,+,1992-12-10,,2113950,1032,522
FUJITSU,M2266SB/HB,1140,15,5F,1658,15,0,0,0,0,0,0,SCSI,65,,1992-12-10,,0,0,523
FUJITSU,M2266S/H,955,15,5F,1658,15,0,0,0,0,0,0,SCSI,65,,1992-12-10,,0,0,524
FUJITSU,M2344KS,690,16,,624,27,0,0,0,0,0,0,SCSI,0,,,,0,0,525
FUJITSU,M2392K,2020,0,8,0,0,0,0,0,0,0,0,ESMD,0,,,,0,0,526
FUJITSU,M2611S,45,25,3H,1334,2,34,0,0,0,,1333,SCSI,30,J,,,90712,44,527
FUJITSU,M2611T,45,25,3H,1334,2,33,0,0,0,,1333,AT-BUS,30,J,,,88044,43,528
FUJITSU,M2612 ESAI,91,20,3.5,1334,4,34,0,0,0,0,0,SCSI,50,,,,181424,89,529
FUJITSU,M2612S /ESA,90,25,3H,1334,4,34,0,0,0,,1333,SCSI,30,J,,,181424,89,530
FUJITSU,M2612T /ET,90,25,3H,1334,4,33,0,0,0,,1333,AT-BUS,30,J,,,176088,86,531
FUJITSU,M2613S /ESA,135,25,3H,1334,6,34,0,0,0,,1333,SCSI,50,J,,,272136,133,532
FUJITSU,M2613T /ET,135,25,3H,1334,6,33,0,0,0,,1333,AT-BUS,30,J,,,264132,129,533
FUJITSU,M2614S /ESA,180,25,3H,1334,8,34,0,0,0,,1333,SCSI,30,J,,,362848,177,534
FUJITSU,M2614T /ET,180,25,3H,1334,8,33,0,0,0,,1333,AT-BUS,30,J,,,352176,172,535
FUJITSU,M2616EAS,105,20,3.5,1542,4,34,0,0,0,0,0,SCSI,50,,,,209712,102,536
FUJITSU,M2616ET,104,20,3.5,1542,4,33,0,0,0,0,0,AT,50,,,,203544,99,537
FUJITSU,M2617T,105,16,3.5,1005,4,51,0,0,0,0,0,AT,0,,,,205020,100,538
FUJITSU,M2618T,210,16,3.5,1005,8,51,0,0,0,0,0,AT,0,,,,410040,200,539
FUJITSU,M2622SA,330,12,3.5,1435,7,70,0,0,0,0,0,SCSI2,200,,,,703150,343,540
FUJITSU,M2622T,320,12,3.5,1435,7,69,0,0,0,0,0,AT,200,,,,693105,338,541
FUJITSU,M2622T,326,12,3.5,1013,10,63,0,0,0,0,0,AT,0,,,,638190,312,542
FUJITSU,M2623SA,425,12,3.5,1435,9,70,0,0,0,0,0,SCSI2,200,,,,904050,441,543
FUJITSU,M2623T,420,12,3.5,1435,9,69,0,0,0,0,0,AT,200,,,,891135,435,544
FUJITSU,M2623T,420,12,3.5,1002,10,63,0,0,0,0,0,AT,0,,,,631260,308,545
FUJITSU,M2624SA,520,12,3.5,1435,11,70,0,0,0,0,0,SCSI2,200,,,,1104950,540,546
FUJITSU,M2624T,510,12,3.5,1435,11,69,0,0,0,0,0,AT,200,,,,1089165,532,547
FUJITSU,M2624T,513,12,3.5,995,16,63,0,0,0,0,0,AT,0,,,,1002960,490,548
FUJITSU,M2631SA,45,18,2.5,1054,2,48,0,0,0,0,0,SCSI2,150,,,,101184,49,549
FUJITSU,M2631T,45,18,2.5,1054,2,48,0,0,0,0,0,AT,150,,,,101184,49,550
FUJITSU,M2633SA,90,18,2.5,1054,4,48,0,0,0,0,0,SCSI2,150,,,,202368,99,551
FUJITSU,M2633T,90,18,2.5,1054,4,48,0,0,0,0,0,AT,150,,,,202368,99,552
FUJITSU,M2652HD,1600,11,5.25,0,20,0,0,0,0,0,0,SCSI2,200,Y,,,0,0,553
FUJITSU,M2652P,1600,11,5.25,0,12,0,0,0,0,0,0,IPI2,200,Y,,,0,0,554
FUJITSU,M2652S,1600,11,5.25,0,20,0,0,0,0,0,0,SCSI2F,200,Y,,,0,0,555
FUJITSU,M2671P,2640,0,8,0,15,0,0,0,0,0,0,IPI2,0,Y,,,0,0,556
HEWLETT PACKARD,D1445A,108,16,5,1249,5,35,0,0,0,0,0,ESDI,0,,,,218575,107,557
HEWLETT PACKARD,D1446A,152,16,5,1249,7,35,0,0,0,0,0,ESDI,0,,,,306005,149,558
HEWLETT PACKARD,D1660A,334,17,5,1457,8,56,0,0,0,0,0,ESDI,0,,,,652736,319,559
HEWLETT PACKARD,D1661A,670,17,5,1457,16,56,0,0,0,0,0,ESDI,0,,,,1305472,637,560
HEWLETT PACKARD,D1665A,84,19,3.5,965,10,17,0,0,0,0,0,AT,0,,,,164050,80,561
HEWLETT PACKARD,D1666A,83,19,3,834,6,17,0,0,0,0,0,MFM,0,,,,85068,42,562
HEWLETT PACKARD,D1674A,103,17,5.25,0,0,0,0,0,0,0,0,ESDI,0,,,,0,0,563
HEWLETT PACKARD,D1675A,155,17,,0,0,0,0,0,0,0,0,ESDI,0,,,,0,0,564
HEWLETT PACKARD,D1676A,311,17,5,1583,12,64,0,0,0,0,0,ESDI,0,,,,1215744,594,565
HEWLETT PACKARD,D1679A,120,16,3.5,814,9,32,0,0,0,0,0,AT,0,,,,234432,114,566
HEWLETT PACKARD,D1680A,168,16,3.5,968,10,34,0,0,0,0,0,AT,0,,,,329120,161,567
HEWLETT PACKARD,HP 97532 D,110,17,5F,1643,4,64,0,0,0,,1642,SCSI,150,N,,,420608,205,568
HEWLETT PACKARD,HP 97532 E,104,17,5F,1583,4,64,0,0,0,,1582,ESDI,150,N,,,405248,198,569
HEWLETT PACKARD,HP 97532 S,110,17,5F,1643,4,64,0,0,0,,1642,SCSI,150,N,,,420608,205,570
HEWLETT PACKARD,HP 97532 T,110,17,5F,1643,4,64,0,0,0,,1642,SCSI,150,N,,,420608,205,571
HEWLETT PACKARD,HP 97533 D,162,17,5F,1643,6,64,0,0,0,,1642,SCSI,150,N,,,630912,308,572
HEWLETT PACKARD,HP 97533 E,156,17,5F,1583,6,64,0,0,0,,1582,ESDI,150,N,,,607872,297,573
HEWLETT PACKARD,HP 97533 S,162,17,5F,1643,6,64,0,0,0,,1642,SCSI,150,N,,,630912,308,574
HEWLETT PACKARD,HP 97533 T,162,17,5F,1643,6,64,0,0,0,,1642,SCSI,150,N,,,630912,308,575
HEWLETT PACKARD,HP 97536 D,323,17,5F,1643,12,64,0,0,0,,1642,SCSI,150,N,,,1261824,616,576
HEWLETT PACKARD,HP 97536 E,311,17,5F,1583,12,64,0,0,0,,1582,ESDI,150,N,,,1215744,594,577
HEWLETT PACKARD,HP 97536 S,323,17,5F,1643,12,64,0,0,0,,1642,SCSI,150,N,,,1261824,616,578
HEWLETT PACKARD,HP 97536 T,323,17,5F,1643,12,64,0,0,0,,1642,SCSI,150,N,,,1261824,616,579
HEWLETT PACKARD,HP 97544 D,331,17,5F,1447,8,56,0,0,0,,1446,SCSI,150,N,,,648256,317,580
HEWLETT PACKARD,HP 97544 E,340,17,5F,1457,8,57,0,0,0,,1456,ESDI,150,N,,,664392,324,581
HEWLETT PACKARD,HP 97544 S,331,17,5F,1447,8,56,0,0,0,,1446,SCSI,150,N,,,648256,317,582
HEWLETT PACKARD,HP 97548 D,663,17,5F,1447,16,56,0,0,0,,1446,SCSI,150,N,,,1296512,633,583
HEWLETT PACKARD,HP 97548 E,680,17,5F,1457,16,57,0,0,0,,1456,ESDI,150,N,,,1328784,649,584
HEWLETT PACKARD,HP 97548 S,663,17,5F,1447,16,56,0,0,0,,1446,SCSI,150,N,,,1296512,633,585
HEWLETT PACKARD,HP-97500-85600,20,0,3.5,0,0,0,0,0,0,0,0,SCSI,0,,,,0,0,586
HEWLETT PACKARD,HP-97500-85620,20,0,3.5,0,0,0,0,0,0,0,0,SCSI,0,,,,0,0,587
HEWLETT PACKARD,HP-97544P,331,17,5.25,1447,8,56,0,0,0,0,0,SCSI2D,150,Y,,,648256,317,588
HEWLETT PACKARD,HP-97548P,663,17,5.25,1447,16,56,0,0,0,0,0,SCSI2D,150,Y,,,1296512,633,589
HEWLETT PACKARD,HP-97548T,663,17,5.25,1447,16,56,0,0,0,0,0,SCSI2,150,Y,,,1296512,633,590
HEWLETT PACKARD,HP-97549P,1000,18,5.25,1911,16,64,0,0,0,0,0,SCSI2D,150,Y,,,1956864,956,591
HEWLETT PACKARD,HP-97549T,1000,18,5.25,1911,16,64,0,0,0,0,0,SCSI2,150,Y,,,1956864,956,592
HEWLETT PACKARD,HP-97556E,681,15,5.25,1680,11,72,0,0,0,0,0,ESDI,150,Y,,,1330560,650,593
HEWLETT PACKARD,HP-97556P,673,15,5.25,1670,11,72,0,0,0,0,0,SCSI2D,150,Y,,,1322640,646,594
HEWLETT PACKARD,HP-97556T,673,15,5.25,1670,11,72,0,0,0,0,0,SCSI2,150,Y,,,1322640,646,595
HEWLETT PACKARD,HP-97558E,1084,15,5.25,1961,15,72,0,0,0,0,0,ESDI,150,Y,,,2117880,1034,596
HEWLETT PACKARD,HP-97558P,1075,15,5.25,1952,15,72,0,0,0,0,0,SCSI2D,150,Y,,,2108160,1029,597
HEWLETT PACKARD,HP-97558T,1075,15,5.25,1952,15,72,0,0,0,0,0,SCSI2,150,Y,,,2108160,1029,598
HEWLETT PACKARD,HP-97560E,1374,15,5.25,1961,19,72,0,0,0,0,0,ESDI,150,Y,,,2682648,1310,599
HEWLETT PACKARD,HP-97560P,1363,15,5.25,1952,19,72,0,0,0,0,0,SCSI2D,150,Y,,,2670336,1304,600
HEWLETT PACKARD,HP-97560T,1363,15,5.25,1952,19,72,0,0,0,0,0,SCSI2,150,Y,,,2670336,1304,601
HEWLETT PACKARD,HP-C2233S,234,13,3.5,1511,5,0,0,0,0,0,0,SCSI2,150,Y,,,0,0,602
HEWLETT PACKARD,HP-C2234S,328,13,3.5,1511,7,0,0,0,0,0,0,SCSI2,150,Y,,,0,0,603
HEWLETT PACKARD,HP-C2235S,422,13,3.5,1511,9,0,0,0,0,0,0,SCSI2,150,Y,,,0,0,604
HEWLETT-PACKARD,C2233A,234,12,3.5,462,16,63,733,12,53,0,0,AT,0,,,,465696,227,605
HEWLETT-PACKARD,C2234A,328,12,3.5,1511,7,63,647,16,63,0,0,AT,0,,,,652176,318,606
HEWLETT-PACKARD,C2235A,422,12,3.5,1511,9,63,0,0,0,0,0,AT,0,,,,838656,410,607
HITACHI,DK301-1,10,85,3.5,306,4,17,0,0,0,0,0,MFM,0,,,,20808,10,608
HITACHI,DK301-2,15,85,3.5,306,6,17,0,0,0,0,0,MFM,0,,,,31212,15,609
HITACHI,DK312C-20,209,20,3H,1076,10,38,0,0,0,,1075,SCSI,40,N,,,408880,200,610
HITACHI,DK312C-25,251,20,3H,1076,12,38,0,0,0,,1075,SCSI,40,N,,,490656,240,611
HITACHI,DK314C-41,419,17,3.5,0,14,0,0,0,0,0,0,SCSI,150,Y,,,0,0,612
HITACHI,DK502-1,10,0,,320,4,0,0,0,0,128,0,,0,,,,0,0,613
HITACHI,DK502-2,15,0,,320,6,0,0,0,0,128,0,,0,,,,0,0,614
HITACHI,DK502-3,20,0,,320,8,0,0,0,0,128,0,,0,,,,0,0,615
HITACHI,DK503-1,5,0,,320,2,0,0,0,0,128,0,,0,,,,0,0,616
HITACHI,DK503-2,10,0,,320,4,0,0,0,0,128,0,,0,,,,0,0,617
HITACHI,DK511-3,30,30,5F,699,5,17,0,0,0,128,698,MFM,0,N,,,59415,29,618
HITACHI,DK511-5,42,30,5F,699,7,17,0,0,0,128,698,MFM,0,N,,,83181,41,619
HITACHI,DK511-8,71,23,5F,823,10,17,0,0,0,,822,MFM,0,N,,,139910,68,620
HITACHI,DK512A-17,147,23,5F,823,10,35,0,0,0,,822,ESDI,20,N,,,288050,141,621
HITACHI,DK512C-12,98,23,,823,7,35,0,0,0,0,0,SCSI,0,,,,201635,98,622
HITACHI,DK512C-17,146,23,5F,819,10,35,0,0,0,,818,SCSI,20,N,,,286650,140,623
HITACHI,DK512C-8,70,23,,823,5,35,0,0,0,0,0,SCSI,0,,,,144025,70,624
HITACHI,DK512S-17,147,23,5F,823,10,35,0,0,0,,822,ESDI,20,N,,,288050,141,625
HITACHI,DK512-12,94,23,5.25,823,7,35,0,0,0,0,0,ESDI,0,,,,201635,98,626
HITACHI,DK512-17,134,23,5.25,823,10,35,0,0,0,0,0,ESDI,0,,,,288050,141,627
HITACHI,DK512-8,68,23,5.25,823,5,35,0,0,0,0,0,ESDI,0,,,,144025,70,628
HITACHI,DK514C-38,322,16,5F,903,14,51,0,0,0,,902,SCSI,30,N,,,644742,315,629
HITACHI,DK514S-38,330,16,5F,903,14,51,0,0,0,,902,ESDI,30,N,,,644742,315,630
HITACHI,DK514-38,330,16,5F,903,14,51,0,0,0,,902,ESDI,30,N,,,644742,315,631
HITACHI,DK515C-78,670,16,5F,1356,14,68,0,0,0,,1355,SCSI,40,N,,,1290912,630,632
HITACHI,DK515-12,1200,14,5.25,823,15,0,0,0,0,0,0,ESDI,150,y,,,0,0,633
HITACHI,DK515-78,673,16,5F,1361,14,69,0,0,0,,1360,ESDI,40,N,,,1314726,642,634
HITACHI,DK516-12,1056,14,5F,1787,15,0,0,0,0,0,0,ESDI,100,,1992-12-10,,0,0,635
HITACHI,DK516-C16,1342,14,5F,2172,15,0,0,0,0,0,0,SCSI,100,,1992-12-10,,0,0,636
HITACHI,DK521-5,43,25,5H,823,6,17,0,0,0,,822,MFM,30,N,,,83946,41,637
HITACHI,DK522C-10,88,25,5H,819,6,35,0,0,0,,818,SCSI,30,N,,,171990,84,638
HITACHI,DK522-10,91,25,5H,823,6,36,0,0,0,,822,ESDI,30,N,,,177768,87,639
IBM,0661,371,12,,0,14,0,0,0,0,0,0,SCSI2,150,Y,,,0,0,640
IBM,0661-371,320,13,3.5,0,0,0,0,0,0,0,0,,150,Y,,,0,0,641
IBM,0661-467,400,12,3.5,0,0,0,0,0,0,0,0,,150,Y,,,0,0,642
IBM,0663 L12,958,19,3.5,2051,8,66,0,0,0,0,0,SCSI,0,,,,0,0,643
IBM,0671E,330,20,5.25,0,15,0,0,0,0,0,0,ESDI,150,Y,,,0,0,644
IBM,0671S,330,20,5.25,0,15,0,0,0,0,0,0,SCSI,150,Y,,,0,0,645
IBM,0681,1054,11,5.25,0,20,0,0,0,0,0,0,SCSI2,150,Y,,,0,0,646
IBM,20MB (13),21,0,,306,8,17,0,0,0,128,305,MFM,0,N,,,41616,20,647
IBM,20MB (2),21,0,,615,4,17,0,0,0,128,614,MFM,0,N,,,41820,20,648
IBM,30MB (22),31,0,,733,5,17,0,0,0,300,732,MFM,0,N,,,62305,30,649
IBM,320,320,0,,0,0,0,0,0,0,0,0,,0,,,,0,0,650
IBM,WDA-3160,206,16,3.5,0,0,0,0,0,0,0,0,IDE,45,Y,,,0,0,651
IBM,WDS-3160,206,16,3.5,0,8,0,0,0,0,0,0,SCSI2,45,Y,,,0,0,652
IBM,WD-3168,157,23,3.5,0,0,0,0,0,0,0,0,PS2,45,Y,,,0,0,653
IMI,5006,5,0,,306,2,17,0,0,0,214,0,MFM,0,,,,10404,5,654
IMI,5012,10,0,,306,4,17,0,0,0,214,0,MFM,0,,,,20808,10,655
IMI,5018,15,0,,306,6,17,0,0,0,214,0,MFM,0,,,,31212,15,656
IMPRIMIS,85 P FH,75,0,,1024,9,17,0,0,0,0,0,MFM,0,,,,156672,76,657
IMPRIMIS,94155-120,97,0,,960,8,26,0,0,0,0,0,,0,,,,199680,98,658
IMPRIMIS,94155-135,109,28,5F,960,9,26,0,0,0,,0,RLL,40,N,,,224640,110,659
IMPRIMIS,94155-135P,109,0,,960,9,26,0,0,0,0,0,,0,,,,224640,110,660
IMPRIMIS,94155-19,18,40,5F,698,3,0,0,0,0,,697,MFM,0,N,,,0,0,661
IMPRIMIS,94155-21,17,40,5F,697,3,17,0,0,0,,696,MFM,0,N,,,35547,17,662
IMPRIMIS,94155-25,20,40,5F,615,4,17,0,0,0,,614,MFM,0,N,,,41820,20,663
IMPRIMIS,94155-36,30,40,5F,697,5,17,0,0,0,,696,MFM,0,N,,,59245,29,664
IMPRIMIS,94155-38,32,40,5F,733,5,17,0,0,0,,732,MFM,0,N,,,62305,30,665
IMPRIMIS,94155-48,40,28,5F,925,5,17,0,0,0,,924,MFM,0,N,,,78625,38,666
IMPRIMIS,94155-51,43,28,5F,989,5,17,0,0,0,,988,MFM,0,N,,,84065,41,667
IMPRIMIS,94155-56,69,0,,925,9,17,0,0,0,0,0,,0,,,,141525,69,668
IMPRIMIS,94155-57,48,28,5F,925,6,17,0,0,0,,924,MFM,0,N,,,94350,46,669
IMPRIMIS,94155-67,56,28,5F,925,7,17,0,0,0,,924,MFM,0,N,,,110075,54,670
IMPRIMIS,94155-77,64,28,5F,925,8,17,0,0,0,,924,MFM,0,N,,,125800,61,671
IMPRIMIS,94155-85,85,28,5F,1024,8,17,0,0,0,,1023,MFM,30,J,,,139264,68,672
IMPRIMIS,94155-85P,85,28,5F,1024,8,17,0,0,0,,1023,MFM,30,J,,,139264,68,673
IMPRIMIS,94155-86,73,28,5F,925,9,17,0,0,0,,924,MFM,40,J,,,141525,69,674
IMPRIMIS,94155-96,96,28,5F,1024,8,17,0,0,0,,1023,MFM,40,J,,,139264,68,675
IMPRIMIS,94155-96P,76,0,,1024,9,17,0,0,0,0,0,,0,,,,156672,76,676
IMPRIMIS,94156-48,38,0,,925,5,17,0,0,0,0,0,,0,,,,78625,38,677
IMPRIMIS,94156-67,53,0,,925,7,17,0,0,0,0,0,,0,,,,110075,54,678
IMPRIMIS,94156-86,87,28,5F,925,9,17,0,0,0,,924,ESDI,40,J,,,141525,69,679
IMPRIMIS,9415-519,0,0,,697,3,0,0,0,0,0,0,,0,,,,0,0,680
IMPRIMIS,9415-536,28,0,,697,5,17,0,0,0,0,0,,0,,,,59245,29,681
IMPRIMIS,9415-538,30,0,,733,5,17,0,0,0,0,0,,0,,,,62305,30,682
IMPRIMIS,94161-101,101,16,5F,969,5,0,0,0,0,,968,SCSI,40,J,,,0,0,683
IMPRIMIS,94161-141,141,16,5F,969,7,0,0,0,0,,968,SCSI,40,J,,,0,0,684
IMPRIMIS,94161-182,156,16,5F,969,9,35,0,0,0,,968,SCSI,40,J,,,305235,149,685
IMPRIMIS,94166-101,101,16,5F,969,5,0,0,0,0,,968,ESDI,40,J,,,0,0,686
IMPRIMIS,94166-141,141,16,5F,969,7,0,0,0,0,,968,ESDI,40,J,,,0,0,687
IMPRIMIS,94166-182,182,16,5F,969,9,35,0,0,0,,968,ESDI,40,J,,,305235,149,688
IMPRIMIS,9416X,0,0,,969,9,0,0,0,0,0,0,ESDI,0,,,,0,0,689
IMPRIMIS,94171-350,307,16,5F,1412,9,0,0,0,0,,1411,SCSI,40,J,,,0,0,690
IMPRIMIS,94171-376,330,17,5F,1546,9,0,0,0,0,,1545,SCSI,40,J,,,0,0,691
IMPRIMIS,94181,338,11,5F,0,15,0,0,0,0,,0,SCSI,40,J,,,0,0,692
IMPRIMIS,94181-702,613,16,5F,1546,15,0,0,0,0,,1545,SCSI,40,J,,,0,0,693
IMPRIMIS,94186-383,328,19,5F,1412,13,0,0,0,0,,1411,ESDI,40,J,,,0,0,694
IMPRIMIS,94186-383H,329,14,5F,1224,15,0,0,0,0,,1223,ESDI,40,J,,,0,0,695
IMPRIMIS,94186-442,373,16,5F,1412,15,0,0,0,0,,1411,ESDI,40,J,,,0,0,696
IMPRIMIS,94191-766,676,15,5F,1632,15,0,0,0,0,,1631,SCSI,40,J,,,0,0,697
IMPRIMIS,94196-766,676,15,5F,1632,15,0,0,0,0,,1631,ESDI,40,J,,,0,0,698
IMPRIMIS,94204-65,62,0,,941,8,17,0,0,0,0,0,,0,,,,127976,62,699
IMPRIMIS,94204-71,68,0,,1024,8,17,0,0,0,0,0,,0,,,,139264,68,700
IMPRIMIS,94204-74,74,28,5H,941,8,17,0,0,0,,940,AT-BUS,40,J,,,127976,62,701
IMPRIMIS,94204-81,81,28,5H,1024,8,17,0,0,0,,1023,AT-BUS,40,J,,,139264,68,702
IMPRIMIS,94205-30,0,0,,989,3,0,0,0,0,0,0,,0,,,,0,0,703
IMPRIMIS,94205-51,43,28,5H,989,5,17,0,0,0,,988,MFM,40,J,,,84065,41,704
IMPRIMIS,94205-77,63,28,5H,989,5,26,0,0,0,,988,RLL,40,J,,,128570,63,705
IMPRIMIS,94211-106,90,18,5H,1024,5,0,0,0,0,,1023,SCSI,40,J,,,0,0,706
IMPRIMIS,94216-106,106,18,5H,1024,5,0,0,0,0,,1023,ESDI,40,J,,,0,0,707
IMPRIMIS,94221-125,110,18,5H,1544,3,0,0,0,0,,1543,SCSI,40,J,,,0,0,708
IMPRIMIS,94221-209,183,18,5H,1544,5,0,0,0,0,,1543,SCSI,40,J,,,0,0,709
IMPRIMIS,94241-383,337,15,5H,1400,7,0,0,0,0,,1399,SCSI,40,N,,,0,0,710
IMPRIMIS,94241-502,440,16,5H,1765,7,0,0,0,0,,1764,SCSI,40,J,,,0,0,711
IMPRIMIS,94244-219,193,16,5H,1747,4,0,0,0,0,,1746,AT-BUS,40,J,,,0,0,712
IMPRIMIS,94244-383,338,16,5H,1747,7,0,0,0,0,,1746,AT-BUS,40,J,,,0,0,713
IMPRIMIS,94246-182,160,16,5H,1453,4,0,0,0,0,,1452,ESDI,40,J,,,0,0,714
IMPRIMIS,94246-383,337,16,5H,1747,7,0,0,0,0,,1746,ESDI,40,J,,,0,0,715
IMPRIMIS,94311-136,120,0,,0,5,0,0,0,0,0,0,SCSI,0,,,,0,0,716
IMPRIMIS,94351-111,98,15,3H,1068,5,0,0,0,0,,0,SCSI,30,J,,,0,0,717
IMPRIMIS,94351-126,111,15,3H,1068,7,0,0,0,0,,0,SCSI,30,J,,,0,0,718
IMPRIMIS,94351-133S,116,0,3,1268,5,0,0,0,0,0,0,SCSI,0,,,,0,0,719
IMPRIMIS,94351-155,138,15,3H,1068,7,0,0,0,0,,0,SCSI,30,J,,,0,0,720
IMPRIMIS,94351-155S,138,15,3H,0,7,0,0,0,0,,0,SCSI,30,J,,,0,0,721
IMPRIMIS,94351-160,142,15,3H,1068,9,0,0,0,0,,0,SCSI,30,J,,,0,0,722
IMPRIMIS,94351-186S,163,0,3,1268,7,0,0,0,0,0,0,SCSI,0,,,,0,0,723
IMPRIMIS,94351-200,177,15,3H,1068,9,0,0,0,0,,0,SCSI,30,J,,,0,0,724
IMPRIMIS,94351-200S,177,15,3H,0,9,0,0,0,0,,0,SCSI,30,J,,,0,0,725
IMPRIMIS,94354-111,98,15,3H,0,5,0,0,0,0,,0,AT-BUS,30,J,,,0,0,726
IMPRIMIS,94354-126,111,15,3H,0,7,0,0,0,0,,0,AT-BUS,30,J,,,0,0,727
IMPRIMIS,94354-135,122,0,,1072,9,26,0,0,0,0,0,,0,,,,250848,122,728
IMPRIMIS,94354-155,138,15,3H,0,7,0,0,0,0,,0,AT-BUS,30,J,,,0,0,729
IMPRIMIS,94354-160,143,15,3H,0,9,0,0,0,0,,0,AT-BUS,30,J,,,0,0,730
IMPRIMIS,94354-172,169,0,,1072,9,36,0,0,0,0,0,,0,,,,347328,170,731
IMPRIMIS,94354-200,177,15,3H,0,9,0,0,0,0,,0,AT-BUS,30,J,,,0,0,732
IMPRIMIS,94355-100,88,15,3H,0,9,0,0,0,0,,0,MFM,30,J,,,0,0,733
IMPRIMIS,94355-150,133,15,3H,0,9,0,0,0,0,,0,RLL,30,J,,,0,0,734
IMPRIMIS,94356-111,98,15,3H,0,5,0,0,0,0,,0,ESDI,30,J,,,0,0,735
IMPRIMIS,94356-155,138,15,3H,0,7,0,0,0,0,,0,ESDI,30,J,,,0,0,736
IMPRIMIS,94356-200,177,15,3H,0,9,0,0,0,0,,0,ESDI,30,J,,,0,0,737
IMPRIMIS,94601-12G,1050,16,5F,1931,15,0,0,0,0,,1930,SCSI,40,J,,,0,0,738
IMPRIMIS,WREN II FH,60,0,,924,9,17,0,0,0,0,0,MFM,0,,,,141372,69,739
IMPRIMIS,WREN II HH,40,0,,989,5,17,0,0,0,0,0,MFM,0,,,,84065,41,740
IMPRIMIS,WREN II HH AT,65,0,,1032,5,26,0,0,0,0,0,RLL,0,,,,134160,66,741
INTEGRAL,1820 MUSTANG,21,20,1.8,0,2,0,0,0,0,0,0,IDE,100,Y,,,0,0,742
INTEGRAL,1842 STINGRAY,42,0,1.8,0,4,0,0,0,0,0,0,IDE,0,Y,,,0,0,743
JASMINE,DD-180,174,20,3.5,0,0,0,0,0,0,0,0,SCSI,70,Y,,,0,0,744
JCT,100,5,99,5.25,0,0,17,0,0,0,0,0,MFM,0,,,,0,0,745
JCT,1000,5,0,,0,0,17,0,0,0,0,0,MFM,0,,,,0,0,746
JCT,1005,7,0,,0,0,17,0,0,0,0,0,MFM,0,,,,0,0,747
JCT,1010,14,0,,0,0,17,0,0,0,0,0,MFM,0,,,,0,0,748
JCT,105,7,99,5.25,0,0,17,0,0,0,0,0,MFM,0,,,,0,0,749
JCT,110,14,99,5.25,0,0,17,0,0,0,0,0,MFM,0,,,,0,0,750
JCT,120,20,99,5.25,0,0,17,0,0,0,0,0,MFM,0,,,,0,0,751
JVC,JD-3824L,21,68,3H,615,2,34,0,0,0,0,614,JVC,30,N,,,41820,20,752
JVC,JD-3824T,21,65,3H,615,2,34,0,0,0,0,614,JVC,30,N,,,41820,20,753
JVC,JD-3848H,42,45,3H,615,4,34,0,0,0,0,614,JVC,30,N,,,83640,41,754
JVC,JD-E2085M,78,16,2.5,973,4,43,973,4,43,0,0,IDE,0,,,,0,0,755
JVC,JD-E2825P,21,25,2.5,581,2,36,0,0,0,0,0,AT /SCSI,30,+,1992-12-10,,41832,20,756
JVC,JD-E2850P,42,25,2.5,791,3,35,0,0,0,0,0,SCSI,0,N,,,0,0,757
JVC,JD-E3848V,42,25,3.5,862,2,48,0,0,0,0,0,AT / SCSI,30,,1992-12-10,,82752,40,758
JVC,JD-E3896V,85,25,3.5,862,4,48,0,0,0,0,0,AT / SCSI,30,,1992-12-10,,165504,81,759
KALOK,KL3100 OCTAGON2,105,19,3.5,0,0,0,0,0,0,0,0,IDE,0,N,,,0,0,760
KALOK,KL320,21,48,3H,615,4,17,0,0,0,300,614,MFM,43,J,,,41820,20,761
KALOK,KL330,33,48,3H,615,4,26,0,0,0,,614,RLL,43,J,,,63960,31,762
KALOK,KL332,40,48,,615,4,30,0,0,0,0,0,PS2,0,,,,73800,36,763
KALOK,KL340,42,25,3.5,820,6,17,0,0,0,0,0,MFM,0,,,,83640,41,764
KALOK,KL341,40,25,3H,664,4,30,0,0,0,,663,SCSI,43,J,,,79680,39,765
KALOK,KL342,42,0,3,676,4,31,0,0,0,0,0,PS2,0,,,,70304,34,766
KALOK,KL343,40,33,3.5,676,4,31,0,0,0,645,0,IDE,0,,,,77280,38,767
KALOK,KL360,65,25,3.5,820,6,26,0,0,0,0,0,RLL,0,,,,127920,62,768
KALOK,KL381,84,25,3.5,815,6,34,0,0,0,0,0,SCSI,0,,,,0,0,769
KALOK,KL383,84,0,3,815,6,34,0,0,0,0,0,IDE,0,,,,0,0,770
KYOCERA,CK-80GA,80,23,3.5,0,0,0,0,0,0,0,0,IDE,0,,,,0,0,771
KYOCERA,CK-80GS,83,23,3.5,0,0,0,0,0,0,0,0,SCSI,0,,,,0,0,772
KYOCERA,KC 20A,21,65,3H,835,4,17,0,0,0,,615,MFM,40,J,,,41888,20,773
KYOCERA,KC 20B,21,62,3H,800,4,17,0,0,0,,614,MFM,40,N,,,41820,20,774
KYOCERA,KC 20C,21,0,3.5,615,4,17,0,0,0,0,0,MFM,0,,,,41820,20,775
KYOCERA,KC 30A,33,65,3H,835,4,26,0,0,0,,615,RLL,40,J,,,64064,31,776
KYOCERA,KC 30B,33,62,3H,800,4,26,0,0,0,,614,RLL,40,N,,,63960,31,777
KYOCERA,KC 40GA,41,28,3H,1069,2,17,0,0,0,,1068,AT-BUS,40,J,,,74830,37,778
KYOCERA,KC 80C,87,28,3H,788,8,27,0,0,0,,787,SCSI,40,J,,,170208,83,779
KYOCERA,KC 80GA,80,23,3.5,0,0,0,0,0,0,0,0,IDE,0,N,,,0,0,780
KYOCERA,KC 80GS,83,23,3.5,0,0,0,0,0,0,0,0,SCSI,0,N,,,0,0,781
LAPINE,3062,0,0,,306,4,17,0,0,0,0,0,MFM,0,,,,20808,10,782
LAPINE,3062,10,0,,306,4,17,0,0,0,0,0,MFM,0,,,,20808,10,783
LAPINE,3512,10,0,,306,4,17,0,0,0,0,0,MFM,0,,,,20808,10,784
LAPINE,3522,10,0,,306,4,17,0,0,0,0,0,MFM,0,,,,20808,10,785
LAPINE,LT 200,20,65,3.5,614,4,17,0,0,0,0,0,MFM,0,N,,,0,0,786
LAPINE,LT 2000,20,61,,615,4,17,0,0,0,0,0,MFM,0,,,,41820,20,787
LAPINE,LT4000,40,0,3.5,0,0,0,0,0,0,0,0,SCSI,0,,,,0,0,788
LAPINE,LX200,20,0,,615,4,17,0,0,0,0,0,MFM,0,,,,41820,20,789
LAPINE,LX2000,20,0,,615,4,17,0,0,0,0,0,MFM,0,,,,41820,20,790
LAPINE,TITAN 20 / LT20,21,65,3H,615,4,17,0,0,0,,614,MFM,0,N,1992-12-10,,41820,20,791
LAPINE,TITAN 30 / LT30,32,65,3H,615,4,26,0,0,0,,614,RLL,0,N,1992-12-10,,63960,31,792
LAPINE,T-10,10,0,,615,2,17,0,0,0,0,0,MFM,0,,,,20910,10,793
LAPINE,T-20,20,61,,615,4,17,0,0,0,0,0,MFM,0,,,,41820,20,794
LAPINE,T-30,0,61,,615,4,27,0,0,0,0,0,RLL,0,,,,66420,32,795
LAPINE,T-300,32,61,,615,4,26,0,0,0,0,0,RLL,0,,,,63960,31,796
LIBERTY SYSTEMS,2040C,40,19,2.5,0,0,0,0,0,0,0,0,SCSI,100,,,,0,0,797
LIBERTY SYSTEMS,3020CT,20,19,2.5,0,0,0,0,0,0,0,0,SCSI,100,,,,0,0,798
LIBERTY SYSTEMS,3020C(P),20,19,2.5,0,0,0,0,0,0,0,0,SCSI,100,,,,0,0,799
LIBERTY SYSTEMS,3040CT,40,19,2.5,0,0,0,0,0,0,0,0,SCSI,100,,,,0,0,800
LIBERTY SYSTEMS,3040C(P),40,19,2.5,0,0,0,0,0,0,0,0,SCSI,100,,,,0,0,801
LIBERTY SYSTEMS,50105Q(P),105,12,3.5,0,0,0,0,0,0,0,0,SCSI/PA,60,,,,0,0,802
LIBERTY SYSTEMS,50120C(P),120,19,3.5,0,0,0,0,0,0,0,0,SCSI/PA,60,,,,0,0,803
LIBERTY SYSTEMS,5052Q(P),52,12,3.5,0,0,0,0,0,0,0,0,SCSI/PA,60,,,,0,0,804
LIBERTY SYSTEMS,70105Q,105,12,3.5,0,0,0,0,0,0,0,0,SCSI,60,,,,0,0,805
LIBERTY SYSTEMS,70170Q,170,9,3.5,0,0,0,0,0,0,0,0,SCSI,50,,,,0,0,806
LIBERTY SYSTEMS,70210Q,210,9,3.5,0,0,0,0,0,0,0,0,SCSI,50,,,,0,0,807
LIBERTY SYSTEMS,70340M,340,12,3.5,0,0,0,0,0,0,0,0,SCSI,150,,,,0,0,808
LIBERTY SYSTEMS,7040Q,40,9,3.5,0,0,0,0,0,0,0,0,SCSI,50,,,,0,0,809
LIBERTY SYSTEMS,70425Q,425,10,3.5,0,0,0,0,0,0,0,0,SCSI,50,,,,0,0,810
LIBERTY SYSTEMS,7052Q,52,12,3.5,0,0,0,0,0,0,0,0,SCSI,60,,,,0,0,811
MAGTRON,MT-4170E,170,25,5F,1598,6,0,0,0,0,0,0,ESDI,30,+,1992-12-10,,0,0,812
MAGTRON,MT-4170S,170,25,5F,1598,6,0,0,0,0,0,0,SCSI,30,+,1992-12-10,,0,0,813
MAXTOR,7040A CHEYENNE,40,17,3.5,1170,2,36,981,5,17,0,0,IDE,150,Y,,,84240,41,814
MAXTOR,7040S CHEYENNE,40,17,3.5,1155,2,36,0,0,0,0,0,SCSI,150,Y,,,83160,41,815
MAXTOR,7060A CHEYENNE,65,15,3.5,0,2,0,1024,7,17,0,0,IDE,150,Y,,,0,0,816
MAXTOR,7060S CHEYENNE,65,15,3.5,0,2,0,0,0,0,0,0,SCSI,150,Y,,,0,0,817
MAXTOR,7080A CHEYENNE,81,17,3.5,1170,4,36,936,10,18,0,0,IDE,150,Y,,,168480,82,818
MAXTOR,7080AT,80,19,3.5,980,10,17,980,10,17,0,0,AT,0,,,,166600,81,819
MAXTOR,7080S CHEYENNE,80,17,3.5,1166,4,30,0,0,0,0,0,SCSI,150,Y,,,166320,81,820
MAXTOR,7120A CHEYENNE,130,15,3.5,1516,4,42,936,16,17,0,0,IDE,150,Y,,,254688,124,821
MAXTOR,7120S CHEYENNE,130,15,3.5,1516,4,42,0,0,0,0,0,SCSI,150,Y,,,0,0,822
MAXTOR,7213A,202,15,,1698,4,42,683,16,38,0,0,IDE,150,J,,,0,0,823
MAXTOR,7213S,202,15,,1698,4,42,0,0,0,0,0,SCSI,150,J,,,0,0,824
MAXTOR,8051A,42,28,3.5,745,4,28,0,0,0,0,0,IDE,150,Y,,,83440,41,825
MAXTOR,LTX-340,340,15,3.5,1560,7,70,0,0,0,0,0,SCSI 2,50,+,1992-12-10,,764400,373,826
MAXTOR,LXT-100A,96,27,3H,733,8,32,0,0,0,,732,AT-BUS,40,J,,,187648,92,827
MAXTOR,LXT-100S,96,27,3H,733,8,32,0,0,0,,732,SCSI,40,J,,,187648,92,828
MAXTOR,LXT-200A,207,15,3H,1320,7,33,815,15,32,,1319,AT-BUS,50,J,,,304920,149,829
MAXTOR,LXT-200S,207,15,3H,1320,7,33,0,0,0,,1319,SCSI,50,J,,,304920,149,830
MAXTOR,LXT-213A,212,15,3.5,1320,7,38,683,16,38,0,0,IDE,150,Y,,,0,0,831
MAXTOR,LXT-213S,212,15,3.5,1320,7,38,0,0,0,0,0,SCSI,150,Y,,,0,0,832
MAXTOR,LXT-340A,340,13,3.5,1560,7,64,0,0,0,0,0,IDE,150,Y,,,0,0,833
MAXTOR,LXT-340S,340,13,3.5,1560,7,64,0,0,0,0,0,SCSI,150,Y,,,0,0,834
MAXTOR,LXT-437A,437,13,3.5,1560,9,64,0,0,0,0,0,IDE,150,Y,,,0,0,835
MAXTOR,LXT-437S,437,13,3.5,1560,9,64,0,0,0,0,0,SCSI,150,Y,,,0,0,836
MAXTOR,LXT-50A,48,27,3H,733,4,32,0,0,0,,732,AT-BUS,40,J,,,93824,46,837
MAXTOR,LXT-50S,48,27,3H,733,4,32,0,0,0,,732,SCSI,40,J,,,93824,46,838
MAXTOR,LXT-535A,535,13,3.5,1560,11,60,0,0,0,0,0,IDE,150,Y,,,0,0,839
MAXTOR,LXT-535S,535,13,3.5,1560,11,60,0,0,0,0,0,SCSI,150,Y,,,0,0,840
MAXTOR,MXT-1240S,1024,9,,0,0,0,0,0,0,0,0,SCSI,300,,,,0,0,841
MAXTOR,MXT-540SL,500,9,,0,0,0,0,0,0,0,0,SCSI,300,,,,0,0,842
MAXTOR,P0-12S PANTHER,1027,13,5.25,1376,15,96,0,0,0,0,0,SCSI2,100,Y,,,0,0,843
MAXTOR,P1-08,696,13,5F,1778,9,85,0,0,0,0,0,ESDI,100,+,1992-12-10,,1360170,664,844
MAXTOR,P1-08E PANTHER,696,13,5.25,1778,9,85,0,0,0,0,0,ESDI,100,Y,,,1360170,664,845
MAXTOR,P1-08S PANTHER,696,13,5.25,1778,9,85,0,0,0,0,0,SCSI2,100,Y,,,1360170,664,846
MAXTOR,P1-12,1065,13,5F,1778,15,78,0,0,0,0,0,ESDI,100,+,1992-12-10,,2080260,1016,847
MAXTOR,P1-12E PANTHER,1051,13,5.25,1216,15,85,0,0,0,0,0,ESDI,150,Y,,,1550400,757,848
MAXTOR,P1-12S PANTHER,1005,11,5.25,1216,19,85,0,0,0,0,0,SCSI2,100,Y,,,1963840,959,849
MAXTOR,P1-13E PANTHER,1161,13,5F,1778,15,85,0,0,0,0,0,ESDI,100,+,1992-12-10,,2266950,1107,850
MAXTOR,P1-16E PANTHER,1331,13,5.25,0,19,0,0,0,0,0,0,ESDI,150,Y,,,0,0,851
MAXTOR,P1-17S PANTHER,1470,13,5.25,1778,19,85,0,0,0,0,0,SCSI2,100,Y,,,2871470,1402,852
MAXTOR,P2-08S,664,13,5F,1778,7,111,0,0,0,0,0,SCSI 2,100,+,1992-12-10,,1381506,675,853
MAXTOR,P2-12S,1065,11,5F,1254,15,111,0,0,0,0,0,SCSI 2,100,+,1992-12-10,,2087910,1019,854
MAXTOR,P2-17E PANTHER,1470,13,5.25,1778,19,85,0,0,0,0,0,ESDI,100,Y,,,2871470,1402,855
MAXTOR,P2-17S,1424,13,5F,1778,15,111,0,0,0,0,0,SCSI 2,100,+,1992-12-10,,2960370,1445,856
MAXTOR,XT-1065,56,27,5F,918,7,17,0,0,0,,917,MFM,70,J,,,109242,53,857
MAXTOR,XT-1085,71,27,5F,1024,8,17,0,0,0,,1023,MFM,70,J,,,139264,68,858
MAXTOR,XT-1105,87,27,5F,918,11,17,0,0,0,,917,MFM,70,J,,,171666,84,859
MAXTOR,XT-1120R,105,27,5F,1024,8,26,0,0,0,,1023,RLL,70,J,,,212992,104,860
MAXTOR,XT-1140,120,27,5F,918,15,17,0,0,0,,917,MFM,70,J,,,234090,114,861
MAXTOR,XT-1240R,197,27,5F,1024,15,26,0,0,0,,1023,RLL,70,J,,,399360,195,862
MAXTOR,XT-2085,75,30,5.25,1224,7,17,0,0,0,1225,0,MFM,0,,1992-12-10,,145656,71,863
MAXTOR,XT-2085-,60,0,,1024,7,17,0,0,0,0,0,MFM,0,,,,121856,60,864
MAXTOR,XT-2140,117,30,5.25,1224,11,17,0,0,0,1225,0,MFM,0,,1992-12-10,,228888,112,865
MAXTOR,XT-2140-,93,0,,1024,11,17,0,0,0,0,0,MFM,0,,,,191488,94,866
MAXTOR,XT-2190,160,30,5.25,1224,15,17,0,0,0,0,0,MFM,70,,1992-12-10,,312120,152,867
MAXTOR,XT-2190-,128,0,,1024,15,17,0,0,0,0,0,MFM,0,,,,261120,128,868
MAXTOR,XT-3170,147,30,5.25,1224,9,26,0,0,0,0,0,SCSI,0,N,,,528768,258,869
MAXTOR,XT-3280,244,30,5.25,1224,15,26,0,0,0,0,0,SCSI,0,N,,,0,0,870
MAXTOR,XT-3380,319,27,5.25,1224,15,34,0,0,0,0,0,SCSI,0,N,,,0,0,871
MAXTOR,XT-4170E,158,14,5F,1224,7,36,0,0,0,,1223,ESDI,70,J,,,299880,146,872
MAXTOR,XT-4170S,158,14,5F,1224,7,36,0,0,0,,1223,SCSI,70,J,,,308448,151,873
MAXTOR,XT-4175E,144,27,5F,1224,7,36,0,0,0,0,0,ESDI,20,N,1992-12-10,,291312,142,874
MAXTOR,XT-4280E,230,27,5F,1224,11,34,0,0,0,0,0,ESDI,20,,1992-12-10,,457776,224,875
MAXTOR,XT-4280S,234,27,5F,1224,11,36,0,0,0,0,0,SCSI,20,,1992-12-10,,457776,224,876
MAXTOR,XT-4380,152,16,,1314,7,32,816,15,32,0,0,MFM,0,,,,312120,152,877
MAXTOR,XT-4380E,338,16,5F,1224,15,36,0,0,0,,1223,ESDI,70,J,,,642600,314,878
MAXTOR,XT-4380S,338,16,5F,1224,15,36,0,0,0,,1223,SCSI,70,J,,,660960,323,879
MAXTOR,XT-8051A,42,28,3.5,745,4,28,0,0,0,0,0,IDE,150,J,,,0,0,880
MAXTOR,XT-8380E,361,14,5F,1632,8,54,0,0,0,,1631,ESDI,40,J,,,705024,344,881
MAXTOR,XT-8380S,360,14,5F,1632,8,54,0,0,0,,1631,SCSI,40,J,,,705024,344,882
MAXTOR,XT-8610E,541,16,5F,1632,12,54,0,0,0,0,0,ESDI,60,+,1992-12-10,,1057536,516,883
MAXTOR,XT-8702S,616,16,,1490,15,54,0,0,0,0,0,SCSI,0,,,,0,0,884
MAXTOR,XT-8760E,677,16,5F,1632,15,54,0,0,0,,1631,ESDI,40,J,,,1321920,645,885
MAXTOR,XT-8760S,676,16,5F,1632,15,54,0,0,0,,1631,SCSI,40,J,,,1321920,645,886
MAXTOR,XT-8800E,695,15,5F,1249,15,69,0,0,0,0,0,ESDI,60,+,1992-12-10,,1356810,663,887
MCR,6091-5101,300,27,5.25,0,0,9,0,0,0,0,0,SCSI,0,Y,,,0,0,888
MEC,D5392,1300,14,5.25,0,16,0,0,0,0,0,0,IPI2,100,Y,,,0,0,889
MEGADRIVE,P-105,105,19,3.5,1019,0,0,0,0,0,0,0,SCSI,50,,,,0,0,890
MEGADRIVE,P-120,120,14,3.5,1123,0,0,0,0,0,0,0,SCSI,50,Y,,,0,0,891
MEGADRIVE,P-170,170,14,3.5,1123,0,0,0,0,0,0,0,SCSI,50,Y,,,0,0,892
MEGADRIVE,P-210,210,14,3.5,1156,0,0,0,0,0,0,0,SCSI,50,Y,,,0,0,893
MEGADRIVE,P-42,42,19,3.5,834,0,0,0,0,0,0,0,SCSI,50,Y,,,0,0,894
MEGADRIVE,P-425,425,9,3.5,0,0,0,0,0,0,0,0,SCSI,75,Y,,,0,0,895
MEGADRIVE,P-84,84,19,3.5,834,0,0,0,0,0,0,0,SCSI,50,Y,,,0,0,896
MEMOREX,321,5,0,,320,2,17,0,0,0,128,0,MFM,0,,,,10880,5,897
MEMOREX,322,10,0,,320,4,17,0,0,0,128,0,MFM,0,,,,21760,11,898
MEMOREX,323,15,0,,320,6,17,0,0,0,128,0,MFM,0,,,,32640,16,899
MEMOREX,324,21,0,,320,8,17,0,0,0,128,0,MFM,0,,,,43520,21,900
MEMOREX,450,10,0,,612,2,17,0,0,0,350,0,MFM,0,,,,20808,10,901
MEMOREX,512,23,0,,961,3,17,0,0,0,480,0,MFM,0,,,,49011,24,902
MEMOREX,513,39,0,,961,5,17,0,0,0,480,0,MFM,0,,,,81685,40,903
MEMOREX,514,47,0,,960,6,17,0,0,0,480,0,MFM,0,,,,97920,48,904
MICROPOLIS,1302,21,30,,0,3,17,0,0,0,0,0,MFM,20,y,1992-12-10,,0,0,905
MICROPOLIS,1303,36,30,,830,5,17,0,0,0,0,0,MFM,20,Y,1992-12-10,,70550,34,906
MICROPOLIS,1304,43,30,,830,6,17,0,0,0,0,0,MFM,20,Y,1992-12-10,,84660,41,907
MICROPOLIS,1323,35,28,5F,1024,4,17,0,0,0,,1023,MFM,35,J,,,69632,34,908
MICROPOLIS,1323A,44,28,5F,1024,5,17,0,0,0,,1023,MFM,35,J,,,87040,42,909
MICROPOLIS,1324,53,28,5F,1024,6,17,0,0,0,,1023,MFM,35,J,,,104448,51,910
MICROPOLIS,1324A,62,28,5F,1024,7,17,0,0,0,,1023,MFM,35,J,,,121856,60,911
MICROPOLIS,1325,71,28,5F,1024,8,17,0,0,0,,1023,MFM,35,J,,,139264,68,912
MICROPOLIS,1333,34,28,,1024,4,17,0,0,0,0,0,MFM,0,,,,69632,34,913
MICROPOLIS,1333A,44,30,5F,1024,5,17,0,0,0,,1023,MFM,25,J,,,87040,42,914
MICROPOLIS,1334,53,30,5F,1024,6,17,0,0,0,,1023,MFM,25,J,,,104448,51,915
MICROPOLIS,1334A,62,28,,1024,7,17,0,0,0,0,1023,RLL,0,,,,121856,60,916
MICROPOLIS,1335,71,28,5F,1024,8,17,0,0,0,,1023,MFM,25,J,,,139264,68,917
MICROPOLIS,1352,36,23,,1024,2,36,0,0,0,0,0,ESDI,0,,,,73728,36,918
MICROPOLIS,1352A,54,23,,1024,3,36,0,0,0,0,0,ESDI,0,,,,110592,54,919
MICROPOLIS,1353,75,23,5F,1024,4,36,0,0,0,,1023,ESDI,30,J,,,147456,72,920
MICROPOLIS,1353 PAK,71,23,5F,1024,4,36,0,0,0,,1023,ESDI,30,J,,,147456,72,921
MICROPOLIS,1353A,94,23,5F,1024,5,36,0,0,0,,1023,ESDI,30,J,,,184320,90,922
MICROPOLIS,1353A PAK,88,23,5F,1024,5,36,0,0,0,,1023,ESDI,30,J,,,184320,90,923
MICROPOLIS,1354,113,23,5F,1024,6,36,0,0,0,,1023,ESDI,30,J,,,221184,108,924
MICROPOLIS,1354 PAK,106,23,5F,1024,6,36,0,0,0,,1023,ESDI,30,J,,,221184,108,925
MICROPOLIS,1354A,132,23,5F,1024,7,36,0,0,0,,1023,ESDI,30,J,,,258048,126,926
MICROPOLIS,1354A PAK,124,23,5F,1024,7,36,0,0,0,,1023,ESDI,30,J,,,258048,126,927
MICROPOLIS,1355,150,23,5F,1024,8,36,0,0,0,,1023,ESDI,30,J,,,294912,144,928
MICROPOLIS,1355 PAK,142,23,5F,1024,8,36,0,0,0,,1023,ESDI,30,J,,,294912,144,929
MICROPOLIS,1373,76,23,5F,1016,4,19,0,0,0,,1015,SCSI,30,J,,,77216,38,930
MICROPOLIS,1373 PAK,72,23,5F,1018,4,35,0,0,0,,1017,SCSI,30,N,,,142520,70,931
MICROPOLIS,1373A,95,23,5F,1016,5,19,0,0,0,,1015,SCSI,30,J,,,96520,47,932
MICROPOLIS,1373A PAK,91,23,5F,1018,5,35,0,0,0,,1017,SCSI,30,N,,,178150,87,933
MICROPOLIS,1374,115,23,5F,1016,6,19,0,0,0,,1015,SCSI,30,J,,,115824,57,934
MICROPOLIS,1374 PAK,109,23,5F,1018,6,35,0,0,0,,1017,SCSI,30,N,,,213780,104,935
MICROPOLIS,1374A,134,23,5F,1016,7,19,0,0,0,,1015,SCSI,30,J,,,135128,66,936
MICROPOLIS,1374A PAK,127,23,5F,1018,7,35,0,0,0,,1017,SCSI,30,N,,,249410,122,937
MICROPOLIS,1375,153,23,5F,1016,8,19,0,0,0,,1015,SCSI,30,J,,,154432,75,938
MICROPOLIS,1375 PAK,145,23,5F,1018,8,35,0,0,0,,1017,SCSI,30,N,,,285040,139,939
MICROPOLIS,13X3,34,0,,1024,4,0,0,0,0,0,0,,0,,,,0,0,940
MICROPOLIS,13X3A,42,0,,1024,5,0,0,0,0,0,0,,0,,,,0,0,941
MICROPOLIS,13X4,50,0,,1024,6,0,0,0,0,0,0,,0,,,,0,0,942
MICROPOLIS,13X4A,60,0,,1024,7,0,0,0,0,0,0,,0,,,,0,0,943
MICROPOLIS,13X5,68,28,,1024,8,0,0,0,0,0,0,,0,,,,0,0,944
MICROPOLIS,1516-10S,678,14,5F,1840,10,72,0,0,0,0,0,ESDI,150,+,1992-12-10,,1324800,647,945
MICROPOLIS,1517-13,922,14,5F,1925,13,72,0,0,0,0,0,ESDI,150,+,1992-12-10,,1801800,880,946
MICROPOLIS,1518,1346,15,5.25,0,0,0,0,0,0,0,0,ESDI,150,Y,,,0,0,947
MICROPOLIS,1518-14,993,14,5F,1925,14,72,0,0,0,0,0,ESDI,150,+,1992-12-10,,1940400,947,948
MICROPOLIS,1518-15,1064,14,5F,1925,15,72,0,0,0,0,0,ESDI,150,+,1992-12-10,,2079000,1015,949
MICROPOLIS,1528-15,1400,14,5F,1952,15,0,0,0,0,0,0,SCSI,150,+,1992-12-10,,0,0,950
MICROPOLIS,1528-15(D),1354,15,5.25,2106,15,84,0,0,0,0,0,SCSI2D,150,Y,,,2653560,1296,951
MICROPOLIS,1538-15,871,15,5.25,1925,15,71,0,0,0,0,0,ESDI,150,Y,,,2050125,1001,952
MICROPOLIS,1548(D),1748,14,5.25,0,0,0,0,0,0,0,0,SCSI2,150,Y,,,0,0,953
MICROPOLIS,1551,59,30,,1024,7,17,0,0,0,0,0,MFM,0,,,,121856,60,954
MICROPOLIS,1554,111,30,,1224,11,17,0,0,0,0,0,MFM,0,,,,228888,112,955
MICROPOLIS,1555,121,30,,1224,12,17,0,0,0,0,0,MFM,0,,,,249696,122,956
MICROPOLIS,1556,132,30,,1224,13,17,0,0,0,0,0,MFM,0,,,,270504,132,957
MICROPOLIS,1556-11,248,18,5F,1224,11,36,0,0,0,,1223,ESDI,150,N,,,484704,237,958
MICROPOLIS,1557,142,30,,1224,14,17,0,0,0,0,0,MFM,0,,,,291312,142,959
MICROPOLIS,1557-12,270,18,5F,1224,12,36,0,0,0,,1223,ESDI,150,N,,,528768,258,960
MICROPOLIS,1557-13,293,18,5F,1224,13,36,0,0,0,,1223,ESDI,150,N,,,572832,280,961
MICROPOLIS,1557-14,0,18,,1224,14,36,0,0,0,0,0,ESDI,0,,,,616896,301,962
MICROPOLIS,1557-15,0,18,,1224,15,36,0,0,0,0,0,ESDI,0,,,,660960,323,963
MICROPOLIS,1558,152,30,,1224,15,17,0,0,0,0,0,MFM,0,,,,312120,152,964
MICROPOLIS,1558-14,315,18,5F,1224,14,36,0,0,0,,1223,ESDI,150,N,,,616896,301,965
MICROPOLIS,1558-15,338,18,5F,1224,15,36,0,0,0,,1223,ESDI,150,N,,,660960,323,966
MICROPOLIS,1558-15 PAK,314,18,5F,1224,15,36,0,0,0,,1223,ESDI,150,N,,,660960,323,967
MICROPOLIS,1565-8S,330,16,5F,1632,8,0,0,0,0,0,0,ESDI,150,+,1992-12-10,,0,0,968
MICROPOLIS,1566-11,496,16,5F,1632,11,54,0,0,0,,1631,ESDI,150,N,,,969408,473,969
MICROPOLIS,1567-12,541,16,5F,1632,12,54,0,0,0,,1631,ESDI,150,N,,,1057536,516,970
MICROPOLIS,1567-13,586,16,5F,1632,13,54,0,0,0,,1631,ESDI,150,N,,,1145664,559,971
MICROPOLIS,1568-14,631,16,5F,1632,14,54,0,0,0,,1631,ESDI,150,N,,,1233792,602,972
MICROPOLIS,1568-15,676,16,5F,1632,15,54,0,0,0,,1631,ESDI,150,N,,,1321920,645,973
MICROPOLIS,1576-11,243,18,5F,1220,11,36,0,0,0,,1219,SCSI,150,N,,,483120,236,974
MICROPOLIS,1577-12,266,18,5F,1220,12,36,0,0,0,,1219,SCSI,150,N,,,527040,257,975
MICROPOLIS,1577-13,287,18,5F,1220,13,36,0,0,0,,1219,SCSI,150,N,,,570960,279,976
MICROPOLIS,1578-14,310,18,5F,1220,14,36,0,0,0,,1219,SCSI,150,N,,,614880,300,977
MICROPOLIS,1578-15,332,18,5F,1220,15,36,0,0,0,,1219,SCSI,150,N,,,658800,322,978
MICROPOLIS,1578-15 PAK,327,18,5F,1218,15,35,0,0,0,,1217,SCSI,150,N,,,639450,312,979
MICROPOLIS,1578-15(D),331,16,5.25,1224,15,36,0,0,0,0,0,SCSI(D),150,Y,,,660960,323,980
MICROPOLIS,1585-8S,344,16,5F,1632,8,54,0,0,0,0,0,SCSI,150,+,1992-12-10,,705024,344,981
MICROPOLIS,1586-11,490,16,5F,1628,11,54,0,0,0,,1627,SCSI,50,N,,,967032,472,982
MICROPOLIS,1587-12,535,16,5F,1628,12,54,0,0,0,,1627,SCSI,50,N,,,1054944,515,983
MICROPOLIS,1587-13,579,16,5F,1628,13,54,0,0,0,,1627,SCSI,50,N,,,1142856,558,984
MICROPOLIS,1588-14,624,16,5F,1628,14,54,0,0,0,,1627,SCSI,50,N,,,1230768,601,985
MICROPOLIS,1588-15,668,16,5F,1628,15,54,0,0,0,,1627,SCSI,50,N,,,1318680,644,986
MICROPOLIS,1596-10S,668,0,5,1834,10,0,0,0,0,0,0,SCSI,0,,,,0,0,987
MICROPOLIS,1597-10S,0,13,,1834,10,54,0,0,0,0,0,SCSI,0,,,,990360,484,988
MICROPOLIS,1597-13,897,14,5F,1919,13,71,0,0,0,0,0,SCSI,150,+,1992-12-10,,1771237,865,989
MICROPOLIS,1598-14,965,14,5F,1919,14,71,0,0,0,0,0,SCSI,150,+,1992-12-10,,1907486,931,990
MICROPOLIS,1598-15,1034,14,5F,1919,15,71,0,0,0,0,0,SCSI,150,+,1992-12-10,,2043735,998,991
MICROPOLIS,1653-4,92,16,5H,1249,4,36,0,0,0,,1248,ESDI,150,N,,,179856,88,992
MICROPOLIS,1653-5,115,16,5H,1249,5,36,0,0,0,,1248,ESDI,150,N,,,224820,110,993
MICROPOLIS,1654-6,138,16,5H,1249,6,36,0,0,0,,1248,ESDI,150,N,,,269784,132,994
MICROPOLIS,1654-7,161,16,5H,1249,7,36,0,0,0,,1248,ESDI,150,N,,,314748,154,995
MICROPOLIS,1663-4,197,14,5H,1780,4,54,0,0,0,0,0,ESDI,150,+,1992-12-10,,384480,188,996
MICROPOLIS,1663-5,246,14,5H,1780,5,54,0,0,0,0,0,ESDI,150,+,1992-12-10,,480600,235,997
MICROPOLIS,1664-6,295,14,5H,1780,6,54,0,0,0,0,0,ESDI,150,+,1992-12-10,,576720,282,998
MICROPOLIS,1664-7,385,14,5H,1780,7,36,0,0,0,,1779,ESDI,150,N,,,448560,219,999
MICROPOLIS,1673-4,90,16,5H,1245,4,36,0,0,0,,1244,SCSI,150,N,,,179280,88,1000
MICROPOLIS,1673-5,112,16,5H,1245,5,36,0,0,0,,1244,SCSI,150,N,,,224100,109,1001
MICROPOLIS,1674-6,135,16,5H,1245,6,36,0,0,0,,1244,SCSI,150,N,,,268920,131,1002
MICROPOLIS,1674-7,158,16,5H,1245,7,36,0,0,0,,1244,SCSI,150,N,,,313740,153,1003
MICROPOLIS,1683-4,193,14,5H,1776,4,54,0,0,0,,1775,SCSI,50,N,,,383616,187,1004
MICROPOLIS,1683-5,242,14,5H,1776,5,54,0,0,0,,1775,SCSI,50,N,,,479520,234,1005
MICROPOLIS,1684-6,291,14,5H,1776,6,54,0,0,0,,1775,SCSI,50,N,,,575424,281,1006
MICROPOLIS,1684-7,340,14,5H,1776,7,54,0,0,0,,1775,SCSI,50,N,,,671328,328,1007
MICROPOLIS,1743-5,0,15,,1140,5,48,0,0,0,0,0,ESDI,0,,,,273600,134,1008
MICROPOLIS,1744-6,0,15,,1140,6,48,0,0,0,0,0,ESDI,0,,,,328320,160,1009
MICROPOLIS,1744-7,0,15,,1140,7,48,0,0,0,0,0,ESDI,0,,,,383040,187,1010
MICROPOLIS,1745-8,0,15,,1140,8,48,0,0,0,0,0,ESDI,0,,,,437760,214,1011
MICROPOLIS,1745-9,0,15,,1140,9,48,0,0,0,0,0,ESDI,0,,,,492480,240,1012
MICROPOLIS,1773-5,133,15,,1140,5,48,0,0,0,0,0,SCSI,0,,,,273600,134,1013
MICROPOLIS,1774-6,160,15,,1140,6,48,0,0,0,0,0,SCSI,0,,,,328320,160,1014
MICROPOLIS,1774-7,187,15,,1140,7,48,0,0,0,0,0,SCSI,0,,,,383040,187,1015
MICROPOLIS,1775-8,0,15,,1140,8,48,0,0,0,0,0,SCSI,0,,,,437760,214,1016
MICROPOLIS,1775-9,0,15,,1140,9,48,0,0,0,0,0,SCSI,0,,,,492480,240,1017
MICROPOLIS,2112,1000,10,3.5,0,0,0,0,0,0,0,0,SCSI2,0,Y,,,0,0,1018
MICROPOLIS,2112A,1050,10,3.5,2034,16,63,0,0,0,0,0,AT,0,,,,2050272,1001,1019
MICROSCIENCE,21200,1062,13,5.25,1921,15,72,0,0,0,0,0,ESDI,100,Y,,,2074680,1013,1020
MICROSCIENCE,2777,687,14,5.25,1658,15,54,0,0,0,0,0,ESDI,100,Y,,,1342980,656,1021
MICROSCIENCE,31200,1062,13,5.25,1921,15,72,0,0,0,0,0,SCSI2,100,Y,,,2074680,1013,1022
MICROSCIENCE,3777,687,14,5.25,1658,15,54,0,0,0,0,0,SCSI2,100,Y,,,1342980,656,1023
MICROSCIENCE,5100-20,120,18,3.5,960,7,35,0,0,0,0,0,ESDI,60,Y,,,235200,115,1024
MICROSCIENCE,6100-20,120,18,3.5,960,7,35,0,0,0,0,0,SCSI,60,Y,,,235200,115,1025
MICROSCIENCE,7100-20,120,18,3.5,960,7,35,0,0,0,0,0,IDE,60,Y,,,235200,115,1026
MICROSCIENCE,7200,201,18,3.5,1277,7,44,0,0,0,0,0,IDE,65,Y,,,393316,192,1027
MICROSCIENCE,FH-2414,414,14,5.25,0,0,0,0,0,0,0,0,ESDI,0,Y,,,0,0,1028
MICROSCIENCE,FH-2777E,777,14,5.25,0,0,0,0,0,0,0,0,ESDI,50,Y,,,0,0,1029
MICROSCIENCE,FH-2777S,777,14,5.25,0,0,0,0,0,0,0,0,SCSI,50,Y,,,0,0,1030
MICROSCIENCE,FH-3414,414,14,5.25,0,0,0,0,0,0,0,0,SCSI,0,Y,,,0,0,1031
MICROSCIENCE,FH-3777E,1050,14,5.25,0,0,0,0,0,0,0,0,ESDI,50,Y,,,0,0,1032
MICROSCIENCE,FH-3777S,1050,14,5.25,0,0,0,0,0,0,0,0,SCSI,50,Y,,,0,0,1033
MICROSCIENCE,HH-1050,45,28,5H,1024,5,17,0,0,0,,1023,MFM,140,J,,,87040,42,1034
MICROSCIENCE,HH-1060,68,28,5H,1024,5,26,0,0,0,,1023,RLL,140,J,,,133120,65,1035
MICROSCIENCE,HH-1075,62,28,5H,1024,7,17,0,0,0,,1023,MFM,40,J,,,121856,60,1036
MICROSCIENCE,HH-1080,65,28,5.25,1024,5,26,0,0,0,0,0,RLL,0,Y,,,133120,65,1037
MICROSCIENCE,HH-1090,80,28,5H,1314,7,17,0,0,0,,1313,MFM,40,J,,,156366,76,1038
MICROSCIENCE,HH-1095,95,28,5H,1024,7,26,0,0,0,,1023,RLL,40,J,,,186368,91,1039
MICROSCIENCE,HH-1120,122,28,5H,1314,7,26,0,0,0,,1313,RLL,40,J,,,239148,117,1040
MICROSCIENCE,HH-2012,10,0,,306,4,0,0,0,0,0,0,ESDI,0,,,,0,0,1041
MICROSCIENCE,HH-2120,128,28,5H,1024,7,35,0,0,0,,1023,ESDI,40,J,,,250880,122,1042
MICROSCIENCE,HH-2160,160,28,5H,1276,7,35,0,0,0,,1275,ESDI,40,J,,,312620,153,1043
MICROSCIENCE,HH-312,10,0,,306,4,17,0,0,0,0,0,MFM,0,,,,20808,10,1044
MICROSCIENCE,HH-3120,121,28,5H,1314,5,36,0,0,0,,1313,SCSI,40,J,,,236520,115,1045
MICROSCIENCE,HH-315,10,0,,612,2,17,0,0,0,0,0,MFM,0,,,,20808,10,1046
MICROSCIENCE,HH-3160,170,28,5H,1314,7,36,0,0,0,,1313,SCSI,40,J,,,331128,162,1047
MICROSCIENCE,HH-325,21,99,5H,615,4,17,0,0,0,,614,MFM,36,J,,,41820,20,1048
MICROSCIENCE,HH-330,31,0,,612,4,26,0,0,0,0,0,RLL,0,,,,63648,31,1049
MICROSCIENCE,HH-4050,45,18,3H,1024,5,17,0,0,0,,1023,MFM,36,J,,,87040,42,1050
MICROSCIENCE,HH-4060,67,18,3H,1024,5,17,0,0,0,,1023,RLL,36,J,,,87040,42,1051
MICROSCIENCE,HH-4070,62,18,3H,1024,7,17,0,0,0,,1023,MFM,36,J,,,121856,60,1052
MICROSCIENCE,HH-4090,93,18,3H,1024,7,17,0,0,0,,1023,RLL,36,J,,,121856,60,1053
MICROSCIENCE,HH-5100,110,18,3H,855,7,36,0,0,0,,854,ESDI,36,J,,,215460,105,1054
MICROSCIENCE,HH-6100,110,18,3H,855,7,36,0,0,0,,854,SCSI,36,J,,,215460,105,1055
MICROSCIENCE,HH-612,10,99,5H,306,4,17,0,0,0,,305,MFM,36,J,,,20808,10,1056
MICROSCIENCE,HH-625,20,0,,612,4,17,0,0,0,0,0,MFM,0,,,,41616,20,1057
MICROSCIENCE,HH-7040,47,18,3H,855,3,36,0,0,0,,854,AT-BUS,36,J,,,92340,45,1058
MICROSCIENCE,HH-7100,110,18,3H,855,7,36,0,0,0,,854,AT-BUS,36,J,,,215460,105,1059
MICROSCIENCE,HH-712,10,99,,612,2,17,0,0,0,0,0,MFM,0,,,,20808,10,1060
MICROSCIENCE,HH-725,21,99,5H,615,4,17,0,0,0,,614,MFM,36,J,,,41820,20,1061
MICROSCIENCE,HH-738,0,99,,612,4,26,0,0,0,0,0,RLL,0,,,,63648,31,1062
MICROSCIENCE,HH-738,31,99,,612,4,26,0,0,0,0,0,RLL,0,,,,63648,31,1063
MICROSCIENCE,HH-825,21,65,5H,615,4,17,0,0,0,,614,MFM,36,J,,,41820,20,1064
MICROSCIENCE,HH-830,32,65,5H,615,4,26,0,0,0,,614,RLL,36,J,,,63960,31,1065
MICROSCIENCE,MS 10E,0,0,,656,2,0,0,0,0,0,0,,0,,,,0,0,1066
MICROSCIENCE,MS 15E,0,0,,522,4,0,0,0,0,0,0,,0,,,,0,0,1067
MICROSCIENCE,MS 20E,0,0,,656,4,0,0,0,0,0,0,,0,,,,0,0,1068
MICROSCIENCE,MS 30E,0,0,,656,6,0,0,0,0,0,0,,0,,,,0,0,1069
MICROSCIENCE,MS 5B,0,0,,336,2,0,0,0,0,0,0,,0,,,,0,0,1070
MINISCRIBE,1006,0,0,,153,2,17,0,0,0,0,0,MFM,0,,,,5202,3,1071
MINISCRIBE,1012,0,0,,153,4,17,0,0,0,0,0,MFM,0,,,,10404,5,1072
MINISCRIBE,2006,0,0,,307,2,17,0,0,0,0,0,MFM,0,,,,10438,5,1073
MINISCRIBE,2006,35,0,,512,8,17,0,0,0,0,0,MFM,0,,,,69632,34,1074
MINISCRIBE,2012,10,0,,306,4,17,0,0,0,128,0,MFM,0,,,,20808,10,1075
MINISCRIBE,3006,5,0,,306,2,17,0,0,0,0,0,MFM,0,,,,10404,5,1076
MINISCRIBE,3012,10,0,,612,2,17,0,0,0,0,0,MFM,0,,,,20808,10,1077
MINISCRIBE,3053,0,25,5.25,1024,5,17,0,0,0,0,0,MFM,0,,,,87040,42,1078
MINISCRIBE,3053,45,25,5H,1024,5,17,0,0,0,0,1023,MFM,30,J,1990-08-23,,87040,42,1079
MINISCRIBE,3085,71,22,5H,1170,7,17,0,0,0,0,1169,MFM,35,J,,,139230,68,1080
MINISCRIBE,3085E,0,17,5.25,1270,3,0,0,0,0,0,0,ESDI,0,,,,0,0,1081
MINISCRIBE,3085S,0,17,5.25,1255,3,0,0,0,0,0,0,SCSI,0,,,,0,0,1082
MINISCRIBE,3130E,112,17,5H,1250,5,0,0,0,0,0,1249,ESDI,0,N,,,0,0,1083
MINISCRIBE,3130S,115,17,5H,1255,5,0,0,0,0,0,1254,SCSI,0,N,,,0,0,1084
MINISCRIBE,3180E,157,17,5H,1254,7,0,0,0,0,0,1249,ESDI,0,N,,,0,0,1085
MINISCRIBE,3180S,160,17,5H,1255,7,0,0,0,0,0,1254,SCSI,0,N,,,0,0,1086
MINISCRIBE,3212,10,85,5.25,615,2,17,0,0,0,128,0,MFM,0,,,,20910,10,1087
MINISCRIBE,3212 PLUS,0,53,5.25,615,2,17,0,0,0,0,0,MFM,0,,,,20910,10,1088
MINISCRIBE,3412,10,0,,306,4,17,0,0,0,0,0,MFM,0,,,,20808,10,1089
MINISCRIBE,3425,21,85,5HH,615,4,17,0,0,0,300,0,MFM,0,,1992-12-10,,41820,20,1090
MINISCRIBE,3425 PLUS,0,0,5.25,612,4,17,0,0,0,0,0,MFM,0,,,,41616,20,1091
MINISCRIBE,3438,31,85,,615,4,26,0,0,0,300,0,RLL,0,,1992-12-10,,63960,31,1092
MINISCRIBE,3438 PLUS,0,53,5.25,613,4,26,0,0,0,0,0,RLL,0,,,,63752,31,1093
MINISCRIBE,3650,42,61,5H,809,6,17,0,0,0,300,849,MFM,0,N,,,82518,40,1094
MINISCRIBE,3675,63,61,5H,809,6,0,0,0,0,0,808,MFM,0,N,,,0,0,1095
MINISCRIBE,4010,0,0,,480,2,17,0,0,0,0,0,MFM,0,,,,16320,8,1096
MINISCRIBE,4020,0,0,,480,4,17,0,0,0,0,0,MFM,0,,,,32640,16,1097
MINISCRIBE,5330,0,0,,480,6,17,0,0,0,0,0,MFM,0,,,,48960,24,1098
MINISCRIBE,5338,0,0,,612,6,17,0,0,0,306,0,MFM,0,,,,62424,30,1099
MINISCRIBE,5440,0,0,,480,8,17,0,0,0,128,0,MFM,0,,,,65280,32,1100
MINISCRIBE,5451,0,0,,612,8,17,0,0,0,306,0,MFM,0,,,,83232,41,1101
MINISCRIBE,6032,27,28,5F,1024,3,17,0,0,0,512,0,MFM,15,+,1992-12-10,,52224,26,1102
MINISCRIBE,6053,44,28,5F,1024,5,17,0,0,0,512,0,MFM,15,+,1992-12-10,,87040,42,1103
MINISCRIBE,6074,62,28,5F,1024,7,17,0,0,0,512,0,MFM,15,+,1992-12-10,,121856,60,1104
MINISCRIBE,6079,66,28,,1024,5,0,0,0,0,0,0,,0,,,,0,0,1105
MINISCRIBE,6085,71,28,5F,1024,8,17,0,0,0,512,1023,MFM,0,N,,,139264,68,1106
MINISCRIBE,6128,108,28,5F,1024,8,26,0,0,0,512,1023,RLL,0,N,,,212992,104,1107
MINISCRIBE,6212,0,0,,615,2,17,0,0,0,0,0,MFM,0,,,,20910,10,1108
MINISCRIBE,7040A,41,19,3.5,1159,2,36,0,0,0,0,0,AT,40,+,1992-12-10,,83448,41,1109
MINISCRIBE,7040S,40,19,3.5,1159,2,36,0,0,0,0,0,SCSI,40,+,1992-12-10,,83448,41,1110
MINISCRIBE,7080A,80,19,3.5,1159,4,36,0,0,0,0,0,AT,40,+,1992-12-10,,166896,81,1111
MINISCRIBE,7080S,80,19,3.5,1156,4,36,0,0,0,0,0,SCSI,40,+,1992-12-10,,166464,81,1112
MINISCRIBE,7426,0,0,,612,4,17,0,0,0,613,0,MFM,0,,,,41616,20,1113
MINISCRIBE,8051,0,0,3.5,981,5,26,0,0,0,0,0,RLL,0,,,,127530,62,1114
MINISCRIBE,8051A,42,28,3H,745,4,28,0,0,0,0,0,AT-BUS,150,+,1992-12-10,,83440,41,1115
MINISCRIBE,8051S,42,28,3H,745,4,0,0,0,0,0,744,SCSI,0,N,,,0,0,1116
MINISCRIBE,8212,0,0,,615,2,17,0,0,0,128,0,MFM,0,,,,20910,10,1117
MINISCRIBE,8225,0,0,3.5,771,2,26,0,0,0,0,0,RLL,0,,,,40092,20,1118
MINISCRIBE,8225A,21,40,3H,0,0,0,0,0,0,0,0,AT-BUS,0,N,,,0,0,1119
MINISCRIBE,8225XT,0,68,3.5,615,4,26,0,0,0,0,0,RLL,0,,,,63960,31,1120
MINISCRIBE,8412,0,0,,306,4,17,0,0,0,0,0,MFM,0,,,,20808,10,1121
MINISCRIBE,8425,21,68,3H,615,4,17,0,0,0,300,614,MFM,20,N,,,41820,20,1122
MINISCRIBE,8425AT,43,40,3H,745,4,0,0,0,0,0,744,AT-BUS,0,N,,,0,0,1123
MINISCRIBE,8425F,21,40,3H,615,4,17,0,0,0,0,614,MFM,20,N,,,41820,20,1124
MINISCRIBE,8425S,21,28,3H,612,4,0,0,0,0,,611,SCSI,0,N,,,0,0,1125
MINISCRIBE,8425XT,0,61,3.5,615,4,17,0,0,0,0,0,MFM,0,,,,41820,20,1126
MINISCRIBE,8434F,0,40,3.5,615,4,26,0,0,0,0,0,RLL,0,,,,63960,31,1127
MINISCRIBE,8438,33,68,3H,615,4,26,0,0,0,,614,RLL,20,N,,,63960,31,1128
MINISCRIBE,8438F,33,40,3H,615,4,26,0,0,0,,614,RLL,20,N,,,63960,31,1129
MINISCRIBE,8438XT,0,61,3.5,615,4,17,0,0,0,0,0,MFM,0,,,,41820,20,1130
MINISCRIBE,8450,41,45,3H,771,4,26,0,0,0,0,770,RLL,30,N,,,80184,39,1131
MINISCRIBE,8450A,42,40,3H,0,0,0,0,0,0,0,0,AT-BUS,0,N,,,0,0,1132
MINISCRIBE,8450AT,0,40,3.5,745,4,28,0,0,0,0,0,ESDI,0,,,,83440,41,1133
MINISCRIBE,8450XT,0,45,3.5,805,4,26,0,0,0,0,0,RLL,0,,,,83720,41,1134
MINISCRIBE,9000E,338,0,5,1224,15,0,0,0,0,0,0,ESDI,0,,,,0,0,1135
MINISCRIBE,9000S,347,0,5,1220,15,0,0,0,0,0,0,SCSI,0,,,,0,0,1136
MINISCRIBE,9230E,197,0,,1224,9,35,0,0,0,0,0,ESDI,0,,1992-12-10,,385560,188,1137
MINISCRIBE,9380E,338,16,5F,1224,15,17,0,0,0,0,1223,ESDI,0,N,,,312120,152,1138
MINISCRIBE,9380S,347,16,5F,1224,15,0,0,0,0,0,1223,SCSI,0,N,,,0,0,1139
MINISCRIBE,9424E,0,17,5.25,1661,8,0,0,0,0,0,0,ESDI,0,,,,0,0,1140
MINISCRIBE,9424S,0,17,5.25,1661,8,0,0,0,0,0,0,SCSI,0,,,,0,0,1141
MINISCRIBE,9760E,640,16,5F,0,0,0,0,0,0,0,0,ESDI,0,+,1992-12-10,,0,0,1142
MINISCRIBE,9780E,676,17,5F,1661,15,0,0,0,0,0,1660,ESDI,0,N,,,0,0,1143
MINISCRIBE,9780S,668,17,5F,1661,15,0,0,0,0,0,1660,SCSI,0,N,,,0,0,1144
MINISCRIBE,MS 1006,0,0,,306,2,0,0,0,0,153,0,,0,,,,0,0,1145
MINISCRIBE,MS 1012,0,0,,306,4,0,0,0,0,0,0,,0,,,,0,0,1146
MINISCRIBE,MS 8051S,20,0,,615,4,17,0,0,0,0,0,MFM,0,,,,41820,20,1147
MINISCRIBE,MS6170E,130,28,5.25,1024,8,34,0,0,0,0,0,ESDI,0,Y,,,278528,136,1148
MINISCRIBE,MS8048,40,30,3.5,0,0,0,0,0,0,0,0,SCSI,0,,,,0,0,1149
MINISCRIBE,MS8450S,40,68,3.5,809,4,0,0,0,0,0,0,SCSI,0,,,,0,0,1150
MITSUBISHI,MR335,44,20,3H,1042,7,17,0,0,0,,742,MFM,30,N,,,88417,43,1151
MITSUBISHI,MR335,45,20,3.5,743,7,17,0,0,0,0,0,MFM,30,,1992-12-10,,88417,43,1152
MITSUBISHI,MR521,10,85,5.25,612,2,17,0,0,0,0,0,MFM,0,,,,20808,10,1153
MITSUBISHI,MR522,21,85,5.25,612,4,17,0,0,0,300,0,MFM,0,,1992-12-10,,41616,20,1154
MITSUBISHI,MR5310E,0,28,5.25,977,5,17,0,0,0,0,0,ESDI,0,,,,83045,41,1155
MITSUBISHI,MR5310E,80,28,5H,977,5,0,0,0,0,0,0,ESDI,30,,1992-12-10,,0,0,1156
MITSUBISHI,MR533,24,28,5H,977,3,17,0,0,0,,976,MFM,20,J,,,49827,24,1157
MITSUBISHI,MR535,42,28,5H,977,5,17,0,0,0,,976,MFM,20,J,,,83045,41,1158
MITSUBISHI,MR535R,65,28,5.25,1028,5,26,0,0,0,0,0,RLL,30,Y,,,127010,62,1159
MITSUBISHI,MR535S,40,28,5H,977,5,0,0,0,0,0,0,SCSI,30,+,1992-12-10,,0,0,1160
MITSUBISHI,MR537S,60,28,5H,977,5,0,0,0,0,0,0,SCSI,30,,1992-12-10,,0,0,1161
MITSUBISHI,MR548,75,20,5H,1225,7,17,0,0,0,0,0,MFM,30,,1992-12-10,,145775,71,1162
MITSUMI,309 AA,90,20,3H,932,5,38,0,0,0,0,0,AT,30,+,1992-12-10,,177080,86,1163
MITSUMI,309 AC,90,20,3H,932,5,38,0,0,0,0,0,SCSI,30,+,1992-12-10,,177080,86,1164
MITSUMI,313 AA,131,20,3H,963,8,39,0,0,0,0,0,AT,30,+,1992-12-10,,300456,147,1165
MITSUMI,313 AC,131,20,3H,963,8,39,0,0,0,0,0,SCSI,30,+,1992-12-10,,300456,147,1166
MITSUMI,354 VA,40,28,3H,615,4,17,0,0,0,0,0,AT,30,+,1992-12-10,,41820,20,1167
MITSUMI,354 VC,40,28,3H,615,4,17,0,0,0,0,0,SCSI,30,+,1992-12-10,,41820,20,1168
MMI,M 106,5,75,3.5,306,2,14,0,0,0,128,0,MFM,0,N,,,0,0,1169
MMI,M 112,10,75,3.5,306,4,17,0,0,0,128,0,MFM,0,,,,20808,10,1170
MMI,M 125,20,75,3.5,306,8,17,0,0,0,128,0,MFM,0,,,,41616,20,1171
MMI,M 206,5,75,,306,2,17,0,0,0,128,0,MFM,0,,,,10404,5,1172
MMI,M 212,10,70,5.25,306,4,17,0,0,0,128,0,MFM,0,,,,20808,10,1173
MMI,M 225,20,75,5.25,306,8,17,0,0,0,128,0,MFM,0,,,,41616,20,1174
MMI,M 306,5,75,3.5,306,2,17,0,0,0,128,0,MFM,0,,,,10404,5,1175
MMI,M 312,10,75,5.25,306,4,17,0,0,0,128,0,MFM,0,,,,20808,10,1176
MMI,M 325,20,75,5.25,306,8,17,0,0,0,128,0,MFM,0,,,,41616,20,1177
NCL AMERICA,9220,200,17,3.5,0,0,0,0,0,0,0,0,,50,Y,,,0,0,1178
NCR,6091-5101,300,27,5.25,0,9,0,0,0,0,0,0,SCSI,0,J,,,0,0,1179
NCR,6091-5301,630,25,5.25,0,15,0,0,0,0,0,0,SCSI,0,Y,,,0,0,1180
NEC,D3126,20,85,3H,615,4,17,0,0,0,256,0,MFM,0,+,1992-12-10,,41820,20,1181
NEC,D3142,0,0,,642,8,0,0,0,0,0,0,,0,,,,0,0,1182
NEC,D3142,42,28,3H,642,8,17,0,0,0,128,641,MFM,12,J,,,87312,43,1183
NEC,D3146H,40,35,3H,615,8,17,0,0,0,128,614,MFM,12,J,,,83640,41,1184
NEC,D3661,118,23,3H,915,7,36,0,0,0,,914,ESDI,0,J,,,230580,113,1185
NEC,D3735,45,25,3H,1074,2,0,0,0,0,0,0,AT,30,+,1992-12-10,,0,0,1186
NEC,D3735,42,23,3.5,733,7,17,0,0,0,0,0,AT,0,,,,87227,43,1187
NEC,D3741,45,23,3H,423,8,0,0,0,0,0,0,AT,30,+,1992-12-10,,0,0,1188
NEC,D3741,42,23,3.5,423,7,26,0,0,0,0,0,AT,0,,,,76986,38,1189
NEC,D3755,105,25,3.5,1251,4,0,0,0,0,0,0,AT,30,+,1992-12-10,,0,0,1190
NEC,D3755,100,23,3.5,625,8,40,0,0,0,0,0,AT,0,,,,200000,98,1191
NEC,D3756,100,18,3.5,625,8,40,0,0,0,0,0,AT,0,,,,200000,98,1192
NEC,D3761,104,20,3.5,733,7,0,0,0,0,0,0,AT,30,+,1992-12-10,,0,0,1193
NEC,D3761,108,16,3.5,915,7,35,0,0,0,0,0,AT,0,,,,224175,109,1194
NEC,D3765,168,14,3.5,743,8,58,0,0,0,0,0,AT,0,,,,344752,168,1195
NEC,D3772,315,14,3.5,0,0,0,0,0,0,0,0,AT,0,,,,0,0,1196
NEC,D3781,425,15,3.5,1464,9,63,0,0,0,0,0,IDE,50,Y,,,830088,405,1197
NEC,D3781,406,14,3.5,825,16,63,0,0,0,0,0,AT,0,,,,831600,406,1198
NEC,D3835,45,25,3.5,1074,2,0,0,0,0,0,0,SCSI,30,+,1992-12-10,,0,0,1199
NEC,D3841,45,23,3.5,440,8,0,0,0,0,0,0,SCSI,30,+,1992-12-10,,0,0,1200
NEC,D3855,105,25,3.5,1251,4,0,0,0,0,0,0,SCSI,30,+,1992-12-10,,0,0,1201
NEC,D3861,114,20,3.5,915,7,35,0,0,0,0,0,SCSI,30,Y,,,224175,109,1202
NEC,D5114,5,85,,306,2,17,0,0,0,0,0,MFM,0,,,,10404,5,1203
NEC,D5124,10,85,5H,310,4,17,0,0,0,,309,MFM,12,N,1990-09-01,,21080,10,1204
NEC,D5126,20,85,5H,615,4,17,0,0,0,,614,MFM,12,N,1990-09-01,,41820,20,1205
NEC,D5126H,21,40,5H,615,4,17,0,0,0,300,614,MFM,20,N,,,41820,20,1206
NEC,D5127H,33,40,5H,615,4,26,0,0,0,,614,RLL,0,N,,,63960,31,1207
NEC,D5128,21,85,5H,615,4,17,0,0,0,,614,MFM,20,N,,,41820,20,1208
NEC,D5146,40,85,5H,615,8,17,0,0,0,128,0,MFM,0,,1992-12-10,,83640,41,1209
NEC,D5146H,43,40,5H,615,8,17,0,0,0,,614,MFM,20,N,,,83640,41,1210
NEC,D5147H,65,40,5H,615,8,26,0,0,0,,614,RLL,20,N,,,127920,62,1211
NEC,D5214,5,85,5F,310,2,17,0,0,0,0,0,MFM,11,,1992-12-10,,10540,5,1212
NEC,D5224,10,85,5F,310,4,17,0,0,0,0,0,MFM,11,,1992-12-10,,21080,10,1213
NEC,D5234,15,85,5F,310,6,17,0,0,0,0,0,MFM,11,,1992-12-10,,31620,15,1214
NEC,D5244,20,85,5F,310,8,17,0,0,0,0,0,MFM,11,,1992-12-10,,42160,21,1215
NEC,D5452,70,23,5F,823,10,17,0,0,0,,822,MFM,20,J,,,139910,68,1216
NEC,D5652,150,23,5F,823,10,36,0,0,0,,822,ESDI,20,J,,,296280,145,1217
NEC,D5655,140,18,5F,1224,8,36,0,0,0,,1223,ESDI,20,N,1992-12-14,,352512,172,1218
NEC,D5662,319,18,5H,1224,15,36,0,0,0,,1223,ESDI,20,N,,,660960,323,1219
NEC,D5682,630,16,5F,1663,15,0,0,0,0,0,0,ESDI,30,+,1992-12-10,,0,0,1220
NEC,D5852,150,23,5F,823,6,0,0,0,0,0,0,SCSI,0,,1992-12-10,,0,0,1221
NEC,D5852   ?,148,23,5F,823,10,35,0,0,0,0,822,SCSI,20,N,1992-12-10,,288050,141,1222
NEC,D5862,350,18,5H,1224,15,0,0,0,0,,1223,SCSI,20,N,,,0,0,1223
NEC,D5862,330,18,5F,1224,15,0,0,0,0,0,0,SCSI,20,+,1992-12-10,,0,0,1224
NEC,D5882,630,16,5F,1630,15,0,0,0,0,0,0,SCSI,20,+,1992-12-10,,0,0,1225
NEC,D5892,1250,14,5F,1635,19,0,0,0,0,0,0,SCSI,50,+,1992-12-10,,0,0,1226
NEI,RD 3127,10,0,,612,2,17,0,0,0,0,0,MFM,0,,,,20808,10,1227
NEI,RD 3255,20,0,,612,4,17,0,0,0,0,0,MFM,0,,,,41616,20,1228
NEI,RD 4127,10,0,,306,4,17,0,0,0,0,0,MFM,0,,,,20808,10,1229
NEI,RD 4255,20,0,,306,8,17,0,0,0,0,0,MFM,0,,,,41616,20,1230
NEWBURY DATA,NDR1065,55,25,5.25,918,7,17,0,0,0,0,0,MFM,0,,,,0,0,1231
NEWBURY DATA,NDR1085,71,25,5.25,1024,8,17,0,0,0,0,0,MFM,0,,,,139264,68,1232
NEWBURY DATA,NDR1105,87,25,5.25,918,11,17,0,0,0,0,0,MFM,0,,,,171666,84,1233
NEWBURY DATA,NDR1140,119,25,5.25,1024,15,17,0,0,0,0,0,MFM,0,,,,261120,128,1234
NEWBURY DATA,NDR2085,74,0,,1224,7,17,0,0,0,0,0,,0,,,,0,0,1235
NEWBURY DATA,NDR2140,117,0,,1224,11,17,0,0,0,0,0,,0,,,,0,0,1236
NEWBURY DATA,NDR2190,152,0,,1224,15,17,0,0,0,0,0,,0,,,,0,0,1237
NEWBURY DATA,NDR2190-,133,0,,1024,15,17,0,0,0,0,0,MFM,0,,,,261120,128,1238
NEWBURY DATA,NDR3170S,146,28,5.25,1224,9,26,0,0,0,0,0,SCSI,0,,,,286416,140,1239
NEWBURY DATA,NDR320,42,0,,615,4,35,0,0,0,0,0,SCSI,0,,,,86100,42,1240
NEWBURY DATA,NDR3280S,244,28,5.25,1224,15,26,0,0,0,0,0,SCSI,0,,,,477360,233,1241
NEWBURY DATA,NDR3380S,319,28,5.25,1224,15,34,0,0,0,0,0,SCSI,0,N,,,0,0,1242
NEWBURY DATA,NDR340,84,0,,615,8,35,0,0,0,0,0,SCSI,0,,,,172200,84,1243
NEWBURY DATA,NDR360,0,0,,615,8,17,0,0,0,0,0,MFM,0,,,,83640,41,1244
NEWBURY DATA,NDR4170,0,0,,1224,7,36,0,0,0,0,0,,0,,,,308448,151,1245
NEWBURY DATA,NDR4175,179,28,5.25,1224,7,36,0,0,0,0,0,ESDI,0,,,,308448,151,1246
NEWBURY DATA,NDR4380,384,28,5.25,1224,15,36,0,0,0,0,0,ESDI,0,,,,660960,323,1247
NEWBURY DATA,NDR4380S,0,0,,1224,15,0,0,0,0,0,0,SCSI,0,,,,0,0,1248
NEWBURY DATA,NDR-3380S,319,28,5.25,1224,15,34,0,0,0,0,0,SCSI,0,,,,624240,305,1249
NEWBURY DATA,ND-1085,71,28,5F,1024,8,17,0,0,0,,1023,MFM,40,J,,,139264,68,1250
NEWBURY DATA,ND-1105,88,0,,918,11,17,0,0,0,0,0,MFM,0,,,,171666,84,1251
NEWBURY DATA,ND-1120R,105,27,5F,1024,8,25,0,0,0,0,1023,RLL,40,J,,,204800,100,1252
NEWBURY DATA,ND-1140,120,27,5F,918,15,17,0,0,0,,917,MFM,40,J,,,234090,114,1253
NEWBURY DATA,ND-1140R,183,17,,918,15,26,0,0,0,0,0,RLL,0,,,,358020,175,1254
NEWBURY DATA,ND-1240R,197,27,5F,1024,15,25,0,0,0,0,1023,RLL,40,J,,,384000,188,1255
NEWBURY DATA,ND-2190,160,29,5F,1224,15,17,0,0,0,,1223,MFM,40,J,,,312120,152,1256
NEWBURY DATA,ND-2190R,244,17,5H,1224,15,26,0,0,0,0,0,RLL,0,,,,477360,233,1257
NEWBURY DATA,ND-3170S,140,17,,0,0,0,0,0,0,0,0,SCSI,0,,,,0,0,1258
NEWBURY DATA,ND-320,21,0,,615,4,17,0,0,0,0,0,MFM,0,,,,41820,20,1259
NEWBURY DATA,ND-3280S,250,17,,0,0,0,0,0,0,0,0,SCSI,0,,,,0,0,1260
NEWBURY DATA,ND-340,43,0,,615,8,17,0,0,0,0,0,MFM,0,,,,83640,41,1261
NEWBURY DATA,ND-4170E,158,14,5F,1224,7,36,0,0,0,0,1223,ESDI,40,J,,,308448,151,1262
NEWBURY DATA,ND-4170S,158,14,5F,1224,7,36,0,0,0,0,1223,SCSI,40,J,,,308448,151,1263
NEWBURY DATA,ND-4175E,140,17,,0,0,0,0,0,0,0,0,ESDI,0,,,,0,0,1264
NEWBURY DATA,ND-4380E,338,16,5F,1224,15,36,0,0,0,0,1223,ESDI,40,J,,,660960,323,1265
NEWBURY DATA,ND-4380S,338,16,5F,1224,15,36,0,0,0,0,1223,SCSI,40,J,,,660960,323,1266
NEWBURY DATA,ND-8380E,361,14,5F,1632,8,54,0,0,0,0,1631,ESDI,30,J,,,705024,344,1267
NEWBURY DATA,ND-8380S,360,14,5F,1632,8,54,0,0,0,0,1631,SCSI,30,J,,,705024,344,1268
NEWBURY DATA,ND-8760E,677,16,5F,1632,15,54,0,0,0,0,1631,ESDI,30,J,,,1321920,645,1269
NEWBURY DATA,ND-8760S,676,16,5F,1632,15,54,0,0,0,0,1631,SCSI,30,J,,,1321920,645,1270
NMI,312,0,0,,306,4,17,0,0,0,128,0,MFM,0,,,,20808,10,1271
NMI,M 106,0,75,3.5,306,2,17,0,0,0,128,0,MFM,0,,,,10404,5,1272
NPL,NP 02-26S,21,0,,640,4,0,0,0,0,0,0,SCSI,0,,,,0,0,1273
NPL,NP 03-13,10,0,,306,4,26,0,0,0,0,0,RLL,0,,,,31824,16,1274
NPL,NP 03-6,5,0,,306,2,17,0,0,0,0,0,MFM,0,,,,10404,5,1275
OKIDATA,OD 526,21,85,,615,4,26,0,0,0,0,0,RLL,0,,,,63960,31,1276
OKIDATA,OD 540,31,85,,615,6,26,0,0,0,0,0,RLL,0,,,,95940,47,1277
OLIVETTI,416,0,0,,819,2,0,0,0,0,0,0,,0,,,,0,0,1278
OLIVETTI,510,0,0,,628,2,0,0,0,0,0,0,,0,,,,0,0,1279
OLIVETTI,516,0,0,,819,2,0,0,0,0,0,0,,0,,,,0,0,1280
OLIVETTI,5210/2,10,85,5.25,612,2,17,0,0,0,0,0,MFM,0,,,,20808,10,1281
OLIVETTI,5220/2,20,65,5.25,612,4,17,0,0,0,0,0,MFM,0,,,,41616,20,1282
OLIVETTI,HD561,5,0,,180,4,17,0,0,0,128,0,MFM,0,,,,12240,6,1283
OLIVETTI,HD662/11,10,0,,612,2,17,0,0,0,0,0,MFM,0,,,,20808,10,1284
OLIVETTI,HD662/12,20,0,,612,4,17,0,0,0,0,0,MFM,0,,,,41616,20,1285
OPTIMA,CONCORDE 1050,1050,15,5.25,0,15,0,0,0,0,0,0,SCSI,50,Y,,,0,0,1286
OPTIMA,CONCORDE 1350,1352,15,5.25,0,15,0,0,0,0,0,0,SCSI,50,Y,,,0,0,1287
OPTIMA,CONCORDE 635,640,16,5.25,0,14,0,0,0,0,0,0,SCSI,150,Y,,,0,0,1288
OPTIMA,DISKOVERY,80,25,3.5,0,0,0,0,0,0,0,0,SCSI MAC,0,Y,,,0,0,1289
OPTIMA,DISKOVERY,200,17,3.5,0,0,0,0,0,0,0,0,SCSI,40,Y,,,0,0,1290
OPTIMA,DISKOVERY 130,136,25,3.5,0,0,0,0,0,0,0,0,SCSI,30,Y,,,0,0,1291
OPTIMA,DISKOVERY 130IS,136,25,3.5,0,0,0,0,0,0,0,0,SCSI MAC,30,Y,,,0,0,1292
OPTIMA,DISKOVERY 200IS,200,17,3.5,0,0,0,0,0,0,0,0,SCSI MAC,40,Y,,,0,0,1293
OPTIMA,DISKOVERY 260IM,260,25,3.5,0,0,0,0,0,0,0,0,SCSI MAC,0,,,,0,0,1294
OPTIMA,DISKOVERY 310IS,310,13,3.5,0,0,0,0,0,0,0,0,SCSI MAC,0,Y,,,0,0,1295
OPTIMA,DISKOVERY 325,321,14,3.5,0,0,0,0,0,0,0,0,SCSI,100,Y,,,0,0,1296
OPTIMA,DISKOVERY 325I,321,14,3.5,0,0,0,0,0,0,0,0,SCSI MAC,100,Y,,,0,0,1297
OPTIMA,DISKOVERY 40,45,25,3.5,0,0,0,0,0,0,0,0,SCSI,30,Y,,,0,0,1298
OPTIMA,DISKOVERY 400IM,400,17,3.5,0,0,0,0,0,0,0,0,SCSI MAC,0,Y,,,0,0,1299
OPTIMA,DISKOVERY 40IS,45,25,3.5,0,0,0,0,0,0,0,0,SCSI MAC,30,Y,,,0,0,1300
OPTIMA,DISKOVERY 420,416,16,3.5,0,8,0,0,0,0,0,0,SCSI,100,Y,,,0,0,1301
OPTIMA,DISKOVERY 420 I,416,16,3.5,0,8,0,0,0,0,0,0,SCSI MAC,100,Y,,,0,0,1302
OPTIMA,DISKOVERY 45R,45,25,3.5,0,0,0,0,0,0,0,0,SCSI,0,Y,,,0,0,1303
OPTIMA,DISKOVERY 620IM,620,13,3.5,0,0,0,0,0,0,0,0,SCSI MAC,0,Y,,,0,0,1304
OPTIMA,DISKOVERY 80IM,80,25,3.5,0,0,0,0,0,0,0,0,SCSI,0,,,,0,0,1305
OPTIMA,MINIPAK 130,136,25,3.5,0,4,0,0,0,0,0,0,SCSI,30,Y,,,0,0,1306
OPTIMA,MINIPAK 130 ( ),136,25,3.5,0,0,0,0,0,0,0,0,SCSI MAC,30,Y,,,0,0,1307
OPTIMA,MINIPAK 200,209,17,3.5,0,8,0,0,0,0,0,0,SCSI,40,Y,,,0,0,1308
OPTIMA,MINIPAK 200I( ),209,17,3.5,0,0,0,0,0,0,0,0,SCSI MAC,40,Y,,,0,0,1309
OPTIMA,MINIPAK 310,306,13,3.5,0,0,0,0,0,0,0,0,SCSI,150,Y,,,0,0,1310
OPTIMA,MINIPAK 310I( ),306,13,3.5,0,0,0,0,0,0,0,0,SCSI MAC,150,Y,,,0,0,1311
OPTIMA,MINIPAK 40,45,25,3.5,0,0,0,0,0,0,0,0,SCSI,30,Y,,,0,0,1312
OPTIMA,MINIPAK 40I( ),45,25,3.5,0,0,0,0,0,0,0,0,SCSI MAC,30,Y,,,0,0,1313
ORCA TECH,320A,320,12,3.5,0,9,0,0,0,0,0,0,IDE,100,Y,,,0,0,1314
ORCA TECH,320S,320,12,3.5,0,9,0,0,0,0,0,0,SCSI,100,,,,0,0,1315
ORCA TECH,400A,420,12,3.5,0,9,0,0,0,0,0,0,IDE,100,,,,0,0,1316
ORCA TECH,400S,420,12,3.5,0,9,0,0,0,0,0,0,SCSI,100,,,,0,0,1317
ORCA TECH,760E,700,14,5.25,0,15,0,0,0,0,0,0,ESDI,50,Y,,,0,0,1318
ORCA TECH,760S,700,14,5.25,0,15,0,0,0,0,0,0,SCSI,50,Y,,,0,0,1319
OTARI,514,10,0,,306,4,17,0,0,0,128,0,MFM,0,,,,20808,10,1320
OTARI,C 214,10,0,,306,4,17,0,0,0,128,0,MFM,0,,,,20808,10,1321
OTARI,C 519,15,0,,306,6,17,0,0,0,128,0,MFM,0,,,,31212,15,1322
OTARI,C 526,21,0,,306,8,17,0,0,0,128,0,MFM,0,,,,41616,20,1323
PACIFIC MAGTRON,MT-4115E,115,16,5.25,1600,4,35,0,0,0,0,0,ESDI,100,Y,,,224000,109,1324
PACIFIC MAGTRON,MT-4115S,115,16,5.25,1600,4,35,0,0,0,0,0,SCSI,100,Y,,,224000,109,1325
PACIFIC MAGTRON,MT-4140E,1401,65,5.25,1600,5,35,0,0,0,0,0,ESDI,100,Y,,,280000,137,1326
PACIFIC MAGTRON,MT-4140S,140,16,5.25,1600,5,35,0,0,0,0,0,SCSI,100,Y,,,280000,137,1327
PACIFIC MAGTRON,MT-4170E,170,16,5.25,1600,6,35,0,0,0,0,0,ESDI,100,J,,,0,0,1328
PACIFIC MAGTRON,MT-4170S,170,16,5.25,1600,6,35,0,0,0,0,0,SCSI,100,J,,,0,0,1329
PACIFIC MAGTRON,MT-5760E,676,14,5.25,1632,15,54,0,0,0,0,0,ESDI,100,Y,,,1321920,645,1330
PACIFIC MAGTRON,MT-5760S,673,14,5.25,1632,15,54,0,0,0,0,0,SCSI,100,Y,,,1321920,645,1331
PANASONIC,JU-116,20,85,3.5,615,4,17,0,0,0,0,0,MFM,0,,,,41820,20,1332
PANASONIC,JU-128,42,35,3.5,733,7,17,0,0,0,0,0,MFM,0,,,,87227,43,1333
PANASONIC,RD-210AA,210,16,3.5,0,0,0,0,0,0,0,0,,0,,,,0,0,1334
PERIPHERAL,PL-100 TURBO,105,19,3.5,0,4,0,0,0,0,0,0,SCSI,60,,,,0,0,1335
PERIPHERAL,PL-200 TURBO,210,19,3.5,0,7,0,0,0,0,0,0,SCSI,50,,,,0,0,1336
PERIPHERAL,PL-320 TURBO,320,12,3.5,0,14,0,0,0,0,0,0,SCSI,100,,,,0,0,1337
PLUS,IMPULSE 105AT/L,105,17,3.5,1219,4,0,755,16,17,0,0,IDE,60,Y,,,0,0,1338
PLUS,IMPULSE 105S,105,19,3.5,1019,6,0,0,0,0,0,0,SCSI,50,Y,,,0,0,1339
PLUS,IMPULSE 105S/LP,105,17,3.5,1219,4,0,0,0,0,0,0,SCSI,60,Y,,,0,0,1340
PLUS,IMPULSE 120AT,120,15,3.5,1123,5,0,814,9,17,0,0,IDE,50,Y,,,0,0,1341
PLUS,IMPULSE 120S,120,15,3.5,1123,5,0,0,0,0,0,0,SCSI,50,Y,,,0,0,1342
PLUS,IMPULSE 170AT,168,15,3.5,1123,4,0,968,10,17,0,0,IDE,50,Y,,,0,0,1343
PLUS,IMPULSE 170S,168,15,3.5,1123,7,0,0,0,0,0,0,SCSI,50,Y,,,0,0,1344
PLUS,IMPULSE 210AT,209,15,3.5,1156,7,0,873,13,17,0,0,IDE,50,Y,,,0,0,1345
PLUS,IMPULSE 210S,209,15,3.5,1156,7,0,0,0,0,0,0,SCSI,50,Y,,,0,0,1346
PLUS,IMPULSE 330AT,331,14,3.5,0,0,0,0,0,0,0,0,IDE,75,Y,,,0,0,1347
PLUS,IMPULSE 330S,331,14,3.5,0,0,0,0,0,0,0,0,SCSI,75,Y,,,0,0,1348
PLUS,IMPULSE 40AT,41,19,3.5,834,3,0,0,0,0,0,0,IDE,50,Y,,,0,0,1349
PLUS,IMPULSE 40S,41,19,3.5,834,3,0,0,0,0,0,0,SCSI,50,Y,,,0,0,1350
PLUS,IMPULSE 425AT,425,14,3.5,0,0,0,0,0,0,0,0,IDE,75,Y,,,0,0,1351
PLUS,IMPULSE 425S,425,14,3.5,0,0,0,0,0,0,0,0,SCSI,75,Y,,,0,0,1352
PLUS,IMPULSE 52AT/LP,52,17,3.5,1219,2,0,751,8,17,0,0,IDE,60,Y,,,0,0,1353
PLUS,IMPULSE 52S/LP,52,17,3.5,1219,2,0,0,0,0,0,0,SCSI,60,Y,,,0,0,1354
PLUS,IMPULSE 80AT,83,19,3.5,834,6,0,0,0,0,0,0,IDE,50,Y,,,0,0,1355
PLUS,IMPULSE 80AT/LP,85,17,3.5,616,16,17,616,16,17,0,0,IDE,60,Y,,,167552,82,1356
PLUS,IMPULSE 80S,83,19,3.5,918,6,0,0,0,0,0,0,SCSI,50,Y,,,0,0,1357
PLUS,IMPULSE 80S/LP,85,17,3.5,0,4,0,0,0,0,0,0,SCSI,60,Y,,,0,0,1358
PRAIRIE TEK,120,21,23,2.5,615,2,34,0,0,0,0,0,AT,0,,,,41820,20,1359
PRAIRIE TEK,220,21,28,2.5,615,2,0,0,0,0,0,0,AT,20,+,,,0,0,1360
PRAIRIE TEK,240,43,28,2.5,615,4,34,0,0,0,0,0,AT,20,+,,,83640,41,1361
PRAIRIE TEK,PRAIRIE 140,40,0,2.5,0,2,0,0,0,0,0,0,IDE,0,Y,,,0,0,1362
PRAIRIE TEK,PRAIRIE 220A,20,28,2.5,612,4,0,0,0,0,0,0,IDE,20,Y,,,0,0,1363
PRAIRIE TEK,PRAIRIE 220S,20,28,2.5,612,4,0,0,0,0,0,0,SCSI,20,Y,,,0,0,1364
PRAIRIE TEK,PRAIRIE 240,42,28,2.5,615,4,34,0,0,0,0,0,IDE,20,Y,,,83640,41,1365
PRAIRIE TEK,PRAIRIE 242A,42,23,2.5,615,4,34,0,0,0,0,0,IDE,100,Y,,,83640,41,1366
PRAIRIE TEK,PRAIRIE 242S,42,23,2.5,615,4,34,0,0,0,0,0,SCSI,100,Y,,,83640,41,1367
PRAIRIE TEK,PRAIRIE 282A,81,0,2.5,0,0,0,0,0,0,0,0,IDE,0,Y,,,0,0,1368
PRAIRIE TEK,PRAIRIE 282S,81,0,2.5,0,4,0,0,0,0,0,0,SCSI,0,Y,,,0,0,1369
PRIAM,502,46,22,5.25,755,7,17,0,0,0,0,0,MFM,0,,,,89845,44,1370
PRIAM,504,46,22,5.25,755,7,17,0,0,0,0,0,MFM,0,,,,89845,44,1371
PRIAM,514,117,22,5F,1224,11,17,0,0,0,,1223,MFM,20,J,,,228888,112,1372
PRIAM,519,159,22,5F,1224,15,17,0,0,0,,1223,MFM,20,J,,,312120,152,1373
PRIAM,519-,243,22,5F,1224,15,26,0,0,0,,1223,RLL,20,j,,,477360,233,1374
PRIAM,617,158,20,5F,1225,7,36,0,0,0,,1224,ESDI,20,J,,,308700,151,1375
PRIAM,623,0,0,,752,15,0,0,0,0,0,0,,0,,,,0,0,1376
PRIAM,628,248,20,5F,1225,11,36,0,0,0,,1224,ESDI,20,J,,,485100,237,1377
PRIAM,630,0,0,,1224,15,0,0,0,0,0,0,,0,,,,0,0,1378
PRIAM,638,339,20,5F,1225,15,36,0,0,0,,1224,ESDI,20,J,,,661500,323,1379
PRIAM,717,156,20,5F,1225,7,36,0,0,0,,1224,SCSI,20,J,,,308700,151,1380
PRIAM,717,0,20,5.25,1225,7,0,0,0,0,0,0,SCSI,0,,,,0,0,1381
PRIAM,728,246,20,5F,1225,11,36,0,0,0,,1224,SCSI,20,J,,,485100,237,1382
PRIAM,728,0,20,5.25,1225,11,0,0,0,0,0,0,SCSI,0,,,,0,0,1383
PRIAM,738,336,20,5F,1225,15,36,0,0,0,,1224,SCSI,20,J,,,661500,323,1384
PRIAM,738,0,20,5.25,1225,15,0,0,0,0,0,0,SCSI,0,,,,0,0,1385
PRIAM,ID100-PC-R1,103,16,,0,0,0,0,0,0,0,0,,0,N,,,0,0,1386
PRIAM,ID100-R,103,16,,0,0,0,0,0,0,0,0,,0,N,,,0,0,1387
PRIAM,ID100-RC,103,16,,0,0,0,0,0,0,0,0,,0,N,,,0,0,1388
PRIAM,ID100-RF,103,16,,0,0,0,0,0,0,0,0,,0,N,,,0,0,1389
PRIAM,ID120,121,28,5.25,1017,7,34,0,0,0,0,0,ESDI,0,Y,,,242046,118,1390
PRIAM,ID130PS,132,0,,0,0,0,0,0,0,0,0,PS/2,0,,,,0,0,1391
PRIAM,ID130-AT-D2,133,13,,1224,15,17,0,0,0,0,1223,MFM,0,N,,,312120,152,1392
PRIAM,ID150E,159,28,5.25,1268,7,34,0,0,0,0,0,ESDI,0,,,,301784,147,1393
PRIAM,ID160E,156,18,5.25,1218,7,36,0,0,0,0,0,ESDI,0,,,,306936,150,1394
PRIAM,ID160EC,160,28,,0,0,0,0,0,0,0,0,ESDI,0,,,,0,0,1395
PRIAM,ID160E-PS/2,152,18,5.25,1195,7,36,0,0,0,0,0,PS2,0,,,,301140,147,1396
PRIAM,ID160S,158,18,5.25,1218,7,36,0,0,0,0,0,SCSI,0,,,,306936,150,1397
PRIAM,ID200L-I,200,15,5.25,0,0,0,0,0,0,0,0,IDE,0,,,,0,0,1398
PRIAM,ID200L-IC,200,15,5.25,0,0,0,0,0,0,0,0,IDE,0,,,,0,0,1399
PRIAM,ID200L-IF,200,15,5.25,0,0,0,0,0,0,0,0,IDE,0,,,,0,0,1400
PRIAM,ID230-R,233,12,5F,0,0,26,0,0,0,0,0,,0,N,,,0,0,1401
PRIAM,ID230-RC,233,12,,0,0,26,0,0,0,0,0,,0,N,,,0,0,1402
PRIAM,ID230-RF,233,12,,0,0,0,0,0,0,0,0,,0,N,,,0,0,1403
PRIAM,ID250E,246,18,5.25,1218,11,36,0,0,0,0,0,ESDI,0,,,,482328,236,1404
PRIAM,ID250E-PS/2,241,18,5.25,1195,11,36,0,0,0,0,0,PS2,0,,,,473220,231,1405
PRIAM,ID250S,248,18,5.25,1218,11,36,0,0,0,0,0,SCSI,0,,,,482328,236,1406
PRIAM,ID330E,336,18,5.25,1218,15,36,0,0,0,0,0,ESDI,0,,,,657720,321,1407
PRIAM,ID330EC,330,20,,0,0,0,0,0,0,0,0,ESDI,0,,,,0,0,1408
PRIAM,ID330E-PS/2,330,18,5.25,1195,15,36,0,0,0,0,0,PS2,0,,,,645300,315,1409
PRIAM,ID330PS,330,20,,0,0,0,0,0,0,0,0,PS/2,0,,,,0,0,1410
PRIAM,ID330S,338,18,5.25,1218,15,36,0,0,0,0,0,SCSI,0,,,,657720,321,1411
PRIAM,ID340H-U,340,14,5.25,0,7,0,0,0,0,0,0,ESDI,150,Y,,,0,0,1412
PRIAM,ID40AT,40,23,5.25,1018,5,17,0,0,0,0,0,MFM,0,Y,,,86530,42,1413
PRIAM,ID40-PC-W1,42,23,,987,5,17,0,0,0,,986,MFM,0,N,,,83895,41,1414
PRIAM,ID40-PC-X2,42,23,,0,0,17,0,0,0,0,0,MFM,0,N,,,0,0,1415
PRIAM,ID45,44,23,5.25,1018,5,17,0,0,0,0,0,MFM,0,Y,,,86530,42,1416
PRIAM,ID45H,44,25,5.25,1018,5,17,0,0,0,0,0,MFM,0,Y,,,86530,42,1417
PRIAM,ID45-AT-D2,44,23,,0,0,17,0,0,0,0,0,MFM,0,N,,,0,0,1418
PRIAM,ID60AT,59,23,5.25,1018,7,17,0,0,0,0,0,MFM,0,Y,,,121142,59,1419
PRIAM,ID60-DP-D1,59,23,,987,7,17,0,0,0,,986,MFM,0,N,,,117453,57,1420
PRIAM,ID60-PC-W1,59,23,,0,0,17,0,0,0,0,0,MFM,0,N,,,0,0,1421
PRIAM,ID60-PC-X2,59,23,,0,0,17,0,0,0,0,0,MFM,0,N,,,0,0,1422
PRIAM,ID62AT/D2,62,23,5.25,1018,7,17,0,0,0,0,0,MFM,0,Y,,,121142,59,1423
PRIAM,ID62-AT-D2,62,23,,0,0,17,0,0,0,0,0,MFM,0,N,,,0,0,1424
PRIAM,ID660-U,660,16,5.25,0,15,0,0,0,0,0,0,ESDI,150,Y,,,0,0,1425
PRIAM,ID700E,701,0,5.25,0,0,0,0,0,0,0,0,ESDI,0,,,,0,0,1426
PRIAM,ID700S,668,0,5.25,0,0,0,0,0,0,0,0,SCSI,0,,,,0,0,1427
PRIAM,ID75-R,74,18,,0,0,0,0,0,0,0,0,,0,N,,,0,0,1428
PRIAM,ID75-RC,74,18,5.25,1166,7,26,0,0,0,0,0,,0,N,,,0,0,1429
PRIAM,ID75-RF,74,18,,0,0,0,0,0,0,0,0,,0,N,,,0,0,1430
PRIAM,S 14,117,0,,1224,11,17,0,0,0,0,0,MFM,0,,,,228888,112,1431
PRIAM,S 15,159,0,,1224,15,17,0,0,0,0,0,,0,,,,0,0,1432
PRIAM,S 19,0,0,,1224,15,17,0,0,0,0,0,MFM,0,,,,312120,152,1433
PRIAM,V130,26,0,,987,3,17,0,0,0,0,0,MFM,0,,,,50337,25,1434
PRIAM,V130R,39,0,5.25,987,3,26,0,0,0,0,0,RLL,0,N,,,0,0,1435
PRIAM,V150,43,30,,987,5,17,0,0,0,0,0,MFM,0,,,,83895,41,1436
PRIAM,V160,50,28,5F,1166,5,17,0,0,0,,1165,MFM,40,J,,,99110,48,1437
PRIAM,V170,60,30,5.25,987,7,17,0,0,0,0,0,MFM,0,,,,117453,57,1438
PRIAM,V170R,91,0,5.25,987,7,26,0,0,0,0,0,RLL,0,,,,179634,88,1439
PRIAM,V185,71,28,5F,1166,7,17,0,0,0,,1165,MFM,40,J,,,138754,68,1440
PRIAM,V185-,60,0,,1024,7,17,0,0,0,0,0,,0,,,,121856,60,1441
PRIAM,V185-,108,28,5F,1166,7,26,0,0,0,,1165,RLL,40,J,,,212212,104,1442
PRIAM,V519-,128,0,,1024,15,0,0,0,0,0,0,,0,,,,0,0,1443
PROCOM TECH,HIPER 380,388,17,5.25,0,8,0,0,0,0,0,0,ESDI,100,,,,0,0,1444
PROCOM TECH,HIPER / II 155,157,17,5.25,969,9,36,0,0,0,0,0,ESDI,0,,,,313956,153,1445
PROCOM TECH,PIRA 120,120,19,3.5,1001,15,17,0,0,0,0,0,AT,0,,,,255255,125,1446
PROCOM TECH,PIRA 120,124,18,3.5,1024,14,17,0,0,0,0,0,AT,0,,,,243712,119,1447
PROCOM TECH,PIRA 40,40,28,3.5,980,5,17,0,0,0,0,0,AT,0,,,,83300,41,1448
PROCOM TECH,PIRA 50-120,120,19,3.5,1001,15,17,0,0,0,0,0,AT,0,,,,255255,125,1449
PROCOM TECH,PIRA 50-200,240,15,3.5,954,14,36,0,0,0,0,0,AT,0,,,,480816,235,1450
PROCOM TECH,PIRA 55-120,120,15,3.5,1001,15,17,0,0,0,0,0,AT,0,,,,255255,125,1451
PROCOM TECH,PROPAQ 185-15,189,0,3.5,0,5,0,0,0,0,0,0,IDE,70,,,,0,0,1452
PROCOM TECH,SI 1000/S5,1037,15,5.25,0,8,0,0,0,0,0,0,SCSI,40,,,,0,0,1453
PROCOM TECH,SI 200/PS3,209,18,3.5,0,4,0,0,0,0,0,0,SCSI,70,,,,0,0,1454
PROCOM TECH,SI 585/S5,601,17,5.25,0,8,0,0,0,0,0,0,SCSI,100,,,,0,0,1455
PTI,PT225,21,35,3.5,615,4,17,0,0,0,410,0,MFM,0,,,,41820,20,1456
PTI,PT225,21,35,3H,615,4,17,0,0,0,,614,MFM,25,J,,,41820,20,1457
PTI,PT234,29,35,3.5,820,4,17,0,0,0,544,0,MFM,0,,,,55760,27,1458
PTI,PT238A,33,35,3H,615,4,26,0,0,0,,614,AT-BUS,25,J,,,63960,31,1459
PTI,PT238R,33,35,3H,615,4,26,0,0,0,,614,RLL,25,J,,,63960,31,1460
PTI,PT238R,33,0,,615,4,26,0,0,0,410,0,RLL,0,,,,63960,31,1461
PTI,PT238S,31,35,3H,615,4,17,0,0,0,,614,SCSI,25,J,,,41820,20,1462
PTI,PT251A,43,35,3.5,820,4,26,0,0,0,0,0,AT,0,,,,85280,42,1463
PTI,PT251R,44,0,,820,4,26,0,0,0,544,0,RLL,0,,,,85280,42,1464
PTI,PT251S,43,35,3.5,820,4,0,0,0,0,0,0,SCSI,0,,,,0,0,1465
PTI,PT338,32,35,3H,615,6,17,0,0,0,,614,MFM,25,J,,,62730,31,1466
PTI,PT338,32,0,,615,6,17,0,0,0,410,0,MFM,0,,,,62730,31,1467
PTI,PT338R,0,0,,615,6,26,0,0,0,0,0,RLL,0,,,,95940,47,1468
PTI,PT351,43,35,3H,820,6,17,0,0,0,,819,MFM,25,J,,,83640,41,1469
PTI,PT351R,60,30,3.5,820,6,26,0,0,0,544,0,MFM,0,,,,83640,41,1470
PTI,PT357A,49,35,3H,615,6,26,0,0,0,,614,AT-BUS,25,J,,,95940,47,1471
PTI,PT357R,49,35,3H,615,6,26,0,0,0,,614,RLL,25,J,,,95940,47,1472
PTI,PT357R,49,0,,615,6,26,0,0,0,410,0,RLL,0,,,,95940,47,1473
PTI,PT357S,47,35,3H,615,6,26,0,0,0,,614,SCSI,25,J,,,95940,47,1474
PTI,PT376A,66,35,3H,820,6,26,0,0,0,,819,AT-BUS,25,J,,,127920,62,1475
PTI,PT376R,65,0,,820,6,26,0,0,0,544,0,RLL,0,,,,127920,62,1476
PTI,PT376R,67,35,3H,820,6,26,0,0,0,,819,RLL,25,J,,,127920,62,1477
PTI,PT376S,63,35,3H,820,6,26,0,0,0,,819,SCSI,25,J,,,127920,62,1478
PTI,PT4102R,87,35,3.5,820,8,26,0,0,0,544,0,RLL,0,,,,170560,83,1479
PTI,PT468,57,0,,820,8,17,0,0,0,544,0,MFM,0,,,,111520,54,1480
PTI,PT-351R,60,30,3.5,0,0,0,0,0,0,0,0,RLL,0,,,,0,0,1481
PTI,PT-4102R,87,35,3.5,820,8,26,0,0,0,0,0,RLL,0,,,,170560,83,1482
QUANTUM,100,103,0,,0,0,0,0,0,0,0,0,ESDI,0,,,,0,0,1483
QUANTUM,105 S,105,19,3H,1019,6,35,0,0,0,,1018,SCSI,50,J,,,213990,104,1484
QUANTUM,120 AT,120,15,3H,814,9,32,0,0,0,,813,AT-BUS,50,J,,,234432,114,1485
QUANTUM,120 S,120,15,3H,1123,5,48,0,0,0,,1122,SCSI,50,J,,,269520,132,1486
QUANTUM,145,145,0,,0,0,0,0,0,0,0,0,ESDI,0,,,,0,0,1487
QUANTUM,160T,169,17,2.5,966,10,34,0,0,0,0,0,AT,0,,,,328440,160,1488
QUANTUM,170 AT,169,15,3.5,968,10,34,0,0,0,0,0,AT,0,,,,329120,161,1489
QUANTUM,170 AT,168,15,3H,968,10,34,0,0,0,,967,AT-BUS,50,J,,,329120,161,1490
QUANTUM,170 S,168,15,3H,1123,7,48,0,0,0,,1122,SCSI,50,J,,,377328,184,1491
QUANTUM,170 S,169,15,3.5,1123,7,0,0,0,0,0,0,SCSI,0,,,,0,0,1492
QUANTUM,40 AT,42,19,3H,965,5,17,0,0,0,,964,AT-BUS,50,J,,,82025,40,1493
QUANTUM,40 S,42,19,3H,834,3,35,0,0,0,,833,SCSI,50,J,,,87570,43,1494
QUANTUM,425iAT,426,13,3.5,1021,16,51,0,0,0,0,0,AT,0,,,,833136,407,1495
QUANTUM,80 AT,86,17,3.5,616,16,17,0,0,0,0,0,AT,0,,,,167552,82,1496
QUANTUM,80 AT,84,19,3H,965,10,17,0,0,0,,964,AT-BUS,50,J,,,164050,80,1497
QUANTUM,80 S,84,19,3H,834,6,35,0,0,0,,833,SCSI,50,J,,,175140,86,1498
QUANTUM,80AT,84,17,2.5,966,5,34,0,0,0,0,0,AT,0,,,,164220,80,1499
QUANTUM,ELS 42AT,42,19,3.5,977,5,17,0,0,0,0,0,AT,0,,,,83045,41,1500
QUANTUM,ELS127AT,127,17,3.5,919,16,17,0,0,0,0,0,AT,0,,,,249968,122,1501
QUANTUM,ELS170AT,170,17,3.5,1011,15,22,0,0,0,0,0,AT,0,,,,333630,163,1502
QUANTUM,ELS85AT,85,17,3.5,977,10,17,0,0,0,0,0,AT,0,,,,166090,81,1503
QUANTUM,LPS105AT,105,17,3.5,755,16,0,0,0,0,0,0,AT,60,,,,0,0,1504
QUANTUM,LPS105S,105,17,3.5,1219,4,0,0,0,0,0,0,SCSI,60,,,,0,0,1505
QUANTUM,LPS120AT,122,16,3.5,905,5,53,0,0,0,0,0,AT,0,,,,239825,117,1506
QUANTUM,LPS240AT,245,16,3.5,723,13,51,0,0,0,0,0,AT,0,,,,479349,234,1507
QUANTUM,LPS525AT,525,10,3.5,1017,16,63,0,0,0,0,0,AT,0,,,,1025136,501,1508
QUANTUM,LPS52AT,52,17,3.5,751,8,0,0,0,0,0,0,AT,60,,,,0,0,1509
QUANTUM,LPS52S,52,17,3.5,1219,2,0,0,0,0,0,0,SCSI,60,,,,0,0,1510
QUANTUM,P210AT,210,15,3.5,873,13,0,0,0,0,0,0,AT,0,,,,0,0,1511
QUANTUM,P210S,210,15,3.5,1156,7,0,0,0,0,0,0,SCSI2,0,,,,0,0,1512
QUANTUM,PRODRV-100E,103,19,3.5,0,0,0,0,0,0,0,0,ESDI,0,,,,0,0,1513
QUANTUM,PRODRV-330AT,336,14,3.5,0,0,0,0,0,0,0,0,IDE,150,Y,,,0,0,1514
QUANTUM,PRODRV-330S,336,14,3.5,0,0,0,0,0,0,0,0,SCSI,150,Y,,,0,0,1515
QUANTUM,PRODRV-425AT,425,14,3.5,0,0,0,0,0,0,0,0,IDE,0,Y,,,0,0,1516
QUANTUM,PRODRV-425S,425,14,3.5,0,0,0,0,0,0,0,0,SCSI,0,Y,,,0,0,1517
QUANTUM,Q160,200,26,5.25,0,12,0,0,0,0,0,0,SCSI,0,,,,0,0,1518
QUANTUM,Q2040,32,0,8,0,0,0,0,0,0,0,0,,0,,,,0,0,1519
QUANTUM,Q2080,70,0,8,0,0,0,0,0,0,0,0,,0,,,,0,0,1520
QUANTUM,Q250,53,26,5.25,823,4,0,0,0,0,0,0,SCSI,0,,,,0,0,1521
QUANTUM,Q280,0,26,5.25,823,6,0,0,0,0,0,0,SCSI,0,,,,0,0,1522
QUANTUM,Q510,0,17,,512,2,17,0,0,0,256,0,MFM,0,,,,17408,8,1523
QUANTUM,Q520,18,0,,512,4,17,0,0,0,256,0,MFM,0,,,,34816,17,1524
QUANTUM,Q530,27,0,,512,6,17,0,0,0,256,0,MFM,0,,,,52224,26,1525
QUANTUM,Q540,36,0,,512,8,17,0,0,0,256,0,MFM,0,,,,69632,34,1526
QUME,R 200,0,0,,0,0,0,0,0,0,0,0,,0,,,,0,0,1527
QUME,R 300,0,0,,0,0,0,0,0,0,0,0,,0,,,,0,0,1528
RICOH,RH-5130,10,85,,612,2,17,0,0,0,400,0,MFM,0,,,,20808,10,1529
RICOH,RH-5260,10,85,,615,2,17,0,0,0,0,0,MFM,0,,,,20910,10,1530
RICOH,RH-5261,10,85,,615,2,0,0,0,0,0,0,SCSI,0,,,,0,0,1531
RICOH,RH-5500,50,25,5.25,1285,2,76,0,0,0,0,0,SCSI,20,N,,,0,0,1532
RICOH,RS-9150AR,48,25,5.25,1285,2,76,0,0,0,0,0,SCSI,20,J,,,0,0,1533
RMS,RMS 503,0,0,,153,2,17,0,0,0,77,0,MFM,0,,,,5202,3,1534
RMS,RMS 506,5,0,,153,4,17,0,0,0,77,0,MFM,0,,,,10404,5,1535
RMS,RMS 512,10,0,,153,8,17,0,0,0,77,0,MFM,0,,,,20808,10,1536
RODIME,20 PLUS,20,70,,0,0,33,0,0,0,0,0,SCSI MAC,30,,,,0,0,1537
RODIME,45 PLUS,40,45,,0,0,34,0,0,0,0,0,SCSI MAC,30,,,,0,0,1538
RODIME,COBRA 1000E,1000,15,,0,0,0,0,0,0,0,0,SCSI MAC,100,Y,,,0,0,1539
RODIME,COBRA 100E,100,18,3.5,868,7,0,0,0,0,0,0,SCSI MAC,30,Y,,,0,0,1540
RODIME,COBRA 100I,100,18,3.5,868,7,0,0,0,0,0,0,SCSI MAC,30,Y,,,0,0,1541
RODIME,COBRA 110AT,110,20,3.5,0,0,0,0,0,0,0,0,IDE,40,Y,,,0,0,1542
RODIME,COBRA 110E,105,18,3.5,0,4,0,0,0,0,0,0,SCSI,30,,,,0,0,1543
RODIME,COBRA 210AT,210,20,3.5,1216,9,0,0,0,0,0,0,IDE,40,Y,,,0,0,1544
RODIME,COBRA 210E,210,18,3.5,1216,9,0,0,0,0,0,0,SCSI MAC,30,Y,,,0,0,1545
RODIME,COBRA 210I,210,18,3.5,1216,9,0,0,0,0,0,0,SCSI MAC,30,Y,,,0,0,1546
RODIME,COBRA 330E,330,15,,0,0,0,0,0,0,0,0,SCSI MAC,50,Y,,,0,0,1547
RODIME,COBRA 40AT,42,20,3.5,1170,2,36,0,0,0,0,0,IDE,40,Y,,,84240,41,1548
RODIME,COBRA 45E,40,19,3.5,868,3,0,0,0,0,0,0,SCSI MAC,30,Y,,,0,0,1549
RODIME,COBRA 45I,40,19,3.5,868,3,0,0,0,0,0,0,SCSI MAC,30,Y,,,0,0,1550
RODIME,COBRA 650E,650,17,,0,0,0,0,0,0,0,0,SCSI MAC,50,Y,,,0,0,1551
RODIME,COBRA 650E,650,17,5.25,0,15,0,0,0,0,0,0,SCSI,50,,,,0,0,1552
RODIME,COBRA 70E,70,18,3.5,868,5,0,0,0,0,0,0,SCSI MAC,30,Y,,,0,0,1553
RODIME,COBRA 70I,70,18,3.5,868,5,0,0,0,0,0,0,SCSI MAC,30,Y,,,0,0,1554
RODIME,COBRA 80AT,84,19,3.5,1159,4,36,0,0,0,0,0,IDE,40,Y,,,166896,81,1555
RODIME,RO101,6,96,5.25,192,2,17,0,0,0,0,0,MFM,0,,,,6528,3,1556
RODIME,RO102,7,85,5F,192,4,17,0,0,0,0,192,MFM,12,N,,,13056,6,1557
RODIME,RO103,10,85,5F,192,6,17,0,0,0,0,192,MFM,12,N,,,19584,10,1558
RODIME,RO104,13,85,5F,192,8,17,0,0,0,0,192,MFM,12,N,,,26112,13,1559
RODIME,RO128A,106,18,3H,868,7,34,0,0,0,,868,AT-BUS,30,J,,,206584,101,1560
RODIME,RO201,5,85,5.25,321,2,17,0,0,0,0,0,MFM,0,,,,10914,5,1561
RODIME,RO201E,11,55,5.25,640,2,17,0,0,0,0,0,MFM,0,,,,21760,11,1562
RODIME,RO202,11,90,5F,320,4,17,0,0,0,0,320,MFM,12,N,,,21760,11,1563
RODIME,RO202E,22,60,5F,640,4,17,0,0,0,0,640,MFM,12,N,,,43520,21,1564
RODIME,RO203,17,90,5F,320,6,17,0,0,0,0,320,MFM,12,N,,,32640,16,1565
RODIME,RO2031,0,0,,320,6,17,0,0,0,0,0,MFM,0,,,,32640,16,1566
RODIME,RO203E,33,60,5F,640,6,17,0,0,0,0,640,MFM,12,N,,,65280,32,1567
RODIME,RO204,22,90,5F,320,8,17,0,0,0,0,320,MFM,12,N,,,43520,21,1568
RODIME,RO204E,44,60,5F,640,8,17,0,0,0,0,640,MFM,12,N,,,87040,42,1569
RODIME,RO251,5,85,5.25,306,2,17,0,0,0,0,0,MFM,0,,,,10404,5,1570
RODIME,RO252F,11,85,5.25,306,4,17,0,0,0,0,0,MFM,0,,,,20808,10,1571
RODIME,RO3000A-NAT,0,0,,625,5,27,0,0,0,0,0,RLL,0,,,,84375,41,1572
RODIME,RO3000A-XLAT,0,0,,992,5,17,0,0,0,0,0,MFM,0,,,,84320,41,1573
RODIME,RO3040S,0,0,3,872,3,0,0,0,0,0,0,SCSI,0,,,,0,0,1574
RODIME,RO3045,38,28,5F,872,5,17,0,0,0,650,872,MFM,12,J,,,74120,36,1575
RODIME,RO3055,46,28,3H,872,6,17,0,0,0,650,872,MFM,20,J,,,88944,43,1576
RODIME,RO3056,46,28,3.5,872,6,17,0,0,0,650,0,MFM,20,+,1992-12-10,,88944,43,1577
RODIME,RO3057S,45,28,3H,680,5,26,0,0,0,,680,SCSI,20,J,,,88400,43,1578
RODIME,RO3058A,45,18,3H,868,3,34,0,0,0,,868,AT-BUS,30,J,,,88536,43,1579
RODIME,RO3058T,45,18,3H,868,5,34,0,0,0,,868,SCSI,30,J,,,147560,72,1580
RODIME,RO3059A,47,18,3.5,1216,2,34,0,0,0,0,0,AT,30,+,1992-12-10,,82688,40,1581
RODIME,RO3059T,47,18,3.5,1216,2,34,0,0,0,0,0,SCSI,0,,,,82688,40,1582
RODIME,RO3060R,50,28,3H,750,5,26,0,0,0,600,750,RLL,20,J,,,97500,48,1583
RODIME,RO3065,53,28,3H,872,7,17,0,0,0,650,872,MFM,20,J,,,103768,51,1584
RODIME,RO3070S,71,28,3.5,872,5,0,0,0,0,0,0,SCSI,0,,,,0,0,1585
RODIME,RO3075R,60,28,3H,750,6,26,0,0,0,600,750,RLL,20,J,,,117000,57,1586
RODIME,RO3085R,70,28,3H,750,7,26,0,0,0,600,750,RLL,20,J,,,136500,67,1587
RODIME,RO3085S,70,28,3H,750,7,26,0,0,0,,750,SCSI,20,J,,,136500,67,1588
RODIME,RO3088A,76,18,3H,868,5,34,0,0,0,,868,AT-BUS,30,J,,,147560,72,1589
RODIME,RO3088T,76,18,3H,868,5,34,0,0,0,,868,SCSI,30,J,,,147560,72,1590
RODIME,RO3089A,70,18,3.5,1216,3,0,0,0,0,0,0,AT,0,,,,0,0,1591
RODIME,RO3089T,70,18,3.5,1216,3,0,0,0,0,0,0,SCSI,0,,,,0,0,1592
RODIME,RO3128A,106,18,3.5,868,7,34,0,0,0,0,0,AT,30,+,,,206584,101,1593
RODIME,RO3128T,106,18,3.5,868,7,34,0,0,0,0,0,SCSI,30,+,,,206584,101,1594
RODIME,RO3128T,106,18,3H,868,7,34,0,0,0,,868,SCSI,30,J,,,206584,101,1595
RODIME,RO3129A,106,18,3.5,1091,5,0,0,0,0,0,0,AT,30,+,,,0,0,1596
RODIME,RO3129T,106,18,3.5,1216,6,0,0,0,0,0,0,SCSI,30,+,,,0,0,1597
RODIME,RO3130T,106,0,,1053,7,0,0,0,0,0,0,SCSI,0,,,,0,0,1598
RODIME,RO3139A,113,18,3.5,1168,5,0,0,0,0,0,0,AT,30,+,,,0,0,1599
RODIME,RO3199A,163,18,3.5,1216,7,0,0,0,0,0,0,AT,30,+,,,0,0,1600
RODIME,RO3199T,163,18,3.5,1216,7,0,0,0,0,0,0,SCSI,30,+,,,0,0,1601
RODIME,RO3259A,210,18,3H,1216,9,41,0,0,0,,1216,AT-BUS,30,J,,,448704,219,1602
RODIME,RO3259T,210,18,3H,1216,9,41,0,0,0,,1216,SCSI,30,J,,,448704,219,1603
RODIME,RO351,0,85,,306,2,17,0,0,0,0,0,MFM,0,,,,10404,5,1604
RODIME,RO352,11,85,3H,306,4,17,0,0,0,0,306,MFM,12,N,,,20808,10,1605
RODIME,RO365,0,0,3.5,612,4,17,0,0,0,0,0,MFM,0,,,,41616,20,1606
RODIME,RO5040,0,28,,1224,3,0,0,0,0,0,0,SCSI,0,,,,0,0,1607
RODIME,RO5065,53,28,5,1224,5,17,0,0,0,0,0,MFM,0,+,,,104040,51,1608
RODIME,RO5075S,0,28,,0,0,0,0,0,0,0,0,SCSI,0,,,,0,0,1609
RODIME,RO5090,75,28,5H,1224,7,17,0,0,0,,1224,MFM,20,J,,,145656,71,1610
RODIME,RO5095R,81,28,5.25,1224,5,26,0,0,0,0,0,RLL,20,+,,,159120,78,1611
RODIME,RO5125E,113,24,5F,1224,5,36,0,0,0,0,0,ESDI,30,+,,,220320,108,1612
RODIME,RO5125ST,103,24,5H,1219,5,33,0,0,0,,1219,SCSI,30,J,,,201135,98,1613
RODIME,RO5130R,114,28,5H,1224,7,26,0,0,0,,1224,RLL,20,J,,,222768,109,1614
RODIME,RO5180E,158,24,5H,1224,7,36,0,0,0,0,0,ESDI,0,,,,308448,151,1615
RODIME,RO5180ST,144,24,5H,1219,7,33,0,0,0,,1219,SCSI,30,J,,,281589,137,1616
RODIME,RO652,21,85,3H,306,4,33,0,0,0,,306,SCSI,12,N,,,40392,20,1617
RODIME,RO752A,21,0,5,306,4,0,0,0,0,0,0,SCSI,0,,,,0,0,1618
RODIME,RO-200,11,0,5.25,321,4,17,0,0,0,0,0,MFM,0,,,,21828,11,1619
RODIME,RO-200,10,85,5.25,321,4,17,0,0,0,132,0,MFM,0,N,,,0,0,1620
RODIME,RO-3071A,60,18,3.5,0,0,0,0,0,0,0,0,IDE,0,Y,,,0,0,1621
RODIME,RO-3095A,80,18,3.5,0,0,0,0,0,0,0,0,IDE,0,Y,,,0,0,1622
RODIME,RO-3099A,80,19,3.5,0,0,0,0,0,0,0,0,IDE,0,Y,,,0,0,1623
RODIME,RO-3121A,122,18,3.5,0,0,0,0,0,0,0,0,IDE,50,Y,,,0,0,1624
RODIME,RO-3130S,105,22,3.5,1047,7,30,0,0,0,0,0,SCSI,20,,,,219870,107,1625
RODIME,RO-3135A,112,19,3.5,923,7,0,0,0,0,0,0,IDE,0,,,,0,0,1626
RODIME,RO-3139S,112,0,3.5,1148,5,0,0,0,0,0,0,SCIS2,100,Y,,,0,0,1627
RODIME,RO-3151A,122,18,3.5,0,0,0,0,0,0,0,0,IDE,0,,,,0,0,1628
RODIME,RO-3259S,210,0,3.5,1189,9,0,0,0,0,0,0,SCSI2,100,,,,0,0,1629
RODIME,RO-3331S,331,13,3.5,1497,7,0,0,0,0,0,0,SCSI2,100,Y,,,0,0,1630
RODIME,RO-3426S,426,13,3.5,1497,9,0,0,0,0,0,0,SCSI2,100,Y,,,0,0,1631
RODIME,RO-3540S,540,13,3.5,1568,11,0,0,0,0,0,0,SCSI2,100,Y,,,0,0,1632
RODIME,RO-5178S,144,19,5.25,1219,7,0,0,0,0,0,0,SCSI,0,,,,0,0,1633
SAMSUNG,SHD-2040N,44,39,3.5,820,4,26,0,0,0,0,0,RLL,0,,,,85280,42,1634
SAMSUNG,SHD-2041B,47,29,3.5,820,4,28,0,0,0,0,0,AT,30,,,,91840,45,1635
SEAGATE,100S,88,15,3.5,1072,9,17,0,0,0,0,0,MFM,0,,,,164016,80,1636
SEAGATE,100S-I,80,28,5.25,1024,9,17,0,0,0,0,0,MFM,0,,,,156672,76,1637
SEAGATE,110CH-I,89,18,5.25,1024,5,36,0,0,0,0,0,SCSI,0,,,,184320,90,1638
SEAGATE,110EH-I,94,18,5.25,1024,5,34,0,0,0,0,0,ESDI,0,,,,174080,85,1639
SEAGATE,1201E,170,0,3.5,0,0,0,0,0,0,0,0,ESDI,0,,,,0,0,1640
SEAGATE,150S,133,15,3.5,1072,9,26,0,0,0,0,0,RLL,0,,,,250848,122,1641
SEAGATE,180C-I,155,16,5.25,969,9,34,0,0,0,0,0,SCSI,0,,,,296514,145,1642
SEAGATE,180E-I,151,16,5.25,969,9,34,0,0,0,0,0,ESDI,0,,,,296514,145,1643
SEAGATE,200AT,170,15,3.5,1072,9,36,0,0,0,0,0,AT,0,,,,347328,170,1644
SEAGATE,210CH-I,183,18,5.25,1544,5,0,0,0,0,0,0,SCSI,0,,,,0,0,1645
SEAGATE,3212,0,0,,612,2,0,0,0,0,0,0,,0,,,,0,0,1646
SEAGATE,97501-15G,1350,12,5F,0,17,0,0,0,0,0,0,SCSI2,100,,,,0,0,1647
SEAGATE,SG 10B,10,0,,305,4,0,0,0,0,0,0,,0,,,,0,0,1648
SEAGATE,SG 15C,15,0,,305,6,0,0,0,0,0,0,,0,,,,0,0,1649
SEAGATE,SG 5A,5,0,,152,4,0,0,0,0,0,0,,0,,,,0,0,1650
SEAGATE,SG 5B,5,0,,305,2,0,0,0,0,0,0,,0,,,,0,0,1651
SEAGATE,ST1057A,49,20,3H,940,3,36,0,0,0,,1023,AT-BUS,50,J,,,139264,68,1652
SEAGATE,ST1057N,49,20,3H,940,3,34,0,0,0,,0,SCSI,50,J,,,0,0,1653
SEAGATE,ST1090A,79,15,3.5,1072,5,29,0,0,0,0,0,AT,70,+,,,0,0,1654
SEAGATE,ST1090N,79,15,,1068,5,29,0,0,0,0,0,SCSI,70,+,,,0,0,1655
SEAGATE,ST1096N,84,24,3H,906,7,26,0,0,0,,909,SCSI,50,J,,,165620,81,1656
SEAGATE,ST1100,84,15,3.5,1072,9,17,0,0,0,0,0,MFM,70,,,,164016,80,1657
SEAGATE,ST1102A,84,20,3,965,5,0,1024,10,17,0,0,AT,50,,,,0,0,1658
SEAGATE,ST1102A,84,20,3H,1024,10,17,0,0,0,,1023,AT-BUS,50,J,,,174080,85,1659
SEAGATE,ST1102M,84,20,3.5,0,5,0,0,0,0,0,0,SCSI2,50,,,,0,0,1660
SEAGATE,ST1102N,84,20,3H,965,5,0,0,0,0,,0,SCSI,50,J,,,0,0,1661
SEAGATE,ST1106R,91,24,3.5,977,7,26,0,0,0,0,0,RLL,50,Y,,,177814,87,1662
SEAGATE,ST11102A,89,19,3.5,0,0,0,0,0,0,0,0,AT,150,,,,0,0,1663
SEAGATE,ST1111A,98,15,3.5,1072,5,36,0,0,0,0,0,AT,70,+,,,0,0,1664
SEAGATE,ST1111E,98,15,3.5,1072,5,36,0,0,0,0,0,ESDI,70,+,,,0,0,1665
SEAGATE,ST1111N,98,15,3.5,1068,5,36,0,0,0,0,0,SCSI,70,+,,,0,0,1666
SEAGATE,ST11200N,1050,12,3.5,1877,15,0,0,0,0,0,0,SCSI2,200,,,,0,0,1667
SEAGATE,ST1126A,111,15,3.5,1072,7,29,914,14,17,0,0,AT,70,+,1992-12-14,,217532,106,1668
SEAGATE,ST1126N,111,15,3.5,1068,7,29,0,0,0,0,0,SCSI,70,+,,,0,0,1669
SEAGATE,ST1133A,117,15,3.5,1272,5,36,0,0,0,0,0,AT,70,,,,0,0,1670
SEAGATE,ST1133N,113,15,3.5,1268,5,36,0,0,0,0,0,SCSI,0,,,,228240,111,1671
SEAGATE,ST1133NS,113,15,3.5,1268,5,36,0,0,0,0,0,SCSI2,150,Y,,,228240,111,1672
SEAGATE,ST1144A,126,20,3H,1009,7,34,1001,15,17,,1023,AT-BUS,50,J,,,261120,128,1673
SEAGATE,ST1144N,126,20,3H,0,0,0,0,0,0,,0,SCSI,50,J,,,0,0,1674
SEAGATE,ST1150R,133,15,3.5,1072,9,26,0,0,0,0,0,RLL,70,+,1992-12-14,,250848,122,1675
SEAGATE,ST1156A,138,15,3.5,1072,7,36,0,0,0,0,0,AT,70,+,,,0,0,1676
SEAGATE,ST1156E,138,15,3.5,1072,7,36,0,0,0,0,0,ESDI,70,+,,,0,0,1677
SEAGATE,ST1156N,138,15,3.5,1068,7,36,0,0,0,0,0,SCSI,70,+,,,0,0,1678
SEAGATE,ST1156NS,137,15,3.5,1068,7,36,0,0,0,0,0,SCSI2,70,Y,,,269136,131,1679
SEAGATE,ST1156R,138,15,3.5,1072,7,36,0,0,0,0,0,RLL,70,Y,,,270144,132,1680
SEAGATE,ST1162A,143,15,3.5,1072,9,29,0,0,0,0,0,AT,70,+,1992-12-14,,0,0,1681
SEAGATE,ST1162N,142,15,3.5,1068,9,29,0,0,0,0,0,SCSI,70,+,,,0,0,1682
SEAGATE,ST1182E,161,0,3.5,972,9,36,0,0,0,0,0,ESDI,0,Y,,,314928,154,1683
SEAGATE,ST1186A,164,15,3.5,1272,7,36,0,0,0,0,0,AT,70,+,,,0,0,1684
SEAGATE,ST1186A,164,15,3.5,636,9,56,0,0,0,0,0,AT,0,,,,320544,157,1685
SEAGATE,ST1186A,164,15,3.5,692,14,33,0,0,0,0,0,AT,0,,,,319704,156,1686
SEAGATE,ST1186N,158,15,3.5,1268,7,36,0,0,0,0,0,SCSI,150,,,,0,0,1687
SEAGATE,ST1186NS,163,15,3.5,1268,7,36,0,0,0,0,0,SCSI2,150,Y,,,319536,156,1688
SEAGATE,ST1201A,177,15,3.5,1072,9,36,804,9,48,0,0,AT,70,+,1992-12-14,,347328,170,1689
SEAGATE,ST1201E,177,15,3.5,1072,9,36,804,9,48,0,0,ESDI,70,+,,,0,0,1690
SEAGATE,ST1201N,177,15,3.5,1068,9,36,0,0,0,0,0,SCSI,70,+,1992-12-14,,346032,169,1691
SEAGATE,ST1239A,211,15,3.5,1272,9,36,954,12,36,0,0,AT,70,+,,,0,0,1692
SEAGATE,ST1239N,204,15,3.5,1268,9,36,0,0,0,0,0,SCSI,150,,,,0,0,1693
SEAGATE,ST1239NS,210,15,3.5,1268,9,36,0,0,0,0,0,SCSI2,150,Y,,,410832,201,1694
SEAGATE,ST124-0,21,40,3H,615,4,17,0,0,0,,614,MFM,70,N,1989-11-12,,41820,20,1695
SEAGATE,ST125A-0,21,40,3H,404,4,26,615,4,17,,403,AT-BUS,70,J,,,42016,21,1696
SEAGATE,ST125A-1,21,28,3H,404,4,26,0,0,0,,403,AT-BUS,70,J,,,42016,21,1697
SEAGATE,ST125N-0,22,40,3H,407,4,26,0,0,0,,406,SCSI,70,J,,,42328,21,1698
SEAGATE,ST125N-1,22,28,3H,407,4,26,0,0,0,,406,SCSI,70,J,,,42328,21,1699
SEAGATE,ST125-0,21,40,3H,615,4,17,0,0,0,,614,MFM,70,J,,,41820,20,1700
SEAGATE,ST125-1,21,28,3H,615,4,17,0,0,0,,614,MFM,70,J,,,41820,20,1701
SEAGATE,ST1274A,230,18,3.5,0,0,0,0,0,0,0,0,IDE,0,,,,0,0,1702
SEAGATE,ST137R,38,40,3H,615,4,26,0,0,0,,614,RLL,70,N,,,63960,31,1703
SEAGATE,ST138A-0,32,40,3H,604,4,26,615,6,17,,603,AT-BUS,70,J,,,62816,31,1704
SEAGATE,ST138A-1,32,28,3H,604,4,25,615,6,17,,603,AT-BUS,70,J,,,60400,29,1705
SEAGATE,ST138N-0,32,40,3H,615,4,26,0,0,0,,614,SCSI,70,J,,,63960,31,1706
SEAGATE,ST138N-1,32,28,3H,615,4,26,0,0,0,,614,SCSI,70,J,,,63960,31,1707
SEAGATE,ST138R-0,33,40,3H,615,4,26,0,0,0,,614,RLL,70,J,,,63960,31,1708
SEAGATE,ST138R-1,33,28,3H,615,4,26,0,0,0,,614,RLL,70,J,,,63960,31,1709
SEAGATE,ST138-0,32,40,3H,615,6,17,0,0,0,,614,MFM,70,J,,,62730,31,1710
SEAGATE,ST138-1,32,28,3H,615,6,17,0,0,0,,614,MFM,70,J,,,62730,31,1711
SEAGATE,ST1400A,331,14,3.5,1475,7,0,1018,12,53,0,0,AT,150,,,,0,0,1712
SEAGATE,ST1400N,331,14,3.5,1478,7,0,0,0,0,0,0,SCSI2,150,Y,,,0,0,1713
SEAGATE,ST1401A,338,12,3.5,1121,9,0,726,15,61,0,0,IDE,150,Y,,,0,0,1714
SEAGATE,ST1401N,338,12,3.5,1100,9,0,0,0,0,0,0,SCSI2,150,Y,,,0,0,1715
SEAGATE,ST1480A,426,14,3.5,1474,9,0,895,15,62,0,0,IDE,150,Y,,,0,0,1716
SEAGATE,ST1480N,426,14,3.5,1476,9,0,0,0,0,0,0,SCSI2,150,Y,,,0,0,1717
SEAGATE,ST151,43,24,3H,977,5,17,0,0,0,,976,MFM,50,J,,,83045,41,1718
SEAGATE,ST157A-0,45,40,3H,560,6,26,1024,5,17,,559,AT-BUS,70,J,,,87360,43,1719
SEAGATE,ST157A-1,45,28,3H,560,6,26,1024,5,17,,559,AT-BUS,70,J,,,87360,43,1720
SEAGATE,ST157N-0,49,40,3H,615,6,26,0,0,0,,614,SCSI,70,J,,,95940,47,1721
SEAGATE,ST157N-1,49,28,3H,615,6,26,0,0,0,,614,SCSI,70,J,,,95940,47,1722
SEAGATE,ST157R-0,49,40,3H,615,6,26,0,0,0,,614,RLL,70,J,,,95940,47,1723
SEAGATE,ST157R-1,49,28,3H,615,6,26,0,0,0,,614,RLL,70,J,,,95940,47,1724
SEAGATE,ST1581N,525,14,3.5,1476,9,0,0,0,0,0,0,SCSI2,150,,,,0,0,1725
SEAGATE,ST177N,61,24,3H,926,5,26,0,0,0,,925,SCSI,50,J,,,120380,59,1726
SEAGATE,ST1980N,860,11,3.5,1717,13,0,0,0,0,0,0,SCSI2,200,,,,0,0,1727
SEAGATE,ST206,0,0,5.25,306,2,17,0,0,0,128,0,MFM,0,,,,10404,5,1728
SEAGATE,ST2106E,89,18,5.25,1024,5,34,0,0,0,0,0,ESDI,100,+,,,0,0,1729
SEAGATE,ST2106N,89,18,5.25,1022,5,34,0,0,0,0,0,SCSI,100,+,,,0,0,1730
SEAGATE,ST212,10,0,5.25,306,4,17,0,0,0,128,0,MFM,0,,,,20808,10,1731
SEAGATE,ST2125N,110,18,5F,1544,3,0,0,0,0,0,0,SCSI,100,+,,,0,0,1732
SEAGATE,ST213,11,65,,615,2,17,0,0,0,300,0,MFM,0,,,,20910,10,1733
SEAGATE,ST2160E,94,0,,0,0,0,0,0,0,0,0,ESDI,0,,,,0,0,1734
SEAGATE,ST2182E,160,15,5F,1453,4,54,0,0,0,0,0,ESDI,100,+,,,0,0,1735
SEAGATE,ST2209N,183,18,5F,1544,5,0,0,0,0,0,0,SCSI,100,,,,0,0,1736
SEAGATE,ST224N,21,70,5H,615,2,26,0,0,0,,0,SCSI,100,N,,,0,0,1737
SEAGATE,ST225,21,65,5H,615,4,17,0,0,0,300,614,MFM,100,N,,,41820,20,1738
SEAGATE,ST225N,21,65,5H,615,4,17,0,0,0,300,614,SCSI,100,N,,,41820,20,1739
SEAGATE,ST225R,21,70,5H,667,2,31,0,0,0,,666,RLL,100,N,,,41354,20,1740
SEAGATE,ST2274A,193,16,5F,1747,5,54,1024,16,17,0,0,AT,100,+,,,0,0,1741
SEAGATE,ST2383A,338,16,5,1747,7,54,1024,16,17,0,0,AT,100,+,,,0,0,1742
SEAGATE,ST2383E,337,16,5F,1747,7,54,0,0,0,0,0,ESDI,100,+,,,0,0,1743
SEAGATE,ST2383N,338,14,5,1261,7,0,0,0,0,0,0,SCSI,100,+,,,0,0,1744
SEAGATE,ST2384A,330,18,5.25,0,0,0,0,0,0,0,0,IDE,0,,,,0,0,1745
SEAGATE,ST238R,33,65,5H,615,4,26,0,0,0,300,614,RLL,100,N,,,63960,31,1746
SEAGATE,ST2502N,440,16,5,1756,7,0,0,0,0,0,0,SCSI,100,+,,,0,0,1747
SEAGATE,ST250N,43,70,5H,0,2,0,0,0,0,,0,SCSI,100,N,,,0,0,1748
SEAGATE,ST250R,42,70,5H,667,4,31,0,0,0,,666,RLL,100,N,,,82708,40,1749
SEAGATE,ST251N-0,43,40,5H,820,4,26,0,0,0,,819,SCSI,70,J,,,85280,42,1750
SEAGATE,ST251N-1,43,28,5H,630,4,34,0,0,0,,629,SCSI,70,J,,,85680,42,1751
SEAGATE,ST251R-0,62,40,5H,820,6,26,0,0,0,,819,RLL,70,J,,,127920,62,1752
SEAGATE,ST251-0,43,40,5H,820,6,17,0,0,0,,819,MFM,100,J,,,83640,41,1753
SEAGATE,ST251-1,43,28,5H,820,6,17,0,0,0,,819,MFM,100,J,,,83640,41,1754
SEAGATE,ST252,43,40,5H,820,6,17,0,0,0,,819,MFM,100,J,,,83640,41,1755
SEAGATE,ST253,43,28,5,989,5,17,0,0,0,0,0,MFM,40,+,,,84065,41,1756
SEAGATE,ST274A,66,28,5,948,5,26,941,8,17,0,0,AT,40,+,,,0,0,1757
SEAGATE,ST277,42,0,,820,6,17,0,0,0,0,0,MFM,0,,,,83640,41,1758
SEAGATE,ST277N-0,65,40,5H,820,6,26,0,0,0,,819,SCSI,70,J,,,127920,62,1759
SEAGATE,ST277N-1,65,28,5H,628,6,34,0,0,0,,627,SCSI,70,J,,,128112,63,1760
SEAGATE,ST277R-0,66,40,5H,820,6,26,0,0,0,,819,RLL,70,J,,,127920,62,1761
SEAGATE,ST277R-1,66,28,5H,820,6,26,0,0,0,,819,RLL,70,J,,,127920,62,1762
SEAGATE,ST278R,66,40,5H,820,6,26,0,0,0,,819,RLL,70,J,,,127920,62,1763
SEAGATE,ST279R,65,28,5,989,5,26,0,0,0,0,0,RLL,40,+,,,128570,63,1764
SEAGATE,ST280A,71,29,5,1032,5,26,1024,8,17,0,0,AT,40,+,,,0,0,1765
SEAGATE,ST296N,85,28,5H,820,6,34,0,0,0,,819,SCSI,70,J,,,167280,82,1766
SEAGATE,ST3025A,21,20,3S,1616,1,26,0,0,0,,1023,AT-BUS,50,J,,,139264,68,1767
SEAGATE,ST3025N,21,20,3S,0,0,0,0,0,0,,0,SCSI,50,J,,,0,0,1768
SEAGATE,ST3051A,43,16,3.5,820,0,0,0,0,0,0,0,AT,150,,,,0,0,1769
SEAGATE,ST3057A,49,20,3S,940,3,34,0,0,0,,1023,AT-BUS,50,J,,,139264,68,1770
SEAGATE,ST3057N,49,20,3S,0,0,0,0,0,0,,0,SCSI,50,J,,,0,0,1771
SEAGATE,ST3096A,84,20,3S,1024,10,17,1024,10,17,,1023,AT-BUS,50,J,,,174080,85,1772
SEAGATE,ST3096N,84,20,3S,0,0,0,0,0,0,,0,SCSI,50,J,,,0,0,1773
SEAGATE,ST3120A,106,15,,1024,3,34,1024,12,17,0,0,AT,150,-,1992-12-14,,208896,102,1774
SEAGATE,ST3144A,130,16,,1001,3,85,1001,15,17,0,0,AT,150,,,,0,0,1775
SEAGATE,ST3144N,126,16,3.5,0,0,0,0,0,0,0,0,SCSI,150,J,,,0,0,1776
SEAGATE,ST325A,21,45,3S,615,4,17,0,0,0,,614,AT-BUS,50,J,,,41820,20,1777
SEAGATE,ST325N,21,45,3S,0,0,0,0,0,0,,0,SCSI,50,J,,,0,0,1778
SEAGATE,ST325X,21,45,3S,697,2,30,0,0,0,,614,XT,50,J,,,41820,20,1779
SEAGATE,ST3283A,245,12,,1024,5,0,978,14,35,0,0,AT,200,,,,0,0,1780
SEAGATE,ST3283N,248,12,3.5,0,0,0,0,0,0,0,0,SCSI2,200,,,,0,0,1781
SEAGATE,ST3500A,426,11,3.5,1546,7,0,0,0,0,0,0,AT,200,,,,0,0,1782
SEAGATE,ST3500N,426,11,3.5,1546,7,0,0,0,0,0,0,SCSI2,200,,,,0,0,1783
SEAGATE,ST351A/X,42,28,3.5,904,2,0,820,6,17,0,0,AT/XT,150,,,,0,0,1784
SEAGATE,ST3600A,525,12,3.5,1877,7,0,0,0,0,0,0,AT,200,,,,0,0,1785
SEAGATE,ST3600N,525,12,3.5,1877,7,0,0,0,0,0,0,SCSI2,200,,,,0,0,1786
SEAGATE,ST4026,21,40,5F,615,4,17,0,0,0,300,0,MFM,0,,,,41820,20,1787
SEAGATE,ST4030,31,0,,733,5,17,0,0,0,0,0,MFM,0,,,,62305,30,1788
SEAGATE,ST4038,32,40,5F,733,5,17,0,0,0,0,0,MFM,0,+,,,62305,30,1789
SEAGATE,ST4038M,31,40,5F,733,5,17,0,0,0,0,0,MFM,0,,,,62305,30,1790
SEAGATE,ST4051,42,40,5,977,5,17,0,0,0,0,0,MFM,0,+,,,83045,41,1791
SEAGATE,ST4051N,0,28,5.25,977,5,0,0,0,0,0,0,SCSI,0,,,,0,0,1792
SEAGATE,ST4053,45,28,5F,1024,5,17,0,0,0,,1023,MFM,40,J,,,87040,42,1793
SEAGATE,ST406,5,85,5.25,306,2,17,0,0,0,128,0,MFM,0,,,,10404,5,1794
SEAGATE,ST4077N,66,28,5.25,1024,5,26,0,0,0,0,0,SCSI,0,,,,0,0,1795
SEAGATE,ST4077R,65,28,5F,1024,5,26,0,0,0,0,0,RLL,0,,,,127010,62,1796
SEAGATE,ST4085,71,28,5F,1024,8,17,0,0,0,0,0,MFM,40,+,,,139264,68,1797
SEAGATE,ST4086,72,28,5F,925,9,17,0,0,0,0,0,MFM,0,+,,,141525,69,1798
SEAGATE,ST4096,80,28,5F,1024,9,17,0,0,0,,1023,MFM,40,J,,,156672,76,1799
SEAGATE,ST4096N,0,0,5.25,1147,8,0,0,0,0,0,0,SCSI,0,,,,0,0,1800
SEAGATE,ST4096-0,80,40,5F,1024,9,17,0,0,0,0,0,MFM,25,+,,,156672,76,1801
SEAGATE,ST4097,80,28,5F,1024,9,17,0,0,0,0,0,MFM,40,+,,,156672,76,1802
SEAGATE,ST41097J,950,11,5F,2101,17,0,0,0,0,0,0,DUAL SMD,150,,,,0,0,1803
SEAGATE,ST412,11,85,5F,306,4,17,0,0,0,128,0,MFM,0,,,,20808,10,1804
SEAGATE,ST41200N,1050,15,5F,1931,15,0,0,0,0,0,0,SCSI,100,+,,,0,0,1805
SEAGATE,ST41201J,1055,11,5F,2101,17,0,0,0,0,0,0,DUAL SMD,150,,,,0,0,1806
SEAGATE,ST41201K,1050,11,5F,2101,17,0,0,0,0,0,0,DUAL IPI,150,,,,0,0,1807
SEAGATE,ST4135R,115,28,5F,990,9,26,0,0,0,0,0,RLL,40,+,,,231660,113,1808
SEAGATE,ST4144N,0,28,5.25,1024,9,26,0,0,0,0,0,SCSI,0,,,,0,0,1809
SEAGATE,ST4144R,123,28,5F,1024,9,26,0,0,0,,1023,RLL,40,J,,,239616,117,1810
SEAGATE,ST41520N,1352,11,5F,2101,17,0,0,0,0,0,0,SCSI2,150,,,,0,0,1811
SEAGATE,ST41600N,1352,11,5F,2101,17,0,0,0,0,0,0,SCSI2,150,,,,0,0,1812
SEAGATE,ST41601N,1352,11,5F,2101,17,0,0,0,0,0,0,SCSI2,150,,,,0,0,1813
SEAGATE,ST41650E,1420,12,5.25,0,0,0,0,0,0,0,0,ESDI,0,,,,0,0,1814
SEAGATE,ST41650N,1415,15,5F,2107,15,0,0,0,0,0,0,SCSI2,150,,,,0,0,1815
SEAGATE,ST41651N,1415,15,5F,2107,15,0,0,0,0,0,0,SCSI2,150,,,,0,0,1816
SEAGATE,ST41800K,1800,11,5F,2627,18,0,0,0,0,0,0,DUAL IPI,150,,,,0,0,1817
SEAGATE,ST4182E,151,17,5F,969,9,35,0,0,0,0,0,ESDI,100,+,,,305235,149,1818
SEAGATE,ST4182N,150,17,5F,969,9,35,0,0,0,0,0,SCSI,100,+,,,0,0,1819
SEAGATE,ST419,15,85,5.25,306,6,17,0,0,0,128,0,MFM,0,,,,31212,15,1820
SEAGATE,ST4192,169,17,5F,1147,8,36,0,0,0,,1146,MFM,25,J,,,330336,161,1821
SEAGATE,ST4192E,169,17,5.25,1147,8,36,0,0,0,0,0,ESDI,0,,,,330336,161,1822
SEAGATE,ST4192N,168,17,5.25,1147,8,36,0,0,0,0,0,SCSI,0,,,,330336,161,1823
SEAGATE,ST42100N,1900,13,5F,2574,15,0,0,0,0,0,0,SCSI2,150,,,,0,0,1824
SEAGATE,ST42101N,1900,13,5F,2574,15,0,0,0,0,0,0,SCSI2,150,,,,0,0,1825
SEAGATE,ST42400N,2129,11,5F,2627,19,0,0,0,0,0,0,SCSI2,150,,,,0,0,1826
SEAGATE,ST425,21,0,5.25,306,8,17,0,0,0,0,0,MFM,0,,,,41616,20,1827
SEAGATE,ST43200K,3000,11,5F,2627,20,0,0,0,0,0,0,DUAL IPI,150,,,,0,0,1828
SEAGATE,ST43400N,2846,11,5F,2627,21,0,0,0,0,0,0,SCSI2,150,,,,0,0,1829
SEAGATE,ST43401N,2846,11,5F,2627,21,0,0,0,0,0,0,SCSI2,150,,,,0,0,1830
SEAGATE,ST4350N,307,17,5F,1412,9,0,0,0,0,0,0,SCSI,100,+,,,0,0,1831
SEAGATE,ST4376N,330,18,5F,1549,9,29,0,0,0,0,0,SCSI,100,+,,,0,0,1832
SEAGATE,ST4383E,319,18,5F,1412,13,35,0,0,0,0,0,ESDI,100,+,,,642460,314,1833
SEAGATE,ST4384E,319,15,5F,1224,15,35,0,0,0,0,0,ESDI,100,+,,,642600,314,1834
SEAGATE,ST4385N,337,11,5F,791,15,0,0,0,0,0,0,SCSI,100,+,,,0,0,1835
SEAGATE,ST4442E,368,16,5F,1412,15,35,0,0,0,0,0,ESDI,100,+,,,741300,362,1836
SEAGATE,ST4702N,613,17,5F,1546,15,0,0,0,0,0,0,SCSI,100,+,,,0,0,1837
SEAGATE,ST4766E,676,16,5F,1632,15,53,0,0,0,0,0,ESDI,100,+,,,0,0,1838
SEAGATE,ST4766N,676,16,5F,1632,15,54,0,0,0,0,0,SCSI,100,+,,,0,0,1839
SEAGATE,ST4767E,676,11,5F,1399,15,0,0,0,0,0,0,ESDI,150,,,,0,0,1840
SEAGATE,ST4767N,676,12,5F,1362,15,0,0,0,0,0,0,SCSI,100,+,,,0,0,1841
SEAGATE,ST4769E,631,15,5.25,1552,15,53,0,0,0,0,0,ESDI,150,Y,,,1233840,602,1842
SEAGATE,ST4806,72,28,5,918,9,17,0,0,0,0,0,MFM,40,,,,140454,69,1843
SEAGATE,ST506,5,85,5.25,153,4,17,0,0,0,128,0,MFM,0,,,,10404,5,1844
SEAGATE,ST6165J,140,30,,823,10,0,0,0,0,0,0,SMD,10,,,,0,0,1845
SEAGATE,ST6315J,280,20,,823,19,0,0,0,0,0,0,SMD-E,30,,,,0,0,1846
SEAGATE,ST6344J,344,18,9,711,24,0,0,0,0,0,0,SMD,30,Y,,,0,0,1847
SEAGATE,ST6516J,516,18,9,711,24,0,0,0,0,0,0,SMD-E,30,Y,,,0,0,1848
SEAGATE,ST6516K,516,18,9,711,24,0,0,0,0,0,0,IPI2,30,Y,,,0,0,1849
SEAGATE,ST683J,83,30,,823,5,0,0,0,0,0,0,SMD,8,,,,0,0,1850
SEAGATE,ST706,5,0,5.25,306,2,17,0,0,0,128,0,MFM,0,,,,10404,5,1851
SEAGATE,ST81123J,1050,15,8,1635,15,0,0,0,0,0,0,SMD-O/E,100,Y,,,0,0,1852
SEAGATE,ST81154K(T),1050,15,8,1635,14,0,1635,7,0,0,0,IPI2,100,Y,,,0,0,1853
SEAGATE,ST81236,1056,15,8,1635,15,0,0,0,0,0,0,SMD-O/E,100,Y,,,0,0,1854
SEAGATE,ST81236J,1236,15,,1635,15,0,0,0,0,0,0,SMD-E,100,,,,0,0,1855
SEAGATE,ST81236K,1056,15,8,1635,15,0,0,0,0,0,0,IPI2,100,Y,,,0,0,1856
SEAGATE,ST81236N,1049,15,8,1635,15,0,0,0,0,0,0,SCSI,100,Y,,,0,0,1857
SEAGATE,ST82038J,1800,12,8,2611,19,0,0,0,0,0,0,SMD-E,150,Y,,,0,0,1858
SEAGATE,ST82105K,1850,13,8,2611,16,0,2611,2,0,0,0,IPI2,80,Y,,,0,0,1859
SEAGATE,ST82272J,1950,13,8,2611,19,0,0,0,0,0,0,SMD-E,150,Y,,,0,0,1860
SEAGATE,ST82368K,2050,13,8,2611,18,0,2611,2,0,0,0,IPI2,64,Y,,,0,0,1861
SEAGATE,ST82500J,2140,13,8,2611,19,0,0,0,0,0,0,SMD-O/E,150,Y,,,0,0,1862
SEAGATE,ST82500K,2140,13,8,2611,19,0,0,0,0,0,0,IPI2,150,Y,,,0,0,1863
SEAGATE,ST82500N,2140,13,8,2611,19,0,0,0,0,0,0,SCSI,150,Y,,,0,0,1864
SEAGATE,ST83050,2650,12,8,1655,18,0,0,0,0,0,0,IPI2,150,Y,,,0,0,1865
SEAGATE,ST83220,2800,12,8,1655,19,0,0,0,0,0,0,IPI2,150,Y,,,0,0,1866
SEAGATE,ST8368J,368,18,8,1217,10,0,0,0,0,0,0,SMD-E,30,Y,,,0,0,1867
SEAGATE,ST8368N,316,18,8,1217,10,0,0,0,0,0,0,SCSI,30,Y,,,0,0,1868
SEAGATE,ST8500J,500,18,8,1217,10,0,0,0,0,0,0,SMD-E,30,Y,,,0,0,1869
SEAGATE,ST8500N,378,18,8,1217,10,0,0,0,0,0,0,SCSI,30,Y,,,0,0,1870
SEAGATE,ST8741J,736,15,8,1635,15,0,0,0,0,0,0,SMD-E,50,Y,,,0,0,1871
SEAGATE,ST8741N,637,15,8,1635,15,0,0,0,0,0,0,SCSI,50,Y,,,0,0,1872
SEAGATE,ST8851J,727,15,8,1381,15,0,0,0,0,0,0,SMD-O/E,100,Y,,,0,0,1873
SEAGATE,ST8851K,727,15,8,1381,15,0,0,0,0,0,0,IPI2,100,Y,,,0,0,1874
SEAGATE,ST8851N,727,15,8,1381,15,0,0,0,0,0,0,SCSI,100,Y,,,0,0,1875
SEAGATE,ST9025A,21,20,2.5,654,2,32,0,0,0,0,0,IDE,150,Y,,,41856,20,1876
SEAGATE,ST9051A,42,19,2.5,654,4,32,0,0,0,0,0,AT,150,,,,0,0,1877
SEAGATE,ST9052A,42,16,2.5,1024,16,0,0,0,0,0,0,AT,150,,,,0,0,1878
SEAGATE,ST9077A,64,16,2.5,1024,16,0,0,0,0,0,0,AT,150,,,,0,0,1879
SEAGATE,ST9096A,85,16,3.5,1024,16,0,980,10,17,0,0,AT,150,,,,0,0,1880
SEAGATE,ST9096N,85,16,2.5,0,0,0,0,0,0,0,0,SCSI2,150,,,,0,0,1881
SEAGATE,ST9144A,127,16,2.5,1024,16,0,0,0,0,0,0,AT,150,,,,0,0,1882
SEAGATE,ST9144N,127,16,2.5,0,0,0,0,0,0,0,0,SCSI2,150,,,,0,0,1883
SHUGART,SA 604,0,0,,160,4,17,0,0,0,128,0,MFM,0,,,,10880,5,1884
SHUGART,SA 606,0,0,,160,6,17,0,0,0,128,0,MFM,0,,,,16320,8,1885
SHUGART,SA 607,0,0,,306,2,17,0,0,0,128,0,MFM,0,,,,10404,5,1886
SHUGART,SA 612,0,0,,311,4,17,0,0,0,128,0,MFM,0,,,,21148,10,1887
SHUGART,SA 706,0,0,,306,2,17,0,0,0,128,0,MFM,0,,,,10404,5,1888
SHUGART,SA 712,0,0,,306,4,17,0,0,0,128,0,MFM,0,,,,20808,10,1889
SHUGART,SA724,20,0,5,640,4,17,0,0,0,255,0,MFM,0,,,,43520,21,1890
SIEMENS,1200,0,25,5.25,1216,8,0,0,0,0,0,0,ESDI,0,,,,0,0,1891
SIEMENS,1300,0,25,5.25,1216,12,0,0,0,0,0,0,ESDI,0,,,,0,0,1892
SIEMENS,2200,0,25,,1216,8,0,0,0,0,0,0,ESDI,0,,,,0,0,1893
SIEMENS,2300,0,25,,1216,12,0,0,0,0,0,0,ESDI,0,,,,0,0,1894
SIEMENS,4410,322,0,,0,0,0,0,0,0,0,0,ESDI,0,,,,0,0,1895
SIEMENS,4420,322,0,5,0,0,0,0,0,0,0,0,SCSI,0,,,,0,0,1896
SIEMENS,5710,0,16,,0,15,0,0,0,0,0,0,ESDI,0,,,,0,0,1897
SIEMENS,5720,0,16,,0,15,0,0,0,0,0,0,SCSI,0,,,,0,0,1898
SIEMENS,5810,688,0,5,0,0,0,0,0,0,0,0,ESDI,0,,,,0,0,1899
SIEMENS,5820,688,0,5,0,0,0,0,0,0,0,0,SCSI,0,,,,0,0,1900
SIEMENS,6200,1200,14,5.25,0,0,0,0,0,0,0,0,SCSI,99,Y,,,0,0,1901
SIEMENS,7520,655,16,5.25,0,15,0,0,0,0,0,0,SCSI,0,,,,0,0,1902
SONY,SRD 2040Z,40,28,3H,0,0,0,0,0,0,,0,SCSI,0,N,,,0,0,1903
STORAGE DIMENSI,AT1000S,1000,15,5.25,0,15,0,0,0,0,0,0,SCSI,100,,,,0,0,1904
STORAGE DIMENSI,AT100R,109,0,,1024,8,26,0,0,0,0,0,RLL,0,,,,212992,104,1905
STORAGE DIMENSI,AT100S,105,19,3.5,0,3,0,0,0,0,0,0,SCSI,150,Y,,,0,0,1906
STORAGE DIMENSI,AT120,119,27,,918,15,17,0,0,0,,917,MFM,0,N,,,234090,114,1907
STORAGE DIMENSI,AT133,134,0,,1024,15,0,0,0,0,17,0,MFM,0,,,,0,0,1908
STORAGE DIMENSI,AT155E,156,14,,1224,7,36,0,0,0,,1223,ESDI,0,N,,,308448,151,1909
STORAGE DIMENSI,AT155S,156,14,,0,0,0,0,0,0,0,0,SCSI,0,N,,,0,0,1910
STORAGE DIMENSI,AT160,158,28,,1224,15,17,0,0,0,,1223,MFM,0,N,,,312120,152,1911
STORAGE DIMENSI,AT200R,204,0,,1024,15,26,0,0,0,0,0,RLL,0,,,,399360,195,1912
STORAGE DIMENSI,AT200S,204,15,3.5,0,7,0,0,0,0,0,0,SCSI,150,Y,,,0,0,1913
STORAGE DIMENSI,AT320S,327,16,,1224,15,35,0,0,0,,1223,SCSI,0,N,,,642600,314,1914
STORAGE DIMENSI,AT335E,336,16,,1224,15,36,0,0,0,,1223,ESDI,0,N,,,660960,323,1915
STORAGE DIMENSI,AT40,43,0,,1024,5,17,0,0,0,0,0,MFM,0,,,,87040,42,1916
STORAGE DIMENSI,AT650E,651,17,,1632,15,52,0,0,0,,1631,ESDI,0,N,,,1272960,622,1917
STORAGE DIMENSI,AT650S,651,17,,0,0,0,0,0,0,0,0,SCSI,0,N,,,0,0,1918
STORAGE DIMENSI,AT70,71,0,,1024,8,17,0,0,0,0,0,MFM,0,,,,139264,68,1919
STORAGE DIMENSI,MAC195,195,15,3.5,0,7,0,0,0,0,0,0,SCSI,150,,,,0,0,1920
STORAGE DIMENSI,PS155E,156,14,5.25,1224,9,36,0,0,0,0,0,ESDI,0,Y,,,396576,194,1921
STORAGE DIMENSI,PS155S,156,14,5.25,1224,9,36,0,0,0,0,0,SCSI,0,Y,,,396576,194,1922
STORAGE DIMENSI,PS335E,338,16,5.25,1224,15,36,0,0,0,0,0,ESDI,0,Y,,,660960,323,1923
STORAGE DIMENSI,PS650S,651,16,5.25,1632,15,54,0,0,0,0,0,SCSI,0,Y,,,1321920,645,1924
SYQUEST,SQ306R,0,0,,306,2,17,0,0,0,0,0,MFM,0,,,,10404,5,1925
SYQUEST,SQ306RD,10,0,,306,2,35,0,0,0,0,0,SCSI,0,,,,21420,10,1926
SYQUEST,SQ306RD,0,0,,306,4,17,0,0,0,0,0,MFM,0,,,,20808,10,1927
SYQUEST,SQ312RD,21,0,,612,2,35,0,0,0,0,0,SCSI,0,,,,42840,21,1928
SYQUEST,SQ315F,0,0,,612,4,17,0,0,0,0,0,MFM,0,,,,41616,20,1929
SYQUEST,SQ319,0,0,,612,2,17,0,0,0,0,0,MFM,0,,,,20808,10,1930
SYQUEST,SQ319R,0,0,,615,4,0,0,0,0,0,0,,0,,,,0,0,1931
SYQUEST,SQ325F,42,0,,612,4,35,0,0,0,0,0,SCSI,0,,,,85680,42,1932
SYQUEST,SQ338F,63,0,,612,6,35,0,0,0,0,0,SCSI,0,,,,128520,63,1933
SYQUEST,SQ338F,0,0,,615,6,17,0,0,0,0,0,MFM,0,,,,62730,31,1934
SYQUEST,SQ340AF,0,0,,640,6,17,0,0,0,0,0,MFM,0,,,,65280,32,1935
TANDON,TAN501,5,85,5F,306,2,17,0,0,0,128,305,MFM,0,N,,,10404,5,1936
TANDON,TAN502,10,85,5F,306,4,17,0,0,0,128,305,MFM,0,N,,,20808,10,1937
TANDON,TAN503,15,85,5F,306,6,17,0,0,0,128,305,MFM,0,N,,,31212,15,1938
TANDON,TM 2085,0,25,,1004,9,0,0,0,0,0,0,SCSI,0,,,,0,0,1939
TANDON,TM 2128,0,25,,1004,9,0,0,0,0,0,0,SCSI,0,,,,0,0,1940
TANDON,TM 2170,0,25,,1344,9,0,0,0,0,0,0,SCSI,0,,,,0,0,1941
TANDON,TM 244,0,37,,782,4,26,0,0,0,0,0,RLL,0,,,,81328,40,1942
TANDON,TM 246,0,37,,782,6,26,0,0,0,0,0,RLL,0,,,,121992,60,1943
TANDON,TM 251,0,0,,306,2,0,0,0,0,0,0,MFM,0,,,,0,0,1944
TANDON,TM 252,10,85,5H,306,4,17,0,0,0,128,305,MFM,0,N,,,20808,10,1945
TANDON,TM 261,0,0,,612,2,17,0,0,0,0,0,MFM,0,,,,20808,10,1946
TANDON,TM 262,21,80,5H,615,4,17,0,0,0,,614,MFM,0,N,,,41820,20,1947
TANDON,TM 262R,20,85,3H,782,2,26,0,0,0,,781,RLL,0,N,,,40664,20,1948
TANDON,TM 264,41,85,3H,782,4,26,0,0,0,,781,RLL,0,N,,,81328,40,1949
TANDON,TM 270,71,0,5.25,1024,8,17,0,0,0,0,0,MFM,0,,,,139264,68,1950
TANDON,TM 3085,71,25,5F,1024,8,17,0,0,0,,1023,MFM,0,J,,,139264,68,1951
TANDON,TM 3085R,104,37,5.25,1024,8,26,0,0,0,0,0,RLL,0,,,,212992,104,1952
TANDON,TM 344,0,37,3.5,782,4,26,0,0,0,0,0,RLL,0,,,,81328,40,1953
TANDON,TM 346,0,37,3.5,782,6,26,0,0,0,0,0,RLL,0,,,,121992,60,1954
TANDON,TM 353,0,0,,306,4,17,0,0,0,0,0,MFM,0,,,,20808,10,1955
TANDON,TM 361,0,0,,612,2,17,0,0,0,0,0,MFM,0,,,,20808,10,1956
TANDON,TM 362,21,80,3H,615,4,17,0,0,0,,614,MFM,0,N,,,41820,20,1957
TANDON,TM 362R,0,85,3.5,782,2,26,0,0,0,0,0,RLL,0,,,,40664,20,1958
TANDON,TM 364,0,85,3.5,782,4,26,0,0,0,0,0,RLL,0,,,,81328,40,1959
TANDON,TM 501,0,0,,306,2,17,0,0,0,153,0,MFM,0,,,,10404,5,1960
TANDON,TM 502,0,0,,306,4,17,0,0,0,153,0,MFM,0,,,,20808,10,1961
TANDON,TM 503,0,0,,306,6,17,0,0,0,153,0,MFM,0,,,,31212,15,1962
TANDON,TM 6025,0,0,,153,4,17,0,0,0,0,0,MFM,0,,,,10404,5,1963
TANDON,TM 602S,5,98,5F,153,4,17,0,0,0,,152,MFM,0,N,,,10404,5,1964
TANDON,TM 6035,0,0,,153,6,17,0,0,0,0,0,MFM,0,,,,15606,8,1965
TANDON,TM 6035E,0,0,,230,6,17,0,0,0,128,0,MFM,0,,,,23460,11,1966
TANDON,TM 603S,7,98,5F,153,6,17,0,0,0,,152,MFM,0,N,,,15606,8,1967
TANDON,TM 603SE,11,98,5F,230,6,17,0,0,0,,229,MFM,0,N,,,23460,11,1968
TANDON,TM 702AT,0,0,,615,4,26,0,0,0,0,0,RLL,0,,,,63960,31,1969
TANDON,TM 702AT,21,40,5F,615,4,17,0,0,0,300,614,MFM,0,J,,,41820,20,1970
TANDON,TM 703,30,45,5F,695,5,17,0,0,0,300,694,MFM,0,J,,,59075,29,1971
TANDON,TM 703AT,31,40,5F,733,5,17,0,0,0,300,732,MFM,0,J,,,62305,30,1972
TANDON,TM 703AT,0,0,,733,5,26,0,0,0,0,0,RLL,0,,,,95290,47,1973
TANDON,TM 705,41,39,5F,962,5,17,0,0,0,,961,MFM,0,J,,,81770,40,1974
TANDON,TM 755,42,35,5H,981,5,17,0,0,0,,980,MFM,0,J,,,83385,41,1975
TANDY,25-1045,28,0,,0,0,0,0,0,0,0,0,,0,,,,0,0,1976
TANDY,25-1046,43,28,3.5,782,4,27,0,0,0,0,0,IDE,40,,,,84456,41,1977
TANDY,25-4130,100,17,3.5,0,4,0,0,0,0,0,0,IDE,0,,,,0,0,1978
TEAC,SD-150,0,0,,306,4,17,0,0,0,0,0,MFM,0,,,,20808,10,1979
TEAC,SD-340,43,23,3,1050,2,40,0,0,0,,1049,SCSI,30,J,,,84000,41,1980
TEAC,SD-340A,43,23,3.5,1050,2,40,0,0,0,0,0,IDE,30,Y,,,84000,41,1981
TEAC,SD-380,86,0,3,1050,4,0,0,0,0,0,0,SCSI,0,,,,0,0,1982
TEAC,SD-380AT,86,22,3.5,1050,4,0,0,0,0,0,0,IDE,30,Y,,,0,0,1983
TEAC,SD-380S,86,22,3.5,1050,4,0,0,0,0,0,0,SCSI,30,Y,,,0,0,1984
TEAC,SD-510,0,0,,306,4,17,0,0,0,128,0,MFM,0,,,,20808,10,1985
TEAC,SD-520,0,0,,615,4,17,0,0,0,128,0,MFM,0,,,,41820,20,1986
TEXAS INSTRUMEN,ST506,5,0,5,153,4,17,0,0,0,64,0,MFM,0,,,,10404,5,1987
TEXAS INSTRUMEN,TI-5,5,0,5.25,153,4,17,0,0,0,0,0,MFM,0,,,,10404,5,1988
TOKICO,DK 503-2,0,0,,306,4,17,0,0,0,0,0,MFM,0,,,,20808,10,1989
TOSHIBA,MK-1034FC,107,16,3.5,0,0,0,0,0,0,0,0,IDE,0,Y,,,0,0,1990
TOSHIBA,MK-1122FC,43,23,2.5,0,0,0,0,0,0,0,0,IDE,0,Y,,,0,0,1991
TOSHIBA,MK-130,53,25,3.5,733,7,17,0,0,0,0,0,MFM,30,,,,87227,43,1992
TOSHIBA,MK-134,66,25,,0,0,26,0,0,0,0,0,RLL,0,,,,0,0,1993
TOSHIBA,MK-134FA,44,25,3H,733,7,17,0,0,0,512,732,MFM,0,N,,,87227,43,1994
TOSHIBA,MK-134FA(M),45,23,3.5,733,7,17,0,0,0,0,0,MFM,30,Y,,,87227,43,1995
TOSHIBA,MK-134FA(R),65,23,3.5,733,7,26,0,0,0,0,0,RLL,0,,,,133406,65,1996
TOSHIBA,MK-153FA,80,23,5,830,5,0,0,0,0,0,0,ESDI,30,,,,0,0,1997
TOSHIBA,MK-153FB,76,23,5,830,5,0,0,0,0,0,0,SCSI,30,,,,0,0,1998
TOSHIBA,MK-154FA,106,23,5,830,7,0,0,0,0,0,0,ESDI,30,,,,0,0,1999
TOSHIBA,MK-154FB,106,23,5,830,7,0,0,0,0,0,0,SCSI,30,,,,0,0,2000
TOSHIBA,MK-156FA,152,23,5,830,10,0,0,0,0,0,0,ESDI,30,,,,0,0,2001
TOSHIBA,MK-156FB,152,23,5,830,10,0,0,0,0,0,0,SCSI,30,,,,0,0,2002
TOSHIBA,MK-232FB,45,0,3,845,3,0,0,0,0,0,0,SCSI,0,,,,0,0,2003
TOSHIBA,MK-233FB,75,0,3,845,5,0,0,0,0,0,0,SCSI,0,,,,0,0,2004
TOSHIBA,MK-234FB,106,20,3,845,7,0,0,0,0,0,0,SCSI,30,+,,,0,0,2005
TOSHIBA,MK-234FC,106,20,3,845,7,0,0,0,0,0,0,AT,30,+,,,0,0,2006
TOSHIBA,MK-250F,0,18,5.25,1224,10,35,0,0,0,0,0,ESDI,0,,,,428400,209,2007
TOSHIBA,MK-250FA,382,18,5.25,1224,10,35,0,0,0,0,0,ESDI,30,Y,,,428400,209,2008
TOSHIBA,MK-250FB,382,18,5.25,1224,10,35,0,0,0,0,0,SCSI,30,Y,,,428400,209,2009
TOSHIBA,MK-3114C,45,23,3,733,7,17,0,0,0,0,0,MFM,0,,,,87227,43,2010
TOSHIBA,MK-355FA,405,16,5,1661,9,0,0,0,0,0,0,ESDI,30,,,,0,0,2011
TOSHIBA,MK-355FB,405,16,5,1661,9,0,0,0,0,0,0,SCSI2,30,,,,0,0,2012
TOSHIBA,MK-358FA,675,16,5,1661,15,0,0,0,0,0,0,ESDI,30,,,,0,0,2013
TOSHIBA,MK-358FB,675,16,5,1661,15,0,0,0,0,0,0,SCSI2,30,,,,0,0,2014
TOSHIBA,MK-53,36,0,,833,5,17,0,0,0,0,0,MFM,0,,,,70805,35,2015
TOSHIBA,MK-53FA(M),43,30,5.25,830,5,17,0,0,0,512,0,MFM,20,Y,,,70550,34,2016
TOSHIBA,MK-53FA(R),64,30,5.25,830,5,26,0,0,0,512,0,RLL,20,Y,,,107900,53,2017
TOSHIBA,MK-53FB(M),43,25,5.25,830,5,17,0,0,0,512,0,MFM,20,Y,,,70550,34,2018
TOSHIBA,MK-53FB(R),64,25,5.25,830,5,26,0,0,0,512,0,RLL,20,,,,107900,53,2019
TOSHIBA,MK-54,51,0,,833,7,17,0,0,0,0,0,MFM,0,,,,99127,48,2020
TOSHIBA,MK-54FA(M),60,30,5.25,830,7,17,0,0,0,512,0,MFM,20,Y,,,98770,48,2021
TOSHIBA,MK-54FA(R),90,25,5.25,830,7,26,0,0,0,512,0,RLL,20,Y,,,151060,74,2022
TOSHIBA,MK-54FB(M),60,25,5.25,830,7,17,0,0,0,0,0,MFM,20,Y,,,98770,48,2023
TOSHIBA,MK-54FB(R),90,25,5.25,830,7,26,0,0,0,512,0,RLL,20,Y,,,151060,74,2024
TOSHIBA,MK-56FA,73,0,,833,10,0,0,0,0,17,0,MFM,0,,,,0,0,2025
TOSHIBA,MK-56FA(M),86,30,5.25,830,10,17,0,0,0,512,0,MFM,20,Y,,,141100,69,2026
TOSHIBA,MK-56FA(R),129,30,5.25,830,10,26,0,0,0,512,0,RLL,20,Y,,,215800,105,2027
TOSHIBA,MK-56FB,70,25,5,830,10,17,0,0,0,0,0,MFM,20,,,,141100,69,2028
TOSHIBA,MK-56FB(M),86,25,5.25,830,10,17,0,0,0,512,0,MFM,20,Y,,,141100,69,2029
TOSHIBA,MK-56FB(R),129,25,5.25,830,10,26,0,0,0,512,0,RLL,20,Y,,,215800,105,2030
TOSHIBA,MK-72PC,72,25,3.5,0,0,17,0,0,0,0,0,MFM,0,,,,0,0,2031
TOSHIBA,MK-72PCR,110,28,,0,0,26,0,0,0,0,0,RLL,0,,,,0,0,2032
TULIN,TL 213,0,0,,612,2,17,0,0,0,0,0,MFM,0,,,,20808,10,2033
TULIN,TL 226,22,85,,640,4,17,0,0,0,0,0,MFM,0,,,,43520,21,2034
TULIN,TL 238,22,0,,640,4,17,0,0,0,0,0,MFM,0,,,,43520,21,2035
TULIN,TL 240,33,85,,640,6,17,0,0,0,0,0,MFM,0,,,,65280,32,2036
TULIN,TL 258,33,0,,640,6,17,0,0,0,0,0,MFM,0,,,,65280,32,2037
TULIN,TL 326,22,40,,640,4,17,0,0,0,0,0,MFM,0,,,,43520,21,2038
TULIN,TL 340,33,40,,640,6,17,0,0,0,0,0,MFM,0,,,,65280,32,2039
T. I.,,0,0,5.25,153,4,17,0,0,0,0,0,MFM,0,,,,10404,5,2040
VERTEX,V130,0,0,,987,3,17,0,0,0,0,0,MFM,0,,,,50337,25,2041
VERTEX,V150,0,0,,987,5,17,0,0,0,0,0,MFM,0,,,,83895,41,2042
VERTEX,V170,0,0,,987,7,17,0,0,0,0,0,MFM,0,,,,117453,57,2043
VERTEX,V185,0,0,,1166,7,17,0,0,0,0,0,MFM,0,,,,138754,68,2044
WESTERN DIGITAL,CONDOR,320,13,3.5,0,14,0,0,0,0,0,0,SCSI,150,,,,0,0,2045
WESTERN DIGITAL,HD 210,210,14,3.5,980,12,35,0,0,0,0,0,AT,0,,,,411600,201,2046
WESTERN DIGITAL,HD 85,85,18,3.5,980,10,17,0,0,0,0,0,AT,0,,,,166600,81,2047
WESTERN DIGITAL,PIRANHA 105A,104,15,3.5,0,4,0,0,0,0,0,0,IDE,50,,,,0,0,2048
WESTERN DIGITAL,PIRANHA 105S,104,15,3.5,0,4,0,0,0,0,0,0,SCSI,50,,,,0,0,2049
WESTERN DIGITAL,PIRANHA 210A,209,15,3.5,0,8,0,0,0,0,0,0,IDE,50,,,,0,0,2050
WESTERN DIGITAL,PIRANHA 210S,209,15,3.5,0,8,0,0,0,0,0,0,SCSI,50,,,,0,0,2051
WESTERN DIGITAL,WD 262,0,80,3.5,615,4,17,0,0,0,0,0,MFM,0,,,,41820,20,2052
WESTERN DIGITAL,WD 344R,0,40,3.5,782,4,26,0,0,0,0,0,RLL,0,,,,81328,40,2053
WESTERN DIGITAL,WD 362,0,80,3.5,615,4,17,0,0,0,0,0,MFM,0,,,,41820,20,2054
WESTERN DIGITAL,WD 382R,0,85,3.5,782,2,26,0,0,0,0,0,RLL,0,,,,40664,20,2055
WESTERN DIGITAL,WD 383R,0,85,3.5,615,4,26,0,0,0,0,0,RLL,0,,,,63960,31,2056
WESTERN DIGITAL,WD 384R,0,85,3.5,782,4,26,0,0,0,0,0,RLL,0,,,,81328,40,2057
WESTERN DIGITAL,WD 544R,0,40,3.5,782,4,26,0,0,0,0,0,RLL,0,,,,81328,40,2058
WESTERN DIGITAL,WD 562-5,20,80,3.5,615,4,17,0,0,0,0,0,MFM,0,,,,41820,20,2059
WESTERN DIGITAL,WD 582R,0,85,3.5,782,2,26,0,0,0,0,0,RLL,0,,,,40664,20,2060
WESTERN DIGITAL,WD 583R,0,85,3.5,615,4,26,0,0,0,0,0,RLL,0,,,,63960,31,2061
WESTERN DIGITAL,WD 584R,0,85,3.5,782,4,26,0,0,0,0,0,RLL,0,,,,81328,40,2062
WESTERN DIGITAL,WD 93024 A,20,29,3H,782,2,27,0,0,0,,781,AT-BUS,30,N,,,42228,21,2063
WESTERN DIGITAL,WD 93024-X,21,39,3.5,0,0,0,0,0,0,0,0,IDE,50,,,,0,0,2064
WESTERN DIGITAL,WD 93028 A,20,70,3H,782,2,27,0,0,0,,781,AT-BUS,30,N,,,42228,21,2065
WESTERN DIGITAL,WD 93028 X,20,70,3H,782,2,27,0,0,0,65635,781,XT,20,N,,,42228,21,2066
WESTERN DIGITAL,WD 93034-X,32,39,3.5,0,0,0,0,0,0,0,0,IDE,50,,,,0,0,2067
WESTERN DIGITAL,WD 93038 X,32,70,3H,782,3,27,0,0,0,,781,XT,20,N,,,63342,31,2068
WESTERN DIGITAL,WD 93044 A,40,29,3H,782,4,27,0,0,0,,781,AT-BUS,30,N,,,84456,41,2069
WESTERN DIGITAL,WD 93044-X,43,28,3.5,782,4,27,0,0,0,0,0,IDE,40,,,,84456,41,2070
WESTERN DIGITAL,WD 93048 A,40,70,3H,782,4,27,0,0,0,,781,AT-BUS,30,N,,,84456,41,2071
WESTERN DIGITAL,WD 93048 X,40,70,3H,782,4,27,0,0,0,,781,XT,20,N,,,84456,41,2072
WESTERN DIGITAL,WD 95024 A,20,29,3H,782,2,27,0,0,0,,781,AT-BUS,30,N,,,42228,21,2073
WESTERN DIGITAL,WD 95024-X,21,39,5.25,0,0,0,0,0,0,0,0,IDE,50,,,,0,0,2074
WESTERN DIGITAL,WD 95028 A,40,70,3H,782,4,27,0,0,0,,781,AT-BUS,30,N,,,84456,41,2075
WESTERN DIGITAL,WD 95028 X,20,70,3H,782,2,27,0,0,0,,781,XT,20,N,,,42228,21,2076
WESTERN DIGITAL,WD 95028-A,20,70,5.25,782,2,27,0,0,0,0,0,IDE,0,,,,42228,21,2077
WESTERN DIGITAL,WD 95028-AD,20,69,5.25,0,0,0,0,0,0,0,0,IDE,0,,,,0,0,2078
WESTERN DIGITAL,WD 95028-X,20,70,5.25,782,2,27,0,0,0,0,0,IDE,0,,,,42228,21,2079
WESTERN DIGITAL,WD 95034-X,30,39,5.25,0,0,0,0,0,0,0,0,IDE,50,,,,0,0,2080
WESTERN DIGITAL,WD 95038 X,32,70,3H,782,3,27,0,0,0,,781,XT,20,N,,,63342,31,2081
WESTERN DIGITAL,WD 95038-X,30,70,5.25,782,3,27,0,0,0,0,0,IDE,0,,,,63342,31,2082
WESTERN DIGITAL,WD 95044 A,40,29,3H,782,4,27,0,0,0,,781,AT-BUS,30,N,,,84456,41,2083
WESTERN DIGITAL,WD 95044-A,40,28,5.25,0,0,27,0,0,0,0,0,IDE,0,,,,0,0,2084
WESTERN DIGITAL,WD 95044-X,40,39,5.25,0,0,0,0,0,0,0,0,IDE,50,,,,0,0,2085
WESTERN DIGITAL,WD 95048 A,40,70,3H,782,4,27,0,0,0,,781,AT-BUS,30,N,,,84456,41,2086
WESTERN DIGITAL,WD 95048 X,40,70,3H,782,4,27,0,0,0,,781,XT,20,N,,,84456,41,2087
WESTERN DIGITAL,WD 95048-A,40,70,5.25,782,4,27,0,0,0,0,0,IDE,0,,,,84456,41,2088
WESTERN DIGITAL,WD 95048-AD,40,69,5.25,782,4,27,0,0,0,0,0,IDE,0,,,,84456,41,2089
WESTERN DIGITAL,WD 95048-X,40,70,5.25,782,4,27,0,0,0,0,0,IDE,0,,,,84456,41,2090
WESTERN DIGITAL,WD PS25/20i,20,85,3H,615,4,0,0,0,0,0,614,,15,N,,,0,0,2091
WESTERN DIGITAL,WDAC140,42,18,3.5,1082,2,39,0,0,0,0,0,IDE,50,Y,,,84396,41,2092
WESTERN DIGITAL,WDAC280,85,18,3.5,1082,4,39,0,0,0,0,0,IDE,50,Y,,,168792,82,2093
WESTERN DIGITAL,WDAP2100,100,16,3.5,0,0,0,0,0,0,0,0,IDE,50,Y,,,0,0,2094
WESTERN DIGITAL,WDAP4200,212,13,3.5,987,12,35,0,0,0,0,0,IDE,50,Y,,,414540,202,2095
WESTERN DIGITAL,WDSC8400,400,12,3.5,0,0,0,0,0,0,0,0,SCSI2,150,Y,,,0,0,2096
WESTERN DIGITAL,WDSP2100,104,15,3.5,0,0,0,0,0,0,0,0,SCSI2,50,Y,,,0,0,2097
WESTERN DIGITAL,WDSP4200,208,15,3.5,0,0,0,0,0,0,0,0,SCSI2,50,Y,,,0,0,2098
WESTERN DIGITAL,WD-SC8320,320,13,5,951,14,48,0,0,0,0,0,SCSI 2,150,+,,,639072,312,2099
WESTERN DYNEX,WD 505,0,0,,310,2,17,0,0,0,0,0,MFM,0,,,,10540,5,2100
XEBEC,OWL 1,0,55,5.25,0,4,17,0,0,0,0,0,MFM,0,,,,0,0,2101
XEBEC,OWL 2,0,40,5.25,0,4,17,0,0,0,0,0,MFM,0,,,,0,0,2102
XEBEC,OWL 3,0,38,5.25,0,4,17,0,0,0,0,0,MFM,0,,,,0,0,2103
